mtllib link_11.mtl
v 0.0371999973 0.00129999394 0.0127000136
v 0.0369999976 0.00109999393 0.0126000137
v 0.0371999973 0.00129999394 0.0107000142
v 0.036899996 0.00109999393 0.0133000135
v 0.0369999976 0.00109999393 0.0126000137
v 0.0371999973 0.00129999394 0.0127000136
v 0.0371999973 0.00129999394 0.0134000133
v 0.036899996 0.00109999393 0.0133000135
v 0.0371999973 0.00129999394 0.0127000136
v 0.036899996 0.00109999393 0.0133000135
v 0.0363999987 0.000899993924 0.0133000135
v 0.0369999976 0.00109999393 0.0126000137
v 0.0363999987 0.000899993924 0.0133000135
v 0.0364999966 0.000899993924 0.0126000137
v 0.0369999976 0.00109999393 0.0126000137
v 0.0369999976 0.00109999393 0.0126000137
v 0.0364999966 0.000899993924 0.0126000137
v 0.0369999976 0.00109999393 0.0107000142
v 0.0364999966 0.000899993924 0.0126000137
v 0.0364999966 0.000899993924 0.0107000142
v 0.0369999976 0.00109999393 0.0107000142
v -0.0371000013 0.00129999394 0.0106000134
v -0.0371000013 0.00129999394 -0.00959998674
v -0.0369000016 0.00109999393 -0.00949998598
v -0.0371000013 0.00129999394 0.0106000134
v -0.0369000016 0.00109999393 -0.00949998598
v -0.0369000016 0.00109999393 0.0105000136
v 0.032399998 0.000899993924 -0.00959998674
v -0.000900002816 0.00079999392 0.000100013713
v -0.0311000022 0.000899993924 -0.00949998598
v 0.032399998 0.000899993924 0.0106000134
v 0.00119999723 0.00079999392 0.00070001369
v -0.000900002816 0.00079999392 0.000100013713
v -0.0311000022 0.000899993924 0.0105000136
v -0.0311000022 0.000899993924 -0.00949998598
v 0.00119999723 0.00079999392 0.00070001369
v 0.032399998 0.000899993924 0.0106000134
v 0.0344999963 0.000899993924 0.0126000137
v 0.0344999963 0.000899993924 0.0106000134
v 0.0349999973 0.000899993924 0.0106000134
v 0.0349999973 0.000899993924 0.0126000137
v 0.0344999963 0.000899993924 0.0126000137
v 0.0349999973 0.000899993924 0.0106000134
v 0.0344999963 0.000899993924 0.0133000135
v 0.0344999963 0.000899993924 0.0126000137
v 0.0349999973 0.000899993924 0.0126000137
v 0.0344999963 0.000899993924 0.0133000135
v 0.0349999973 0.000899993924 0.0126000137
v 0.0349999973 0.000899993924 0.0133000135
v 0.0344999963 0.000899993924 0.0133000135
v 0.032399998 0.000899993924 0.0133000135
v 0.0344999963 0.000899993924 0.0126000137
v 0.032399998 0.000899993924 0.0133000135
v 0.032399998 0.000899993924 0.0125000139
v 0.0344999963 0.000899993924 0.0126000137
v 0.0344999963 0.000899993924 0.0126000137
v 0.032399998 0.000899993924 0.0125000139
v 0.0344999963 0.000899993924 0.0106000134
v 0.032399998 0.000899993924 0.0125000139
v 0.032399998 0.000899993924 0.0106000134
v 0.0344999963 0.000899993924 0.0106000134
v 0.032399998 0.000899993924 0.0125000139
v -0.0311000022 0.000899993924 0.0124000141
v -0.0311000022 0.000899993924 0.0105000136
v 0.032399998 0.000899993924 0.0125000139
v -0.0311000022 0.000899993924 0.0105000136
v 0.032399998 0.000899993924 0.0106000134
v -0.0364000043 0.000899993924 0.0105000136
v -0.0364000043 0.000899993924 -0.00949998598
v -0.0357000037 0.000899993924 -0.00949998598
v -0.0364000043 0.000899993924 0.0105000136
v -0.0357000037 0.000899993924 -0.00949998598
v -0.0357000037 0.000899993924 0.0105000136
v 0.035799996 0.000899993924 0.0126000137
v 0.035799996 0.000899993924 0.0106000134
v 0.0364999966 0.000899993924 0.0107000142
v 0.0364999966 0.000899993924 0.0126000137
v 0.035799996 0.000899993924 0.0126000137
v 0.0364999966 0.000899993924 0.0107000142
v 0.035699998 0.000899993924 0.0133000135
v 0.035799996 0.000899993924 0.0126000137
v 0.0364999966 0.000899993924 0.0126000137
v 0.0363999987 0.000899993924 0.0133000135
v 0.035699998 0.000899993924 0.0133000135
v 0.0364999966 0.000899993924 0.0126000137
v 0.0349999973 0.000899993924 0.0133000135
v 0.035799996 0.000899993924 0.0126000137
v 0.035699998 0.000899993924 0.0133000135
v 0.0349999973 0.000899993924 0.0133000135
v 0.0349999973 0.000899993924 0.0126000137
v 0.035799996 0.000899993924 0.0126000137
v 0.035799996 0.000899993924 0.0126000137
v 0.0349999973 0.000899993924 0.0126000137
v 0.035799996 0.000899993924 0.0106000134
v 0.0349999973 0.000899993924 0.0126000137
v 0.0349999973 0.000899993924 0.0106000134
v 0.035799996 0.000899993924 0.0106000134
v -0.0341000026 0.000899993924 0.0105000136
v -0.0349000013 0.000899993924 -0.00949998598
v -0.0341000026 0.000899993924 -0.00949998598
v -0.0341000026 0.000899993924 0.0105000136
v -0.0349000013 0.000899993924 0.0105000136
v -0.0349000013 0.000899993924 -0.00949998598
v 0.032499996 0.00129999394 -0.0139999867
v -0.031200002 0.00129999394 -0.0137999861
v -0.031200002 0.00169999396 -0.013899986
v 0.032499996 0.00169999396 -0.0140999865
v 0.032499996 0.00129999394 -0.0139999867
v -0.031200002 0.00169999396 -0.013899986
v 0.032499996 0.00169999396 0.0156000133
v -0.031200002 0.00209999386 0.0155000135
v -0.031200002 0.00169999396 0.0155000135
v 0.032499996 0.00169999396 0.0156000133
v 0.032499996 0.00209999386 0.0156000133
v -0.031200002 0.00209999386 0.0155000135
v 0.032399998 0.00109999393 -0.0136999863
v 0.032499996 0.00129999394 -0.0139999867
v 0.0344999963 0.00109999393 -0.0136999863
v 0.0344999963 0.00109999393 -0.0136999863
v 0.032499996 0.00129999394 -0.0139999867
v 0.034599998 0.00129999394 -0.0139999867
v 0.035099999 0.00109999393 -0.0136999863
v 0.0344999963 0.00109999393 -0.0136999863
v 0.034599998 0.00129999394 -0.0139999867
v 0.035099999 0.00109999393 -0.0136999863
v 0.034599998 0.00129999394 -0.0139999867
v 0.035099999 0.00129999394 -0.013899986
v 0.0349999973 0.000899993924 -0.0131999862
v 0.0344999963 0.00109999393 -0.0136999863
v 0.035099999 0.00109999393 -0.0136999863
v 0.0349999973 0.000899993924 -0.0131999862
v 0.0344999963 0.000899993924 -0.013299986
v 0.0344999963 0.00109999393 -0.0136999863
v 0.0344999963 0.000899993924 -0.013299986
v 0.032399998 0.00109999393 -0.0136999863
v 0.0344999963 0.00109999393 -0.0136999863
v 0.032399998 0.000899993924 -0.013299986
v 0.032399998 0.00109999393 -0.0136999863
v 0.0344999963 0.000899993924 -0.013299986
v 0.032499996 0.00129999394 0.0155000135
v -0.031200002 0.00129999394 0.0154000136
v -0.0311000022 0.00109999393 0.0151000141
v 0.032499996 0.00129999394 0.0155000135
v -0.0311000022 0.00109999393 0.0151000141
v 0.032399998 0.00109999393 0.0153000138
v 0.032399998 0.000899993924 -0.0124999865
v 0.032399998 0.000899993924 -0.013299986
v 0.0344999963 0.000899993924 -0.0124999865
v 0.0344999963 0.000899993924 -0.0124999865
v 0.032399998 0.000899993924 -0.013299986
v 0.0344999963 0.000899993924 -0.013299986
v 0.0349999973 0.000899993924 -0.0124999865
v 0.0344999963 0.000899993924 -0.0124999865
v 0.0344999963 0.000899993924 -0.013299986
v 0.0349999973 0.000899993924 -0.0124999865
v 0.0344999963 0.000899993924 -0.013299986
v 0.0349999973 0.000899993924 -0.0131999862
v 0.0349999973 0.000899993924 -0.0117999867
v 0.0344999963 0.000899993924 -0.0124999865
v 0.0349999973 0.000899993924 -0.0124999865
v 0.0349999973 0.000899993924 -0.0117999867
v 0.0344999963 0.000899993924 -0.0117999867
v 0.0344999963 0.000899993924 -0.0124999865
v 0.0344999963 0.000899993924 -0.0117999867
v 0.032399998 0.000899993924 -0.0124999865
v 0.0344999963 0.000899993924 -0.0124999865
v 0.032399998 0.000899993924 -0.0117999867
v 0.032399998 0.000899993924 -0.0124999865
v 0.0344999963 0.000899993924 -0.0117999867
v 0.032399998 0.000899993924 -0.0113999865
v 0.032399998 0.000899993924 -0.0117999867
v 0.0344999963 0.000899993924 -0.0113999865
v 0.0344999963 0.000899993924 -0.0113999865
v 0.032399998 0.000899993924 -0.0117999867
v 0.0344999963 0.000899993924 -0.0117999867
v 0.0344999963 0.000899993924 -0.0113999865
v 0.0344999963 0.000899993924 -0.0117999867
v 0.0349999973 0.000899993924 -0.0113999865
v 0.0349999973 0.000899993924 -0.0113999865
v 0.0344999963 0.000899993924 -0.0117999867
v 0.0349999973 0.000899993924 -0.0117999867
v 0.0349999973 0.000899993924 -0.00959998674
v 0.0344999963 0.000899993924 -0.0113999865
v 0.0349999973 0.000899993924 -0.0113999865
v 0.0344999963 0.000899993924 -0.00959998674
v 0.0344999963 0.000899993924 -0.0113999865
v 0.0349999973 0.000899993924 -0.00959998674
v 0.0344999963 0.000899993924 -0.00959998674
v 0.032399998 0.000899993924 -0.0113999865
v 0.0344999963 0.000899993924 -0.0113999865
v 0.032399998 0.000899993924 -0.00959998674
v 0.032399998 0.000899993924 -0.0113999865
v 0.0344999963 0.000899993924 -0.00959998674
v 0.0344999963 0.000899993924 0.014100014
v 0.032399998 0.000899993924 0.014100014
v 0.032399998 0.000899993924 0.0133000135
v 0.0344999963 0.000899993924 0.014100014
v 0.032399998 0.000899993924 0.0133000135
v 0.0344999963 0.000899993924 0.0133000135
v 0.0344999963 0.000899993924 0.014100014
v 0.0344999963 0.000899993924 0.0133000135
v 0.0349999973 0.000899993924 0.014100014
v 0.0349999973 0.000899993924 0.014100014
v 0.0344999963 0.000899993924 0.0133000135
v 0.0349999973 0.000899993924 0.0133000135
v 0.0349999973 0.000899993924 0.0147000139
v 0.0344999963 0.000899993924 0.014100014
v 0.0349999973 0.000899993924 0.014100014
v 0.0344999963 0.000899993924 0.0148000137
v 0.0344999963 0.000899993924 0.014100014
v 0.0349999973 0.000899993924 0.0147000139
v 0.0344999963 0.000899993924 0.0148000137
v 0.032399998 0.000899993924 0.014100014
v 0.0344999963 0.000899993924 0.014100014
v 0.0344999963 0.000899993924 0.0148000137
v 0.032399998 0.000899993924 0.0148000137
v 0.032399998 0.000899993924 0.014100014
v 0.032399998 0.000899993924 0.0133000135
v -0.0311000022 0.000899993924 0.0131000138
v -0.0311000022 0.000899993924 0.0124000141
v 0.032399998 0.000899993924 0.0133000135
v -0.0311000022 0.000899993924 0.0124000141
v 0.032399998 0.000899993924 0.0125000139
v -0.031200002 0.00129999394 -0.0137999861
v -0.0343000023 0.00169999396 -0.013899986
v -0.031200002 0.00169999396 -0.013899986
v -0.031200002 0.00129999394 -0.0137999861
v -0.0342000043 0.00129999394 -0.0137999861
v -0.0343000023 0.00169999396 -0.013899986
v -0.0342000043 0.00129999394 -0.0137999861
v -0.035000003 0.00169999396 -0.0137999861
v -0.0343000023 0.00169999396 -0.013899986
v -0.0342000043 0.00129999394 -0.0137999861
v -0.035000003 0.00129999394 -0.0137999861
v -0.035000003 0.00169999396 -0.0137999861
v -0.0343000023 0.00169999396 -0.013899986
v -0.035000003 0.00169999396 -0.0137999861
v -0.035000003 0.00209999386 -0.0137999861
v -0.0343000023 0.00169999396 -0.013899986
v -0.035000003 0.00209999386 -0.0137999861
v -0.0343000023 0.00209999386 -0.013899986
v -0.031200002 0.00169999396 -0.013899986
v -0.0343000023 0.00169999396 -0.013899986
v -0.0343000023 0.00209999386 -0.013899986
v -0.031200002 0.00169999396 -0.013899986
v -0.0343000023 0.00209999386 -0.013899986
v -0.031200002 0.00209999386 -0.013899986
v -0.031200002 0.00169999396 0.0155000135
v -0.031200002 0.00209999386 0.0155000135
v -0.0343000023 0.00169999396 0.0154000136
v -0.031200002 0.00209999386 0.0155000135
v -0.0343000023 0.00209999386 0.0154000136
v -0.0343000023 0.00169999396 0.0154000136
v -0.0343000023 0.00169999396 0.0154000136
v -0.0343000023 0.00209999386 0.0154000136
v -0.035000003 0.00169999396 0.0154000136
v -0.0343000023 0.00209999386 0.0154000136
v -0.035000003 0.00209999386 0.0154000136
v -0.035000003 0.00169999396 0.0154000136
v -0.0343000023 0.00169999396 0.0154000136
v -0.035000003 0.00169999396 0.0154000136
v -0.035000003 0.00129999394 0.0153000138
v -0.0342000043 0.00129999394 0.0154000136
v -0.0343000023 0.00169999396 0.0154000136
v -0.035000003 0.00129999394 0.0153000138
v -0.031200002 0.00169999396 0.0155000135
v -0.0343000023 0.00169999396 0.0154000136
v -0.0342000043 0.00129999394 0.0154000136
v -0.031200002 0.00129999394 0.0154000136
v -0.031200002 0.00169999396 0.0155000135
v -0.0342000043 0.00129999394 0.0154000136
v -0.0311000022 0.000899993924 0.0146000141
v -0.0341000026 0.000899993924 0.0139000134
v -0.0311000022 0.000899993924 0.0139000134
v -0.0311000022 0.000899993924 0.0146000141
v -0.0342000043 0.000899993924 0.0146000141
v -0.0341000026 0.000899993924 0.0139000134
v -0.0342000043 0.000899993924 0.0146000141
v -0.0349000013 0.000899993924 0.0139000134
v -0.0341000026 0.000899993924 0.0139000134
v -0.0342000043 0.000899993924 0.0146000141
v -0.0349000013 0.000899993924 0.0146000141
v -0.0349000013 0.000899993924 0.0139000134
v -0.0341000026 0.000899993924 0.0139000134
v -0.0349000013 0.000899993924 0.0139000134
v -0.0349000013 0.000899993924 0.0131000138
v -0.0341000026 0.000899993924 0.0139000134
v -0.0349000013 0.000899993924 0.0131000138
v -0.0341000026 0.000899993924 0.0131000138
v -0.0311000022 0.000899993924 0.0139000134
v -0.0341000026 0.000899993924 0.0139000134
v -0.0341000026 0.000899993924 0.0131000138
v -0.0311000022 0.000899993924 0.0139000134
v -0.0341000026 0.000899993924 0.0131000138
v -0.0311000022 0.000899993924 0.0131000138
v -0.031200002 0.00129999394 0.0154000136
v -0.0342000043 0.00109999393 0.0151000141
v -0.0311000022 0.00109999393 0.0151000141
v -0.031200002 0.00129999394 0.0154000136
v -0.0342000043 0.00129999394 0.0154000136
v -0.0342000043 0.00109999393 0.0151000141
v -0.0342000043 0.00129999394 0.0154000136
v -0.0349000013 0.00109999393 0.0150000134
v -0.0342000043 0.00109999393 0.0151000141
v -0.0342000043 0.00129999394 0.0154000136
v -0.035000003 0.00129999394 0.0153000138
v -0.0349000013 0.00109999393 0.0150000134
v -0.0342000043 0.00109999393 0.0151000141
v -0.0349000013 0.00109999393 0.0150000134
v -0.0349000013 0.000899993924 0.0146000141
v -0.0342000043 0.00109999393 0.0151000141
v -0.0349000013 0.000899993924 0.0146000141
v -0.0342000043 0.000899993924 0.0146000141
v -0.0311000022 0.00109999393 0.0151000141
v -0.0342000043 0.00109999393 0.0151000141
v -0.0342000043 0.000899993924 0.0146000141
v -0.0311000022 0.00109999393 0.0151000141
v -0.0342000043 0.000899993924 0.0146000141
v -0.0311000022 0.000899993924 0.0146000141
v -0.0311000022 0.00109999393 -0.0135999865
v 0.032499996 0.00129999394 -0.0139999867
v 0.032399998 0.00109999393 -0.0136999863
v -0.0311000022 0.00109999393 -0.0135999865
v -0.031200002 0.00129999394 -0.0137999861
v 0.032499996 0.00129999394 -0.0139999867
v 0.032399998 0.000899993924 -0.0124999865
v -0.0311000022 0.000899993924 -0.0130999864
v 0.032399998 0.000899993924 -0.013299986
v -0.0311000022 0.000899993924 -0.0123999866
v -0.0311000022 0.000899993924 -0.0130999864
v 0.032399998 0.000899993924 -0.0124999865
v -0.0311000022 0.000899993924 0.0131000138
v -0.0341000026 0.000899993924 0.0124000141
v -0.0311000022 0.000899993924 0.0124000141
v -0.0311000022 0.000899993924 0.0131000138
v -0.0341000026 0.000899993924 0.0131000138
v -0.0341000026 0.000899993924 0.0124000141
v -0.0341000026 0.000899993924 0.0131000138
v -0.0349000013 0.000899993924 0.0124000141
v -0.0341000026 0.000899993924 0.0124000141
v -0.0341000026 0.000899993924 0.0131000138
v -0.0349000013 0.000899993924 0.0131000138
v -0.0349000013 0.000899993924 0.0124000141
v -0.0341000026 0.000899993924 0.0124000141
v -0.0349000013 0.000899993924 0.0124000141
v -0.0349000013 0.000899993924 0.0105000136
v -0.0341000026 0.000899993924 0.0124000141
v -0.0349000013 0.000899993924 0.0105000136
v -0.0341000026 0.000899993924 0.0105000136
v -0.0311000022 0.000899993924 0.0124000141
v -0.0341000026 0.000899993924 0.0124000141
v -0.0341000026 0.000899993924 0.0105000136
v -0.0311000022 0.000899993924 0.0124000141
v -0.0341000026 0.000899993924 0.0105000136
v -0.0311000022 0.000899993924 0.0105000136
v 0.032399998 0.000899993924 -0.0113999865
v -0.0311000022 0.000899993924 -0.011699986
v 0.032399998 0.000899993924 -0.0117999867
v -0.0311000022 0.000899993924 -0.0111999859
v -0.0311000022 0.000899993924 -0.011699986
v 0.032399998 0.000899993924 -0.0113999865
v -0.037200003 0.00169999396 0.0106000134
v -0.0371000013 0.00129999394 -0.00959998674
v -0.0371000013 0.00129999394 0.0106000134
v -0.037200003 0.00169999396 -0.00959998674
v -0.0371000013 0.00129999394 -0.00959998674
v -0.037200003 0.00169999396 0.0106000134
v 0.037299999 0.00169999396 -0.0114999863
v 0.037299999 0.00169999396 -0.00969998657
v 0.0371999973 0.00129999394 -0.00969998657
v 0.037299999 0.00169999396 -0.0114999863
v 0.0371999973 0.00129999394 -0.00969998657
v 0.0371999973 0.00129999394 -0.0114999863
v 0.0371999973 0.00169999396 -0.0119999864
v 0.037299999 0.00169999396 -0.0114999863
v 0.0371999973 0.00129999394 -0.0114999863
v 0.0371999973 0.00169999396 -0.0119999864
v 0.0371999973 0.00129999394 -0.0114999863
v 0.0371999973 0.00129999394 -0.0118999866
v 0.0371999973 0.00209999386 -0.0119999864
v 0.037299999 0.00169999396 -0.0114999863
v 0.0371999973 0.00169999396 -0.0119999864
v 0.0371999973 0.00209999386 -0.0119999864
v 0.037299999 0.00209999386 -0.0114999863
v 0.037299999 0.00169999396 -0.0114999863
v 0.037299999 0.00209999386 -0.0114999863
v 0.037299999 0.00169999396 -0.00969998657
v 0.037299999 0.00169999396 -0.0114999863
v 0.037299999 0.00209999386 -0.0114999863
v 0.037299999 0.00209999386 -0.00969998657
v 0.037299999 0.00169999396 -0.00969998657
v 0.0371999973 0.00129999394 0.0107000142
v 0.0369999976 0.00109999393 0.0107000142
v 0.0369999976 0.00109999393 -0.00969998657
v 0.0371999973 0.00129999394 0.0107000142
v 0.0369999976 0.00109999393 -0.00969998657
v 0.0371999973 0.00129999394 -0.00969998657
v -0.0369000016 0.00109999393 -0.00949998598
v -0.0371000013 0.00129999394 -0.00959998674
v -0.0369000016 0.00109999393 -0.0112999866
v -0.0371000013 0.00129999394 -0.00959998674
v -0.0371000013 0.00129999394 -0.0112999866
v -0.0369000016 0.00109999393 -0.0112999866
v -0.0369000016 0.00109999393 -0.0112999866
v -0.0371000013 0.00129999394 -0.0112999866
v -0.0368000036 0.00109999393 -0.011699986
v -0.0371000013 0.00129999394 -0.0112999866
v -0.0371000013 0.00129999394 -0.0117999867
v -0.0368000036 0.00109999393 -0.011699986
v -0.0369000016 0.00109999393 -0.0112999866
v -0.0368000036 0.00109999393 -0.011699986
v -0.0364000043 0.000899993924 -0.0115999861
v -0.0364000043 0.000899993924 -0.0111999859
v -0.0369000016 0.00109999393 -0.0112999866
v -0.0364000043 0.000899993924 -0.0115999861
v -0.0369000016 0.00109999393 -0.00949998598
v -0.0369000016 0.00109999393 -0.0112999866
v -0.0364000043 0.000899993924 -0.0111999859
v -0.0364000043 0.000899993924 -0.00949998598
v -0.0369000016 0.00109999393 -0.00949998598
v -0.0364000043 0.000899993924 -0.0111999859
v -0.0311000022 0.000899993924 0.0105000136
v -0.0341000026 0.000899993924 0.0105000136
v -0.0311000022 0.000899993924 -0.00949998598
v -0.0341000026 0.000899993924 0.0105000136
v -0.0341000026 0.000899993924 -0.00949998598
v -0.0311000022 0.000899993924 -0.00949998598
v 0.0349999973 0.000899993924 0.0106000134
v 0.0344999963 0.000899993924 0.0106000134
v 0.0349999973 0.000899993924 -0.00959998674
v 0.0344999963 0.000899993924 0.0106000134
v 0.0344999963 0.000899993924 -0.00959998674
v 0.0349999973 0.000899993924 -0.00959998674
v 0.0344999963 0.000899993924 0.0106000134
v 0.032399998 0.000899993924 -0.00959998674
v 0.0344999963 0.000899993924 -0.00959998674
v 0.0344999963 0.000899993924 0.0106000134
v 0.032399998 0.000899993924 0.0106000134
v 0.032399998 0.000899993924 -0.00959998674
v -0.0357000037 0.000899993924 -0.00949998598
v -0.0364000043 0.000899993924 -0.00949998598
v -0.0357000037 0.000899993924 -0.0111999859
v -0.0364000043 0.000899993924 -0.00949998598
v -0.0364000043 0.000899993924 -0.0111999859
v -0.0357000037 0.000899993924 -0.0111999859
v -0.0357000037 0.000899993924 -0.0111999859
v -0.0364000043 0.000899993924 -0.0111999859
v -0.0357000037 0.000899993924 -0.0115999861
v -0.0364000043 0.000899993924 -0.0111999859
v -0.0364000043 0.000899993924 -0.0115999861
v -0.0357000037 0.000899993924 -0.0115999861
v -0.0357000037 0.000899993924 -0.0111999859
v -0.0357000037 0.000899993924 -0.0115999861
v -0.0349000013 0.000899993924 -0.011699986
v -0.0357000037 0.000899993924 -0.0111999859
v -0.0349000013 0.000899993924 -0.011699986
v -0.0349000013 0.000899993924 -0.0111999859
v -0.0357000037 0.000899993924 -0.00949998598
v -0.0357000037 0.000899993924 -0.0111999859
v -0.0349000013 0.000899993924 -0.0111999859
v -0.0357000037 0.000899993924 -0.00949998598
v -0.0349000013 0.000899993924 -0.0111999859
v -0.0349000013 0.000899993924 -0.00949998598
v 0.0364999966 0.000899993924 0.0107000142
v 0.035799996 0.000899993924 0.0106000134
v 0.0364999966 0.000899993924 -0.00969998657
v 0.035799996 0.000899993924 0.0106000134
v 0.035799996 0.000899993924 -0.00959998674
v 0.0364999966 0.000899993924 -0.00969998657
v -0.037200003 0.00209999386 -0.00959998674
v -0.037200003 0.00169999396 -0.00959998674
v -0.037200003 0.00169999396 0.0106000134
v -0.037200003 0.00209999386 -0.00959998674
v -0.037200003 0.00169999396 0.0106000134
v -0.037200003 0.00209999386 0.0106000134
v 0.037299999 0.00209999386 0.0107000142
v 0.037299999 0.00169999396 0.0127000136
v 0.037299999 0.00169999396 0.0107000142
v 0.037299999 0.00209999386 0.0107000142
v 0.037299999 0.00209999386 0.0127000136
v 0.037299999 0.00169999396 0.0127000136
v 0.037299999 0.00209999386 0.0127000136
v 0.0371999973 0.00169999396 0.0134000133
v 0.037299999 0.00169999396 0.0127000136
v 0.037299999 0.00209999386 0.0127000136
v 0.0371999973 0.00209999386 0.0134000133
v 0.0371999973 0.00169999396 0.0134000133
v 0.037299999 0.00169999396 0.0127000136
v 0.0371999973 0.00169999396 0.0134000133
v 0.0371999973 0.00129999394 0.0134000133
v 0.037299999 0.00169999396 0.0127000136
v 0.0371999973 0.00129999394 0.0134000133
v 0.0371999973 0.00129999394 0.0127000136
v 0.037299999 0.00169999396 0.0107000142
v 0.037299999 0.00169999396 0.0127000136
v 0.0371999973 0.00129999394 0.0127000136
v 0.037299999 0.00169999396 0.0107000142
v 0.0371999973 0.00129999394 0.0127000136
v 0.0371999973 0.00129999394 0.0107000142
v 0.0369999976 0.00109999393 0.0126000137
v 0.0369999976 0.00109999393 0.0107000142
v 0.0371999973 0.00129999394 0.0107000142
v -0.0362000047 0.000899993924 -0.012199986
v -0.036600004 0.00109999393 -0.0122999859
v -0.0360000013 0.000899993924 -0.0126999861
v -0.0368000036 0.00109999393 -0.011699986
v -0.036600004 0.00109999393 -0.0122999859
v -0.0362000047 0.000899993924 -0.012199986
v -0.0364000043 0.000899993924 -0.0115999861
v -0.0368000036 0.00109999393 -0.011699986
v -0.0362000047 0.000899993924 -0.012199986
v -0.0363000026 0.00109999393 -0.0128999867
v -0.0365000023 0.00129999394 -0.0130999864
v -0.0357000037 0.00109999393 -0.013299986
v -0.0365000023 0.00129999394 -0.0130999864
v -0.0358000016 0.00129999394 -0.0135999865
v -0.0357000037 0.00109999393 -0.013299986
v -0.0357000037 0.00109999393 -0.013299986
v -0.0358000016 0.00129999394 -0.0135999865
v -0.0349000013 0.00109999393 -0.0134999866
v -0.0349000013 0.00109999393 -0.0134999866
v -0.0358000016 0.00129999394 -0.0135999865
v -0.035000003 0.00129999394 -0.0137999861
v -0.0349000013 0.000899993924 -0.0129999866
v -0.0357000037 0.00109999393 -0.013299986
v -0.0349000013 0.00109999393 -0.0134999866
v -0.035600002 0.000899993924 -0.0128999867
v -0.0357000037 0.00109999393 -0.013299986
v -0.0349000013 0.000899993924 -0.0129999866
v -0.035600002 0.000899993924 -0.0128999867
v -0.0363000026 0.00109999393 -0.0128999867
v -0.0357000037 0.00109999393 -0.013299986
v -0.0360000013 0.000899993924 -0.0126999861
v -0.0363000026 0.00109999393 -0.0128999867
v -0.035600002 0.000899993924 -0.0128999867
v -0.0349000013 0.00109999393 -0.0134999866
v -0.035000003 0.00129999394 -0.0137999861
v -0.0342000043 0.00109999393 -0.0135999865
v -0.0342000043 0.00109999393 -0.0135999865
v -0.035000003 0.00129999394 -0.0137999861
v -0.0342000043 0.00129999394 -0.0137999861
v -0.0342000043 0.00109999393 -0.0135999865
v -0.0342000043 0.00129999394 -0.0137999861
v -0.0311000022 0.00109999393 -0.0135999865
v -0.0311000022 0.00109999393 -0.0135999865
v -0.0342000043 0.00129999394 -0.0137999861
v -0.031200002 0.00129999394 -0.0137999861
v -0.0311000022 0.000899993924 -0.0130999864
v -0.0342000043 0.00109999393 -0.0135999865
v -0.0311000022 0.00109999393 -0.0135999865
v -0.0342000043 0.000899993924 -0.0130999864
v -0.0342000043 0.00109999393 -0.0135999865
v -0.0311000022 0.000899993924 -0.0130999864
v -0.0342000043 0.000899993924 -0.0130999864
v -0.0349000013 0.00109999393 -0.0134999866
v -0.0342000043 0.00109999393 -0.0135999865
v -0.0349000013 0.000899993924 -0.0129999866
v -0.0349000013 0.00109999393 -0.0134999866
v -0.0342000043 0.000899993924 -0.0130999864
v -0.0349000013 0.000899993924 -0.0122999859
v -0.0349000013 0.000899993924 -0.0129999866
v -0.0341000026 0.000899993924 -0.0123999866
v -0.0341000026 0.000899993924 -0.0123999866
v -0.0349000013 0.000899993924 -0.0129999866
v -0.0342000043 0.000899993924 -0.0130999864
v -0.0341000026 0.000899993924 -0.0123999866
v -0.0342000043 0.000899993924 -0.0130999864
v -0.0311000022 0.000899993924 -0.0123999866
v -0.0311000022 0.000899993924 -0.0123999866
v -0.0342000043 0.000899993924 -0.0130999864
v -0.0311000022 0.000899993924 -0.0130999864
v -0.0311000022 0.000899993924 -0.011699986
v -0.0341000026 0.000899993924 -0.0123999866
v -0.0311000022 0.000899993924 -0.0123999866
v -0.0341000026 0.000899993924 -0.011699986
v -0.0341000026 0.000899993924 -0.0123999866
v -0.0311000022 0.000899993924 -0.011699986
v -0.0341000026 0.000899993924 -0.011699986
v -0.0349000013 0.000899993924 -0.0122999859
v -0.0341000026 0.000899993924 -0.0123999866
v -0.0349000013 0.000899993924 -0.011699986
v -0.0349000013 0.000899993924 -0.0122999859
v -0.0341000026 0.000899993924 -0.011699986
v -0.0349000013 0.000899993924 -0.0111999859
v -0.0349000013 0.000899993924 -0.011699986
v -0.0341000026 0.000899993924 -0.0111999859
v -0.0341000026 0.000899993924 -0.0111999859
v -0.0349000013 0.000899993924 -0.011699986
v -0.0341000026 0.000899993924 -0.011699986
v -0.0341000026 0.000899993924 -0.0111999859
v -0.0341000026 0.000899993924 -0.011699986
v -0.0311000022 0.000899993924 -0.0111999859
v -0.0311000022 0.000899993924 -0.0111999859
v -0.0341000026 0.000899993924 -0.011699986
v -0.0311000022 0.000899993924 -0.011699986
v -0.0311000022 0.000899993924 -0.00949998598
v -0.0341000026 0.000899993924 -0.0111999859
v -0.0311000022 0.000899993924 -0.0111999859
v -0.0341000026 0.000899993924 -0.00949998598
v -0.0341000026 0.000899993924 -0.0111999859
v -0.0311000022 0.000899993924 -0.00949998598
v -0.0341000026 0.000899993924 -0.00949998598
v -0.0349000013 0.000899993924 -0.0111999859
v -0.0341000026 0.000899993924 -0.0111999859
v -0.0349000013 0.000899993924 -0.00949998598
v -0.0349000013 0.000899993924 -0.0111999859
v -0.0341000026 0.000899993924 -0.00949998598
v -0.0311000022 0.000899993924 -0.011699986
v -0.0311000022 0.000899993924 -0.0123999866
v 0.032399998 0.000899993924 -0.0124999865
v -0.0311000022 0.000899993924 -0.011699986
v 0.032399998 0.000899993924 -0.0124999865
v 0.032399998 0.000899993924 -0.0117999867
v -0.0311000022 0.000899993924 -0.00949998598
v -0.0311000022 0.000899993924 -0.0111999859
v 0.032399998 0.000899993924 -0.0113999865
v -0.0311000022 0.000899993924 -0.00949998598
v 0.032399998 0.000899993924 -0.0113999865
v 0.032399998 0.000899993924 -0.00959998674
v -0.0311000022 0.000899993924 0.0146000141
v -0.0311000022 0.000899993924 0.0139000134
v 0.032399998 0.000899993924 0.014100014
v 0.032399998 0.000899993924 0.0148000137
v -0.0311000022 0.000899993924 0.0146000141
v 0.032399998 0.000899993924 0.014100014
v -0.0349000013 0.000899993924 0.0146000141
v -0.035600002 0.000899993924 0.0138000136
v -0.0349000013 0.000899993924 0.0139000134
v -0.0349000013 0.000899993924 0.0146000141
v -0.035600002 0.000899993924 0.0144000135
v -0.035600002 0.000899993924 0.0138000136
v -0.035600002 0.000899993924 0.0144000135
v -0.0362000047 0.000899993924 0.0138000136
v -0.035600002 0.000899993924 0.0138000136
v -0.035600002 0.000899993924 0.0144000135
v -0.0360000013 0.000899993924 0.0142000138
v -0.0362000047 0.000899993924 0.0138000136
v -0.035600002 0.000899993924 0.0138000136
v -0.0362000047 0.000899993924 0.0138000136
v -0.0364000043 0.000899993924 0.0131000138
v -0.035600002 0.000899993924 0.0138000136
v -0.0364000043 0.000899993924 0.0131000138
v -0.0357000037 0.000899993924 0.0131000138
v -0.0349000013 0.000899993924 0.0139000134
v -0.035600002 0.000899993924 0.0138000136
v -0.0357000037 0.000899993924 0.0131000138
v -0.0349000013 0.000899993924 0.0139000134
v -0.0357000037 0.000899993924 0.0131000138
v -0.0349000013 0.000899993924 0.0131000138
v -0.0349000013 0.000899993924 0.0131000138
v -0.0357000037 0.000899993924 0.0124000141
v -0.0349000013 0.000899993924 0.0124000141
v -0.0349000013 0.000899993924 0.0131000138
v -0.0357000037 0.000899993924 0.0131000138
v -0.0357000037 0.000899993924 0.0124000141
v -0.0357000037 0.000899993924 0.0131000138
v -0.0364000043 0.000899993924 0.0124000141
v -0.0357000037 0.000899993924 0.0124000141
v -0.0364000043 0.000899993924 0.0131000138
v -0.0364000043 0.000899993924 0.0124000141
v -0.0357000037 0.000899993924 0.0131000138
v -0.0364000043 0.000899993924 0.0124000141
v -0.0364000043 0.000899993924 0.0105000136
v -0.0357000037 0.000899993924 0.0124000141
v -0.0357000037 0.000899993924 0.0124000141
v -0.0364000043 0.000899993924 0.0105000136
v -0.0357000037 0.000899993924 0.0105000136
v -0.0349000013 0.000899993924 0.0124000141
v -0.0357000037 0.000899993924 0.0124000141
v -0.0357000037 0.000899993924 0.0105000136
v -0.0349000013 0.000899993924 0.0124000141
v -0.0357000037 0.000899993924 0.0105000136
v -0.0349000013 0.000899993924 0.0105000136
v -0.0349000013 0.000899993924 0.0105000136
v -0.0357000037 0.000899993924 0.0105000136
v -0.0357000037 0.000899993924 -0.00949998598
v -0.0349000013 0.000899993924 0.0105000136
v -0.0357000037 0.000899993924 -0.00949998598
v -0.0349000013 0.000899993924 -0.00949998598
v -0.0349000013 0.000899993924 -0.011699986
v -0.035600002 0.000899993924 -0.0122999859
v -0.0349000013 0.000899993924 -0.0122999859
v -0.0357000037 0.000899993924 -0.0115999861
v -0.035600002 0.000899993924 -0.0122999859
v -0.0349000013 0.000899993924 -0.011699986
v -0.0357000037 0.000899993924 -0.0115999861
v -0.0362000047 0.000899993924 -0.012199986
v -0.035600002 0.000899993924 -0.0122999859
v -0.0357000037 0.000899993924 -0.0115999861
v -0.0364000043 0.000899993924 -0.0115999861
v -0.0362000047 0.000899993924 -0.012199986
v -0.0362000047 0.000899993924 -0.012199986
v -0.0360000013 0.000899993924 -0.0126999861
v -0.035600002 0.000899993924 -0.0122999859
v -0.035600002 0.000899993924 -0.0122999859
v -0.0360000013 0.000899993924 -0.0126999861
v -0.035600002 0.000899993924 -0.0128999867
v -0.035600002 0.000899993924 -0.0122999859
v -0.035600002 0.000899993924 -0.0128999867
v -0.0349000013 0.000899993924 -0.0122999859
v -0.0349000013 0.000899993924 -0.0122999859
v -0.035600002 0.000899993924 -0.0128999867
v -0.0349000013 0.000899993924 -0.0129999866
v 0.035699998 0.000899993924 -0.0123999866
v 0.0349999973 0.000899993924 -0.0124999865
v 0.0349999973 0.000899993924 -0.0131999862
v 0.035699998 0.000899993924 -0.0123999866
v 0.0349999973 0.000899993924 -0.0131999862
v 0.0355999963 0.000899993924 -0.0130999864
v 0.036299997 0.000899993924 -0.0123999866
v 0.035699998 0.000899993924 -0.0123999866
v 0.0355999963 0.000899993924 -0.0130999864
v 0.036299997 0.000899993924 -0.0123999866
v 0.0355999963 0.000899993924 -0.0130999864
v 0.0360999973 0.000899993924 -0.0128999867
v 0.0363999987 0.000899993924 -0.0117999867
v 0.035699998 0.000899993924 -0.0123999866
v 0.036299997 0.000899993924 -0.0123999866
v 0.035699998 0.000899993924 -0.0117999867
v 0.035699998 0.000899993924 -0.0123999866
v 0.0363999987 0.000899993924 -0.0117999867
v 0.035699998 0.000899993924 -0.0117999867
v 0.0349999973 0.000899993924 -0.0124999865
v 0.035699998 0.000899993924 -0.0123999866
v 0.035699998 0.000899993924 -0.0117999867
v 0.0349999973 0.000899993924 -0.0117999867
v 0.0349999973 0.000899993924 -0.0124999865
v 0.0349999973 0.000899993924 -0.0113999865
v 0.0349999973 0.000899993924 -0.0117999867
v 0.035799996 0.000899993924 -0.0113999865
v 0.035799996 0.000899993924 -0.0113999865
v 0.0349999973 0.000899993924 -0.0117999867
v 0.035699998 0.000899993924 -0.0117999867
v 0.035799996 0.000899993924 -0.0113999865
v 0.035699998 0.000899993924 -0.0117999867
v 0.0364999966 0.000899993924 -0.0113999865
v 0.0364999966 0.000899993924 -0.0113999865
v 0.035699998 0.000899993924 -0.0117999867
v 0.0363999987 0.000899993924 -0.0117999867
v 0.0364999966 0.000899993924 -0.00969998657
v 0.035799996 0.000899993924 -0.0113999865
v 0.0364999966 0.000899993924 -0.0113999865
v 0.035799996 0.000899993924 -0.00959998674
v 0.035799996 0.000899993924 -0.0113999865
v 0.0364999966 0.000899993924 -0.00969998657
v 0.035799996 0.000899993924 -0.00959998674
v 0.0349999973 0.000899993924 -0.0113999865
v 0.035799996 0.000899993924 -0.0113999865
v 0.0349999973 0.000899993924 -0.00959998674
v 0.0349999973 0.000899993924 -0.0113999865
v 0.035799996 0.000899993924 -0.00959998674
v 0.035799996 0.000899993924 0.0106000134
v 0.0349999973 0.000899993924 0.0106000134
v 0.035799996 0.000899993924 -0.00959998674
v 0.0349999973 0.000899993924 0.0106000134
v 0.0349999973 0.000899993924 -0.00959998674
v 0.035799996 0.000899993924 -0.00959998674
v 0.0349999973 0.000899993924 0.014100014
v 0.0349999973 0.000899993924 0.0133000135
v 0.035699998 0.000899993924 0.0140000141
v 0.035699998 0.000899993924 0.0140000141
v 0.0349999973 0.000899993924 0.0133000135
v 0.035699998 0.000899993924 0.0133000135
v 0.035699998 0.000899993924 0.0140000141
v 0.035699998 0.000899993924 0.0133000135
v 0.036299997 0.000899993924 0.0139000134
v 0.036299997 0.000899993924 0.0139000134
v 0.035699998 0.000899993924 0.0133000135
v 0.0363999987 0.000899993924 0.0133000135
v 0.0360999973 0.000899993924 0.0144000135
v 0.035699998 0.000899993924 0.0140000141
v 0.036299997 0.000899993924 0.0139000134
v 0.0355999963 0.000899993924 0.0146000141
v 0.035699998 0.000899993924 0.0140000141
v 0.0360999973 0.000899993924 0.0144000135
v 0.0355999963 0.000899993924 0.0146000141
v 0.0349999973 0.000899993924 0.014100014
v 0.035699998 0.000899993924 0.0140000141
v 0.0349999973 0.000899993924 0.0147000139
v 0.0349999973 0.000899993924 0.014100014
v 0.0355999963 0.000899993924 0.0146000141
v 0.000499997192 0.00039999393 0.00100001376
v -2.83164978e-09 0.00039999393 0.000500013739
v 0.000399997158 0.00039999393 0.000600013744
v 0.000499997192 0.00039999393 0.00100001376
v -2.83164978e-09 0.000299993954 0.00100001376
v -2.83164978e-09 0.00039999393 0.000500013739
v 0.000699997143 0.000499993963 0.00170001374
v 0.000399997158 0.00039999393 0.00140001367
v 0.000799997148 0.000499993963 0.00140001367
v 0.000399997158 0.000499993963 0.00180001368
v 0.000399997158 0.00039999393 0.00140001367
v 0.000699997143 0.000499993963 0.00170001374
v 0.000399997158 0.000499993963 0.00180001368
v -2.83164978e-09 0.00039999393 0.00140001367
v 0.000399997158 0.00039999393 0.00140001367
v -2.83164978e-09 0.000499993963 0.00180001368
v -2.83164978e-09 0.00039999393 0.00140001367
v 0.000399997158 0.000499993963 0.00180001368
v -2.83164978e-09 0.00039999393 0.00140001367
v -2.83164978e-09 0.000299993954 0.00100001376
v 0.000399997158 0.00039999393 0.00140001367
v 0.000399997158 0.00039999393 0.00140001367
v -2.83164978e-09 0.000299993954 0.00100001376
v 0.000499997192 0.00039999393 0.00100001376
v 0.000399997158 0.00039999393 0.00140001367
v 0.000499997192 0.00039999393 0.00100001376
v 0.000799997148 0.000499993963 0.00140001367
v 0.000799997148 0.000499993963 0.00140001367
v 0.000499997192 0.00039999393 0.00100001376
v 0.000799997148 0.000499993963 0.00100001376
v -2.83164978e-09 0.000499993963 0.00180001368
v -0.000400002822 0.00039999393 0.00140001367
v -2.83164978e-09 0.00039999393 0.00140001367
v -2.83164978e-09 0.000499993963 0.00180001368
v -0.000400002822 0.000499993963 0.00180001368
v -0.000400002822 0.00039999393 0.00140001367
v -0.000400002822 0.000499993963 0.00180001368
v -0.000800002811 0.000499993963 0.00140001367
v -0.000400002822 0.00039999393 0.00140001367
v -0.000400002822 0.000499993963 0.00180001368
v -0.000700002807 0.000499993963 0.00170001374
v -0.000800002811 0.000499993963 0.00140001367
v -0.000400002822 0.00039999393 0.00140001367
v -0.000800002811 0.000499993963 0.00140001367
v -0.000800002811 0.000499993963 0.00100001376
v -0.000400002822 0.00039999393 0.00140001367
v -0.000800002811 0.000499993963 0.00100001376
v -0.000500002855 0.00039999393 0.00100001376
v -2.83164978e-09 0.00039999393 0.00140001367
v -0.000400002822 0.00039999393 0.00140001367
v -0.000500002855 0.00039999393 0.00100001376
v -2.83164978e-09 0.00039999393 0.00140001367
v -0.000500002855 0.00039999393 0.00100001376
v -2.83164978e-09 0.000299993954 0.00100001376
v 0.000699997143 0.000499993963 0.00030001373
v 0.000399997158 0.000599993968 1.37152672e-08
v 0.000799997148 0.000699993915 0.00020001371
v 0.000699997143 0.000499993963 0.00030001373
v 0.000399997158 0.000499993963 0.00020001371
v 0.000399997158 0.000599993968 1.37152672e-08
v 0.000399997158 0.000499993963 0.00020001371
v -2.83164978e-09 0.000599993968 -9.99862822e-05
v 0.000399997158 0.000599993968 1.37152672e-08
v 0.000399997158 0.000499993963 0.00020001371
v -2.83164978e-09 0.000499993963 0.00020001371
v -2.83164978e-09 0.000599993968 -9.99862822e-05
v 0.000399997158 0.000599993968 1.37152672e-08
v -2.83164978e-09 0.000599993968 -9.99862822e-05
v -2.83164978e-09 0.00079999392 -0.000299986299
v 0.000499997192 0.00079999392 -0.00019998628
v 0.000399997158 0.000599993968 1.37152672e-08
v -2.83164978e-09 0.00079999392 -0.000299986299
v 0.000799997148 0.000699993915 0.00020001371
v 0.000399997158 0.000599993968 1.37152672e-08
v 0.000499997192 0.00079999392 -0.00019998628
v 0.000899997153 0.00079999392 0.000100013713
v 0.000799997148 0.000699993915 0.00020001371
v 0.000499997192 0.00079999392 -0.00019998628
v -2.83164978e-09 0.000499993963 0.00020001371
v -0.000400002822 0.000599993968 1.37152672e-08
v -2.83164978e-09 0.000599993968 -9.99862822e-05
v -0.000400002822 0.000499993963 0.00020001371
v -0.000400002822 0.000599993968 1.37152672e-08
v -2.83164978e-09 0.000499993963 0.00020001371
v -0.000800002811 0.000699993915 0.00020001371
v -0.000400002822 0.000599993968 1.37152672e-08
v -0.000400002822 0.000499993963 0.00020001371
v -0.000700002807 0.000499993963 0.00030001373
v -0.000800002811 0.000699993915 0.00020001371
v -0.000400002822 0.000499993963 0.00020001371
v -0.000400002822 0.000599993968 1.37152672e-08
v -0.000800002811 0.000699993915 0.00020001371
v -0.000900002816 0.00079999392 0.000100013713
v -0.000900002816 0.00079999392 0.000100013713
v -0.000400002822 0.000599993968 1.37152672e-08
v -0.000900002816 0.00079999392 0.000100013713
v -0.000500002855 0.00079999392 -0.00019998628
v -2.83164978e-09 0.000599993968 -9.99862822e-05
v -0.000400002822 0.000599993968 1.37152672e-08
v -0.000500002855 0.00079999392 -0.00019998628
v -2.83164978e-09 0.000599993968 -9.99862822e-05
v -0.000500002855 0.00079999392 -0.00019998628
v -2.83164978e-09 0.00079999392 -0.000299986299
v 0.000799997148 0.000699993915 0.00180001368
v 0.000699997143 0.000499993963 0.00170001374
v 0.000999997216 0.000599993968 0.00140001367
v 0.000699997143 0.000499993963 0.00170001374
v 0.000799997148 0.000499993963 0.00140001367
v 0.000999997216 0.000599993968 0.00140001367
v 0.000999997216 0.000599993968 0.00140001367
v 0.000799997148 0.000499993963 0.00140001367
v 0.00109999716 0.000599993968 0.00100001376
v 0.000799997148 0.000499993963 0.00140001367
v 0.000799997148 0.000499993963 0.00100001376
v 0.00109999716 0.000599993968 0.00100001376
v 0.00129999717 0.00079999392 0.00100001376
v 0.000999997216 0.000599993968 0.00140001367
v 0.00109999716 0.000599993968 0.00100001376
v 0.00129999717 0.00079999392 0.00100001376
v 0.00119999723 0.00079999392 0.00150001373
v 0.000999997216 0.000599993968 0.00140001367
v 0.00119999723 0.00079999392 0.00150001373
v 0.000799997148 0.000699993915 0.00180001368
v 0.000999997216 0.000599993968 0.00140001367
v 0.00119999723 0.00079999392 0.00150001373
v 0.000899997153 0.00079999392 0.00190001375
v 0.000799997148 0.000699993915 0.00180001368
v 0.00109999716 0.000599993968 0.00100001376
v 0.000799997148 0.000499993963 0.00100001376
v 0.000999997216 0.000599993968 0.000600013744
v 0.000799997148 0.000499993963 0.00100001376
v 0.000799997148 0.000499993963 0.000600013744
v 0.000999997216 0.000599993968 0.000600013744
v 0.000799997148 0.000499993963 0.000600013744
v 0.000799997148 0.000699993915 0.00020001371
v 0.000999997216 0.000599993968 0.000600013744
v 0.000799997148 0.000499993963 0.000600013744
v 0.000699997143 0.000499993963 0.00030001373
v 0.000799997148 0.000699993915 0.00020001371
v 0.000899997153 0.00079999392 0.000100013713
v 0.000999997216 0.000599993968 0.000600013744
v 0.000799997148 0.000699993915 0.00020001371
v 0.000899997153 0.00079999392 0.000100013713
v 0.00119999723 0.00079999392 0.000500013739
v 0.000999997216 0.000599993968 0.000600013744
v 0.00119999723 0.00079999392 0.000500013739
v 0.00109999716 0.000599993968 0.00100001376
v 0.000999997216 0.000599993968 0.000600013744
v 0.00119999723 0.00079999392 0.000500013739
v 0.00129999717 0.00079999392 0.00100001376
v 0.00109999716 0.000599993968 0.00100001376
v 0.00119999723 0.00079999392 0.00070001369
v -0.000400002822 0.000599993968 0.00200001381
v -0.000800002811 0.000699993915 0.00180001368
v -0.000700002807 0.000499993963 0.00170001374
v -0.000400002822 0.000599993968 0.00200001381
v -0.000700002807 0.000499993963 0.00170001374
v -0.000400002822 0.000499993963 0.00180001368
v -2.83164978e-09 0.000599993968 0.00210001364
v -0.000400002822 0.000599993968 0.00200001381
v -0.000400002822 0.000499993963 0.00180001368
v -2.83164978e-09 0.000599993968 0.00210001364
v -0.000400002822 0.000499993963 0.00180001368
v -2.83164978e-09 0.000499993963 0.00180001368
v -2.83164978e-09 0.000599993968 0.00210001364
v -2.83164978e-09 0.00079999392 0.0022000137
v -0.000400002822 0.000599993968 0.00200001381
v -2.83164978e-09 0.00079999392 0.0022000137
v -0.000500002855 0.00079999392 0.00210001364
v -0.000400002822 0.000599993968 0.00200001381
v -0.000400002822 0.000599993968 0.00200001381
v -0.000500002855 0.00079999392 0.00210001364
v -0.000800002811 0.000699993915 0.00180001368
v -0.000500002855 0.00079999392 0.00210001364
v -0.000900002816 0.00079999392 0.00190001375
v -0.000800002811 0.000699993915 0.00180001368
v -2.83164978e-09 0.000599993968 0.00210001364
v -2.83164978e-09 0.000499993963 0.00180001368
v 0.000399997158 0.000599993968 0.00200001381
v 0.000399997158 0.000599993968 0.00200001381
v -2.83164978e-09 0.000499993963 0.00180001368
v 0.000399997158 0.000499993963 0.00180001368
v 0.000399997158 0.000599993968 0.00200001381
v 0.000399997158 0.000499993963 0.00180001368
v 0.000799997148 0.000699993915 0.00180001368
v 0.000799997148 0.000699993915 0.00180001368
v 0.000399997158 0.000499993963 0.00180001368
v 0.000699997143 0.000499993963 0.00170001374
v 0.000899997153 0.00079999392 0.00190001375
v 0.000399997158 0.000599993968 0.00200001381
v 0.000799997148 0.000699993915 0.00180001368
v 0.000899997153 0.00079999392 0.00190001375
v 0.000499997192 0.00079999392 0.00210001364
v 0.000399997158 0.000599993968 0.00200001381
v 0.000499997192 0.00079999392 0.00210001364
v -2.83164978e-09 0.000599993968 0.00210001364
v 0.000399997158 0.000599993968 0.00200001381
v 0.000499997192 0.00079999392 0.00210001364
v -2.83164978e-09 0.00079999392 0.0022000137
v -2.83164978e-09 0.000599993968 0.00210001364
v -0.00100000288 0.000599993968 0.000600013744
v -0.000800002811 0.000699993915 0.00020001371
v -0.000700002807 0.000499993963 0.00030001373
v -0.000800002811 0.000499993963 0.000600013744
v -0.00100000288 0.000599993968 0.000600013744
v -0.000700002807 0.000499993963 0.00030001373
v -0.00110000283 0.000599993968 0.00100001376
v -0.00100000288 0.000599993968 0.000600013744
v -0.000800002811 0.000499993963 0.000600013744
v -0.00110000283 0.000599993968 0.00100001376
v -0.000800002811 0.000499993963 0.000600013744
v -0.000800002811 0.000499993963 0.00100001376
v -0.00130000284 0.00079999392 0.00100001376
v -0.00100000288 0.000599993968 0.000600013744
v -0.00110000283 0.000599993968 0.00100001376
v -0.00120000289 0.00079999392 0.000500013739
v -0.00100000288 0.000599993968 0.000600013744
v -0.00130000284 0.00079999392 0.00100001376
v -0.00120000289 0.00079999392 0.000500013739
v -0.000800002811 0.000699993915 0.00020001371
v -0.00100000288 0.000599993968 0.000600013744
v -0.000900002816 0.00079999392 0.000100013713
v -0.000800002811 0.000699993915 0.00020001371
v -0.00120000289 0.00079999392 0.000500013739
v -0.00100000288 0.000599993968 0.00140001367
v -0.00110000283 0.000599993968 0.00100001376
v -0.000800002811 0.000499993963 0.00100001376
v -0.00100000288 0.000599993968 0.00140001367
v -0.000800002811 0.000499993963 0.00100001376
v -0.000800002811 0.000499993963 0.00140001367
v -0.000800002811 0.000699993915 0.00180001368
v -0.00100000288 0.000599993968 0.00140001367
v -0.000800002811 0.000499993963 0.00140001367
v -0.000800002811 0.000699993915 0.00180001368
v -0.000800002811 0.000499993963 0.00140001367
v -0.000700002807 0.000499993963 0.00170001374
v -0.000900002816 0.00079999392 0.00190001375
v -0.00100000288 0.000599993968 0.00140001367
v -0.000800002811 0.000699993915 0.00180001368
v -0.00120000289 0.00079999392 0.00150001373
v -0.00100000288 0.000599993968 0.00140001367
v -0.000900002816 0.00079999392 0.00190001375
v -0.00120000289 0.00079999392 0.00150001373
v -0.00110000283 0.000599993968 0.00100001376
v -0.00100000288 0.000599993968 0.00140001367
v -0.00130000284 0.00079999392 0.00100001376
v -0.00110000283 0.000599993968 0.00100001376
v -0.00120000289 0.00079999392 0.00150001373
v -0.00980000295 0.000499993963 0.000600013744
v -0.00970000312 0.000499993963 0.00030001373
v -0.00950000253 0.00039999393 0.000600013744
v -0.00950000253 0.00039999393 0.000600013744
v -0.00970000312 0.000499993963 0.00030001373
v -0.00950000253 0.000499993963 0.00020001371
v -0.00950000253 0.00039999393 0.000600013744
v -0.00950000253 0.000499993963 0.00020001371
v -0.00900000244 0.00039999393 0.000500013739
v -0.00900000244 0.00039999393 0.000500013739
v -0.00950000253 0.000499993963 0.00020001371
v -0.00900000244 0.000499993963 0.00020001371
v -0.00900000244 0.000299993954 0.00100001376
v -0.00950000253 0.00039999393 0.000600013744
v -0.00900000244 0.00039999393 0.000500013739
v -0.00950000253 0.00039999393 0.00100001376
v -0.00950000253 0.00039999393 0.000600013744
v -0.00900000244 0.000299993954 0.00100001376
v -0.00950000253 0.00039999393 0.00100001376
v -0.00980000295 0.000499993963 0.000600013744
v -0.00950000253 0.00039999393 0.000600013744
v -0.00990000278 0.000499993963 0.00100001376
v -0.00980000295 0.000499993963 0.000600013744
v -0.00950000253 0.00039999393 0.00100001376
v -0.00860000312 0.00039999393 0.000600013744
v -0.00900000244 0.00039999393 0.000500013739
v -0.00900000244 0.000499993963 0.00020001371
v -0.00860000312 0.00039999393 0.000600013744
v -0.00900000244 0.000499993963 0.00020001371
v -0.00860000312 0.000499993963 0.00020001371
v -0.0083000027 0.000499993963 0.000600013744
v -0.00860000312 0.00039999393 0.000600013744
v -0.00860000312 0.000499993963 0.00020001371
v 0.00949999686 0.000499993963 0.00180001368
v 0.00949999686 0.00039999393 0.00140001367
v 0.00969999745 0.000499993963 0.00170001374
v 0.00949999686 0.000499993963 0.00180001368
v 0.00899999678 0.00039999393 0.00140001367
v 0.00949999686 0.00039999393 0.00140001367
v 0.00899999678 0.000499993963 0.00180001368
v 0.00899999678 0.00039999393 0.00140001367
v 0.00949999686 0.000499993963 0.00180001368
v 0.00899999678 0.00039999393 0.00140001367
v 0.00899999678 0.000299993954 0.00100001376
v 0.00949999686 0.00039999393 0.00140001367
v 0.00949999686 0.00039999393 0.00140001367
v 0.00899999678 0.000299993954 0.00100001376
v 0.00949999686 0.00039999393 0.00100001376
v 0.00949999686 0.00039999393 0.00140001367
v 0.00949999686 0.00039999393 0.00100001376
v 0.00979999728 0.000499993963 0.00140001367
v 0.00979999728 0.000499993963 0.00140001367
v 0.00949999686 0.00039999393 0.00100001376
v 0.00989999711 0.000499993963 0.00100001376
v 0.00899999678 0.000499993963 0.00180001368
v 0.00859999746 0.00039999393 0.00140001367
v 0.00899999678 0.00039999393 0.00140001367
v 0.00899999678 0.000499993963 0.00180001368
v 0.00859999746 0.000499993963 0.00180001368
v 0.00859999746 0.00039999393 0.00140001367
v 0.00859999746 0.000499993963 0.00180001368
v 0.00829999704 0.000499993963 0.00140001367
v 0.00859999746 0.00039999393 0.00140001367
v 0.00859999746 0.000499993963 0.00180001368
v 0.00839999687 0.000499993963 0.00170001374
v 0.00829999704 0.000499993963 0.00140001367
v 0.00859999746 0.00039999393 0.00140001367
v 0.00829999704 0.000499993963 0.00140001367
v 0.00819999721 0.000499993963 0.00100001376
v 0.00859999746 0.00039999393 0.00140001367
v 0.00819999721 0.000499993963 0.00100001376
v 0.00859999746 0.00039999393 0.00100001376
v 0.00899999678 0.00039999393 0.00140001367
v 0.00859999746 0.00039999393 0.00140001367
v 0.00859999746 0.00039999393 0.00100001376
v 0.00899999678 0.00039999393 0.00140001367
v 0.00859999746 0.00039999393 0.00100001376
v 0.00899999678 0.000299993954 0.00100001376
v 0.00969999745 0.000499993963 0.00030001373
v 0.00949999686 0.000599993968 1.37152672e-08
v 0.00979999728 0.000699993915 0.00020001371
v 0.00969999745 0.000499993963 0.00030001373
v 0.00949999686 0.000499993963 0.00020001371
v 0.00949999686 0.000599993968 1.37152672e-08
v 0.00949999686 0.000499993963 0.00020001371
v 0.00899999678 0.000599993968 -9.99862822e-05
v 0.00949999686 0.000599993968 1.37152672e-08
v 0.00949999686 0.000499993963 0.00020001371
v 0.00899999678 0.000499993963 0.00020001371
v 0.00899999678 0.000599993968 -9.99862822e-05
v 0.00949999686 0.000599993968 1.37152672e-08
v 0.00899999678 0.000599993968 -9.99862822e-05
v 0.00899999678 0.00079999392 -0.000299986299
v 0.00949999686 0.00079999392 -0.00019998628
v 0.00949999686 0.000599993968 1.37152672e-08
v 0.00899999678 0.00079999392 -0.000299986299
v 0.00979999728 0.000699993915 0.00020001371
v 0.00949999686 0.000599993968 1.37152672e-08
v 0.00949999686 0.00079999392 -0.00019998628
v 0.00989999711 0.00079999392 0.000100013713
v 0.00979999728 0.000699993915 0.00020001371
v 0.00949999686 0.00079999392 -0.00019998628
v 0.00899999678 0.000499993963 0.00020001371
v 0.00859999746 0.000599993968 1.37152672e-08
v 0.00899999678 0.000599993968 -9.99862822e-05
v 0.00859999746 0.000499993963 0.00020001371
v 0.00859999746 0.000599993968 1.37152672e-08
v 0.00899999678 0.000499993963 0.00020001371
v 0.00829999704 0.000699993915 0.00020001371
v 0.00859999746 0.000599993968 1.37152672e-08
v 0.00859999746 0.000499993963 0.00020001371
v 0.00839999687 0.000499993963 0.00030001373
v 0.00829999704 0.000699993915 0.00020001371
v 0.00859999746 0.000499993963 0.00020001371
v 0.00859999746 0.000599993968 1.37152672e-08
v 0.00829999704 0.000699993915 0.00020001371
v 0.00819999721 0.00079999392 0.000100013713
v 0.00859999746 0.000599993968 1.37152672e-08
v 0.00819999721 0.00079999392 0.000100013713
v 0.00859999746 0.00079999392 -0.00019998628
v 0.00899999678 0.000599993968 -9.99862822e-05
v 0.00859999746 0.000599993968 1.37152672e-08
v 0.00859999746 0.00079999392 -0.00019998628
v 0.00899999678 0.000599993968 -9.99862822e-05
v 0.00859999746 0.00079999392 -0.00019998628
v 0.00899999678 0.00079999392 -0.000299986299
v 0.00979999728 0.000699993915 0.00180001368
v 0.00969999745 0.000499993963 0.00170001374
v 0.0100999968 0.000599993968 0.00140001367
v 0.00969999745 0.000499993963 0.00170001374
v 0.00979999728 0.000499993963 0.00140001367
v 0.0100999968 0.000599993968 0.00140001367
v 0.0100999968 0.000599993968 0.00140001367
v 0.00979999728 0.000499993963 0.00140001367
v 0.0100999968 0.000599993968 0.00100001376
v 0.00979999728 0.000499993963 0.00140001367
v 0.00989999711 0.000499993963 0.00100001376
v 0.0100999968 0.000599993968 0.00100001376
v 0.0102999974 0.00079999392 0.00100001376
v 0.0100999968 0.000599993968 0.00140001367
v 0.0100999968 0.000599993968 0.00100001376
v 0.0102999974 0.00079999392 0.00100001376
v 0.0101999975 0.00079999392 0.00150001373
v 0.0100999968 0.000599993968 0.00140001367
v 0.0101999975 0.00079999392 0.00150001373
v 0.00979999728 0.000699993915 0.00180001368
v 0.0100999968 0.000599993968 0.00140001367
v 0.0101999975 0.00079999392 0.00150001373
v 0.00989999711 0.00079999392 0.00190001375
v 0.00979999728 0.000699993915 0.00180001368
v 0.0100999968 0.000599993968 0.00100001376
v 0.00989999711 0.000499993963 0.00100001376
v 0.0100999968 0.000599993968 0.000600013744
v 0.00989999711 0.000499993963 0.00100001376
v 0.00979999728 0.000499993963 0.000600013744
v 0.0100999968 0.000599993968 0.000600013744
v 0.00979999728 0.000499993963 0.000600013744
v 0.00979999728 0.000699993915 0.00020001371
v 0.0100999968 0.000599993968 0.000600013744
v 0.00979999728 0.000499993963 0.000600013744
v 0.00969999745 0.000499993963 0.00030001373
v 0.00979999728 0.000699993915 0.00020001371
v 0.00989999711 0.00079999392 0.000100013713
v 0.0100999968 0.000599993968 0.000600013744
v 0.00979999728 0.000699993915 0.00020001371
v 0.00989999711 0.00079999392 0.000100013713
v 0.0101999975 0.00079999392 0.000500013739
v 0.0100999968 0.000599993968 0.000600013744
v 0.0101999975 0.00079999392 0.000500013739
v 0.0100999968 0.000599993968 0.00100001376
v 0.0100999968 0.000599993968 0.000600013744
v 0.0101999975 0.00079999392 0.000500013739
v 0.0102999974 0.00079999392 0.00100001376
v 0.0100999968 0.000599993968 0.00100001376
v 0.00859999746 0.000599993968 0.00200001381
v 0.00829999704 0.000699993915 0.00180001368
v 0.00839999687 0.000499993963 0.00170001374
v 0.00859999746 0.000599993968 0.00200001381
v 0.00839999687 0.000499993963 0.00170001374
v 0.00859999746 0.000499993963 0.00180001368
v 0.00899999678 0.000599993968 0.00210001364
v 0.00859999746 0.000599993968 0.00200001381
v 0.00859999746 0.000499993963 0.00180001368
v 0.00899999678 0.000599993968 0.00210001364
v 0.00859999746 0.000499993963 0.00180001368
v 0.00899999678 0.000499993963 0.00180001368
v 0.00899999678 0.000599993968 0.00210001364
v 0.00899999678 0.00079999392 0.0022000137
v 0.00859999746 0.000599993968 0.00200001381
v 0.00899999678 0.00079999392 0.0022000137
v 0.00859999746 0.00079999392 0.00210001364
v 0.00859999746 0.000599993968 0.00200001381
v 0.00859999746 0.000599993968 0.00200001381
v 0.00859999746 0.00079999392 0.00210001364
v 0.00829999704 0.000699993915 0.00180001368
v 0.00859999746 0.00079999392 0.00210001364
v 0.00819999721 0.00079999392 0.00190001375
v 0.00829999704 0.000699993915 0.00180001368
v 0.00899999678 0.000599993968 0.00210001364
v 0.00899999678 0.000499993963 0.00180001368
v 0.00949999686 0.000599993968 0.00200001381
v 0.00949999686 0.000599993968 0.00200001381
v 0.00899999678 0.000499993963 0.00180001368
v 0.00949999686 0.000499993963 0.00180001368
v 0.00949999686 0.000599993968 0.00200001381
v 0.00949999686 0.000499993963 0.00180001368
v 0.00979999728 0.000699993915 0.00180001368
v 0.00979999728 0.000699993915 0.00180001368
v 0.00949999686 0.000499993963 0.00180001368
v 0.00969999745 0.000499993963 0.00170001374
v 0.00989999711 0.00079999392 0.00190001375
v 0.00949999686 0.000599993968 0.00200001381
v 0.00979999728 0.000699993915 0.00180001368
v 0.00989999711 0.00079999392 0.00190001375
v 0.00949999686 0.00079999392 0.00210001364
v 0.00949999686 0.000599993968 0.00200001381
v 0.00949999686 0.00079999392 0.00210001364
v 0.00899999678 0.000599993968 0.00210001364
v 0.00949999686 0.000599993968 0.00200001381
v 0.00949999686 0.00079999392 0.00210001364
v 0.00899999678 0.00079999392 0.0022000137
v 0.00899999678 0.000599993968 0.00210001364
v 0.00799999755 0.000599993968 0.000600013744
v 0.00829999704 0.000699993915 0.00020001371
v 0.00839999687 0.000499993963 0.00030001373
v 0.00829999704 0.000499993963 0.000600013744
v 0.00799999755 0.000599993968 0.000600013744
v 0.00839999687 0.000499993963 0.00030001373
v 0.00799999755 0.000599993968 0.00100001376
v 0.00799999755 0.000599993968 0.000600013744
v 0.00829999704 0.000499993963 0.000600013744
v 0.00799999755 0.000599993968 0.00100001376
v 0.00829999704 0.000499993963 0.000600013744
v 0.00819999721 0.000499993963 0.00100001376
v 0.00779999696 0.00079999392 0.00100001376
v 0.00799999755 0.000599993968 0.000600013744
v 0.00799999755 0.000599993968 0.00100001376
v 0.00789999679 0.00079999392 0.000500013739
v 0.00799999755 0.000599993968 0.000600013744
v 0.00779999696 0.00079999392 0.00100001376
v 0.00789999679 0.00079999392 0.000500013739
v 0.00829999704 0.000699993915 0.00020001371
v 0.00799999755 0.000599993968 0.000600013744
v 0.00819999721 0.00079999392 0.000100013713
v 0.00829999704 0.000699993915 0.00020001371
v 0.00789999679 0.00079999392 0.000500013739
v 0.00799999755 0.000599993968 0.00140001367
v 0.00799999755 0.000599993968 0.00100001376
v 0.00819999721 0.000499993963 0.00100001376
v 0.00799999755 0.000599993968 0.00140001367
v 0.00819999721 0.000499993963 0.00100001376
v 0.00829999704 0.000499993963 0.00140001367
v 0.00829999704 0.000699993915 0.00180001368
v 0.00799999755 0.000599993968 0.00140001367
v 0.00829999704 0.000499993963 0.00140001367
v 0.00829999704 0.000699993915 0.00180001368
v 0.00829999704 0.000499993963 0.00140001367
v 0.00839999687 0.000499993963 0.00170001374
v 0.00819999721 0.00079999392 0.00190001375
v 0.00799999755 0.000599993968 0.00140001367
v 0.00829999704 0.000699993915 0.00180001368
v 0.00789999679 0.00079999392 0.00150001373
v 0.00799999755 0.000599993968 0.00140001367
v 0.00819999721 0.00079999392 0.00190001375
v 0.00789999679 0.00079999392 0.00150001373
v 0.00799999755 0.000599993968 0.00100001376
v 0.00799999755 0.000599993968 0.00140001367
v 0.00779999696 0.00079999392 0.00100001376
v 0.00799999755 0.000599993968 0.00100001376
v 0.00789999679 0.00079999392 0.00150001373
v -0.000800002811 0.000499993963 0.000600013744
v -0.000700002807 0.000499993963 0.00030001373
v -0.000400002822 0.00039999393 0.000600013744
v -0.000400002822 0.00039999393 0.000600013744
v -0.000700002807 0.000499993963 0.00030001373
v -0.000400002822 0.000499993963 0.00020001371
v -0.000400002822 0.00039999393 0.000600013744
v -0.000400002822 0.000499993963 0.00020001371
v -2.83164978e-09 0.00039999393 0.000500013739
v -2.83164978e-09 0.00039999393 0.000500013739
v -0.000400002822 0.000499993963 0.00020001371
v -2.83164978e-09 0.000499993963 0.00020001371
v -2.83164978e-09 0.000299993954 0.00100001376
v -0.000400002822 0.00039999393 0.000600013744
v -2.83164978e-09 0.00039999393 0.000500013739
v -0.000500002855 0.00039999393 0.00100001376
v -0.000400002822 0.00039999393 0.000600013744
v -2.83164978e-09 0.000299993954 0.00100001376
v -0.000500002855 0.00039999393 0.00100001376
v -0.000800002811 0.000499993963 0.000600013744
v -0.000400002822 0.00039999393 0.000600013744
v -0.000800002811 0.000499993963 0.00100001376
v -0.000800002811 0.000499993963 0.000600013744
v -0.000500002855 0.00039999393 0.00100001376
v 0.000399997158 0.00039999393 0.000600013744
v -2.83164978e-09 0.00039999393 0.000500013739
v -2.83164978e-09 0.000499993963 0.00020001371
v 0.000399997158 0.00039999393 0.000600013744
v -2.83164978e-09 0.000499993963 0.00020001371
v 0.000399997158 0.000499993963 0.00020001371
v 0.000799997148 0.000499993963 0.000600013744
v 0.000399997158 0.00039999393 0.000600013744
v 0.000399997158 0.000499993963 0.00020001371
v 0.000799997148 0.000499993963 0.000600013744
v 0.000399997158 0.000499993963 0.00020001371
v 0.000699997143 0.000499993963 0.00030001373
v 0.000799997148 0.000499993963 0.00100001376
v 0.000399997158 0.00039999393 0.000600013744
v 0.000799997148 0.000499993963 0.000600013744
v 0.000799997148 0.000499993963 0.00100001376
v 0.000499997192 0.00039999393 0.00100001376
v 0.000399997158 0.00039999393 0.000600013744
v 0.0180999981 0.00039999393 0.00140001367
v 0.0180999981 0.000299993954 0.00100001376
v 0.0184999974 0.00039999393 0.00140001367
v 0.0184999974 0.00039999393 0.00140001367
v 0.0180999981 0.000299993954 0.00100001376
v 0.0184999974 0.00039999393 0.00100001376
v 0.0184999974 0.00039999393 0.00140001367
v 0.0184999974 0.00039999393 0.00100001376
v 0.0188999967 0.000499993963 0.00140001367
v 0.0188999967 0.000499993963 0.00140001367
v 0.0184999974 0.00039999393 0.00100001376
v 0.0188999967 0.000499993963 0.00100001376
v 0.0180999981 0.000499993963 0.00180001368
v 0.0176999969 0.00039999393 0.00140001367
v 0.0180999981 0.00039999393 0.00140001367
v 0.0180999981 0.000499993963 0.00180001368
v 0.0176999969 0.000499993963 0.00180001368
v 0.0176999969 0.00039999393 0.00140001367
v 0.0176999969 0.000499993963 0.00180001368
v 0.0172999976 0.000499993963 0.00140001367
v 0.0176999969 0.00039999393 0.00140001367
v 0.0176999969 0.000499993963 0.00180001368
v 0.0173999974 0.000499993963 0.00170001374
v 0.0172999976 0.000499993963 0.00140001367
v 0.0176999969 0.00039999393 0.00140001367
v 0.0172999976 0.000499993963 0.00140001367
v 0.0172999976 0.000499993963 0.00100001376
v 0.0176999969 0.00039999393 0.00140001367
v 0.0172999976 0.000499993963 0.00100001376
v 0.0175999971 0.00039999393 0.00100001376
v 0.0180999981 0.00039999393 0.00140001367
v 0.0176999969 0.00039999393 0.00140001367
v 0.0175999971 0.00039999393 0.00100001376
v 0.0180999981 0.00039999393 0.00140001367
v 0.0175999971 0.00039999393 0.00100001376
v 0.0180999981 0.000299993954 0.00100001376
v 0.0187999969 0.000499993963 0.00030001373
v 0.0184999974 0.000599993968 1.37152672e-08
v 0.0188999967 0.000699993915 0.00020001371
v 0.0187999969 0.000499993963 0.00030001373
v 0.0184999974 0.000499993963 0.00020001371
v 0.0184999974 0.000599993968 1.37152672e-08
v 0.0184999974 0.000499993963 0.00020001371
v 0.0180999981 0.000599993968 -9.99862822e-05
v 0.0184999974 0.000599993968 1.37152672e-08
v 0.0184999974 0.000499993963 0.00020001371
v 0.0180999981 0.000499993963 0.00020001371
v 0.0180999981 0.000599993968 -9.99862822e-05
v 0.0184999974 0.000599993968 1.37152672e-08
v 0.0180999981 0.000599993968 -9.99862822e-05
v 0.0180999981 0.00079999392 -0.000299986299
v 0.0185999972 0.00079999392 -0.00019998628
v 0.0184999974 0.000599993968 1.37152672e-08
v 0.0180999981 0.00079999392 -0.000299986299
v 0.0188999967 0.000699993915 0.00020001371
v 0.0184999974 0.000599993968 1.37152672e-08
v 0.0185999972 0.00079999392 -0.00019998628
v 0.0189999966 0.00079999392 0.000100013713
v 0.0188999967 0.000699993915 0.00020001371
v 0.0185999972 0.00079999392 -0.00019998628
v 0.0180999981 0.000499993963 0.00020001371
v 0.0176999969 0.000599993968 1.37152672e-08
v 0.0180999981 0.000599993968 -9.99862822e-05
v 0.0176999969 0.000499993963 0.00020001371
v 0.0176999969 0.000599993968 1.37152672e-08
v 0.0180999981 0.000499993963 0.00020001371
v 0.0172999976 0.000699993915 0.00020001371
v 0.0176999969 0.000599993968 1.37152672e-08
v 0.0176999969 0.000499993963 0.00020001371
v 0.0173999974 0.000499993963 0.00030001373
v 0.0172999976 0.000699993915 0.00020001371
v 0.0176999969 0.000499993963 0.00020001371
v 0.0176999969 0.000599993968 1.37152672e-08
v 0.0172999976 0.000699993915 0.00020001371
v 0.0171999978 0.00079999392 0.000100013713
v 0.0176999969 0.000599993968 1.37152672e-08
v 0.0171999978 0.00079999392 0.000100013713
v 0.0175999971 0.00079999392 -0.00019998628
v 0.0180999981 0.000599993968 -9.99862822e-05
v 0.0176999969 0.000599993968 1.37152672e-08
v 0.0175999971 0.00079999392 -0.00019998628
v 0.0180999981 0.000599993968 -9.99862822e-05
v 0.0175999971 0.00079999392 -0.00019998628
v 0.0180999981 0.00079999392 -0.000299986299
v 0.0188999967 0.000699993915 0.00180001368
v 0.0187999969 0.000499993963 0.00170001374
v 0.0190999964 0.000599993968 0.00140001367
v 0.0187999969 0.000499993963 0.00170001374
v 0.0188999967 0.000499993963 0.00140001367
v 0.0190999964 0.000599993968 0.00140001367
v 0.0190999964 0.000599993968 0.00140001367
v 0.0188999967 0.000499993963 0.00140001367
v 0.0191999981 0.000599993968 0.00100001376
v 0.0188999967 0.000499993963 0.00140001367
v 0.0188999967 0.000499993963 0.00100001376
v 0.0191999981 0.000599993968 0.00100001376
v 0.0192999979 0.00079999392 0.00100001376
v 0.0190999964 0.000599993968 0.00140001367
v 0.0191999981 0.000599993968 0.00100001376
v 0.0192999979 0.00079999392 0.00100001376
v 0.0191999981 0.00079999392 0.00150001373
v 0.0190999964 0.000599993968 0.00140001367
v 0.0191999981 0.00079999392 0.00150001373
v 0.0188999967 0.000699993915 0.00180001368
v 0.0190999964 0.000599993968 0.00140001367
v 0.0191999981 0.00079999392 0.00150001373
v 0.0189999966 0.00079999392 0.00190001375
v 0.0188999967 0.000699993915 0.00180001368
v 0.0191999981 0.000599993968 0.00100001376
v 0.0188999967 0.000499993963 0.00100001376
v 0.0190999964 0.000599993968 0.000600013744
v 0.0188999967 0.000499993963 0.00100001376
v 0.0188999967 0.000499993963 0.000600013744
v 0.0190999964 0.000599993968 0.000600013744
v 0.0188999967 0.000499993963 0.000600013744
v 0.0188999967 0.000699993915 0.00020001371
v 0.0190999964 0.000599993968 0.000600013744
v 0.0188999967 0.000499993963 0.000600013744
v 0.0187999969 0.000499993963 0.00030001373
v 0.0188999967 0.000699993915 0.00020001371
v 0.0189999966 0.00079999392 0.000100013713
v 0.0190999964 0.000599993968 0.000600013744
v 0.0188999967 0.000699993915 0.00020001371
v 0.0189999966 0.00079999392 0.000100013713
v 0.0191999981 0.00079999392 0.000500013739
v 0.0190999964 0.000599993968 0.000600013744
v 0.0191999981 0.00079999392 0.000500013739
v 0.0191999981 0.000599993968 0.00100001376
v 0.0190999964 0.000599993968 0.000600013744
v 0.0191999981 0.00079999392 0.000500013739
v 0.0192999979 0.00079999392 0.00100001376
v 0.0191999981 0.000599993968 0.00100001376
v 0.0176999969 0.000599993968 0.00200001381
v 0.0172999976 0.000699993915 0.00180001368
v 0.0173999974 0.000499993963 0.00170001374
v 0.0176999969 0.000599993968 0.00200001381
v 0.0173999974 0.000499993963 0.00170001374
v 0.0176999969 0.000499993963 0.00180001368
v 0.0180999981 0.000599993968 0.00210001364
v 0.0176999969 0.000599993968 0.00200001381
v 0.0176999969 0.000499993963 0.00180001368
v 0.0180999981 0.000599993968 0.00210001364
v 0.0176999969 0.000499993963 0.00180001368
v 0.0180999981 0.000499993963 0.00180001368
v 0.0180999981 0.000599993968 0.00210001364
v 0.0180999981 0.00079999392 0.0022000137
v 0.0176999969 0.000599993968 0.00200001381
v 0.0180999981 0.00079999392 0.0022000137
v 0.0175999971 0.00079999392 0.00210001364
v 0.0176999969 0.000599993968 0.00200001381
v 0.0176999969 0.000599993968 0.00200001381
v 0.0175999971 0.00079999392 0.00210001364
v 0.0172999976 0.000699993915 0.00180001368
v 0.0175999971 0.00079999392 0.00210001364
v 0.0171999978 0.00079999392 0.00190001375
v 0.0172999976 0.000699993915 0.00180001368
v 0.0180999981 0.000599993968 0.00210001364
v 0.0180999981 0.000499993963 0.00180001368
v 0.0184999974 0.000599993968 0.00200001381
v 0.0184999974 0.000599993968 0.00200001381
v 0.0180999981 0.000499993963 0.00180001368
v 0.0184999974 0.000499993963 0.00180001368
v 0.0184999974 0.000599993968 0.00200001381
v 0.0184999974 0.000499993963 0.00180001368
v 0.0188999967 0.000699993915 0.00180001368
v 0.0188999967 0.000699993915 0.00180001368
v 0.0184999974 0.000499993963 0.00180001368
v 0.0187999969 0.000499993963 0.00170001374
v 0.0189999966 0.00079999392 0.00190001375
v 0.0184999974 0.000599993968 0.00200001381
v 0.0188999967 0.000699993915 0.00180001368
v 0.0189999966 0.00079999392 0.00190001375
v 0.0185999972 0.00079999392 0.00210001364
v 0.0184999974 0.000599993968 0.00200001381
v 0.0185999972 0.00079999392 0.00210001364
v 0.0180999981 0.000599993968 0.00210001364
v 0.0184999974 0.000599993968 0.00200001381
v 0.0185999972 0.00079999392 0.00210001364
v 0.0180999981 0.00079999392 0.0022000137
v 0.0180999981 0.000599993968 0.00210001364
v 0.0170999979 0.000599993968 0.000600013744
v 0.0172999976 0.000699993915 0.00020001371
v 0.0173999974 0.000499993963 0.00030001373
v 0.0172999976 0.000499993963 0.000600013744
v 0.0170999979 0.000599993968 0.000600013744
v 0.0173999974 0.000499993963 0.00030001373
v 0.0169999981 0.000599993968 0.00100001376
v 0.0170999979 0.000599993968 0.000600013744
v 0.0172999976 0.000499993963 0.000600013744
v 0.0169999981 0.000599993968 0.00100001376
v 0.0172999976 0.000499993963 0.000600013744
v 0.0172999976 0.000499993963 0.00100001376
v 0.0167999966 0.00079999392 0.00100001376
v 0.0170999979 0.000599993968 0.000600013744
v 0.0169999981 0.000599993968 0.00100001376
v 0.0168999964 0.00079999392 0.000500013739
v 0.0170999979 0.000599993968 0.000600013744
v 0.0167999966 0.00079999392 0.00100001376
v 0.0168999964 0.00079999392 0.000500013739
v 0.0172999976 0.000699993915 0.00020001371
v 0.0170999979 0.000599993968 0.000600013744
v 0.0171999978 0.00079999392 0.000100013713
v 0.0172999976 0.000699993915 0.00020001371
v 0.0168999964 0.00079999392 0.000500013739
v 0.0170999979 0.000599993968 0.00140001367
v 0.0169999981 0.000599993968 0.00100001376
v 0.0172999976 0.000499993963 0.00100001376
v 0.0170999979 0.000599993968 0.00140001367
v 0.0172999976 0.000499993963 0.00100001376
v 0.0172999976 0.000499993963 0.00140001367
v 0.0172999976 0.000699993915 0.00180001368
v 0.0170999979 0.000599993968 0.00140001367
v 0.0172999976 0.000499993963 0.00140001367
v 0.0172999976 0.000699993915 0.00180001368
v 0.0172999976 0.000499993963 0.00140001367
v 0.0173999974 0.000499993963 0.00170001374
v 0.0171999978 0.00079999392 0.00190001375
v 0.0170999979 0.000599993968 0.00140001367
v 0.0172999976 0.000699993915 0.00180001368
v 0.0168999964 0.00079999392 0.00150001373
v 0.0170999979 0.000599993968 0.00140001367
v 0.0171999978 0.00079999392 0.00190001375
v 0.0168999964 0.00079999392 0.00150001373
v 0.0169999981 0.000599993968 0.00100001376
v 0.0170999979 0.000599993968 0.00140001367
v 0.0167999966 0.00079999392 0.00100001376
v 0.0169999981 0.000599993968 0.00100001376
v 0.0168999964 0.00079999392 0.00150001373
v 0.00829999704 0.000499993963 0.000600013744
v 0.00839999687 0.000499993963 0.00030001373
v 0.00859999746 0.00039999393 0.000600013744
v 0.00859999746 0.00039999393 0.000600013744
v 0.00839999687 0.000499993963 0.00030001373
v 0.00859999746 0.000499993963 0.00020001371
v 0.00859999746 0.00039999393 0.000600013744
v 0.00859999746 0.000499993963 0.00020001371
v 0.00899999678 0.00039999393 0.000500013739
v 0.00899999678 0.00039999393 0.000500013739
v 0.00859999746 0.000499993963 0.00020001371
v 0.00899999678 0.000499993963 0.00020001371
v 0.00899999678 0.000299993954 0.00100001376
v 0.00859999746 0.00039999393 0.000600013744
v 0.00899999678 0.00039999393 0.000500013739
v 0.00859999746 0.00039999393 0.00100001376
v 0.00859999746 0.00039999393 0.000600013744
v 0.00899999678 0.000299993954 0.00100001376
v 0.00859999746 0.00039999393 0.00100001376
v 0.00829999704 0.000499993963 0.000600013744
v 0.00859999746 0.00039999393 0.000600013744
v 0.00819999721 0.000499993963 0.00100001376
v 0.00829999704 0.000499993963 0.000600013744
v 0.00859999746 0.00039999393 0.00100001376
v 0.00949999686 0.00039999393 0.000600013744
v 0.00899999678 0.00039999393 0.000500013739
v 0.00899999678 0.000499993963 0.00020001371
v 0.00949999686 0.00039999393 0.000600013744
v 0.00899999678 0.000499993963 0.00020001371
v 0.00949999686 0.000499993963 0.00020001371
v 0.00979999728 0.000499993963 0.000600013744
v 0.00949999686 0.00039999393 0.000600013744
v 0.00949999686 0.000499993963 0.00020001371
v 0.00979999728 0.000499993963 0.000600013744
v 0.00949999686 0.000499993963 0.00020001371
v 0.00969999745 0.000499993963 0.00030001373
v 0.00989999711 0.000499993963 0.00100001376
v 0.00949999686 0.00039999393 0.000600013744
v 0.00979999728 0.000499993963 0.000600013744
v 0.00989999711 0.000499993963 0.00100001376
v 0.00949999686 0.00039999393 0.00100001376
v 0.00949999686 0.00039999393 0.000600013744
v 0.00949999686 0.00039999393 0.00100001376
v 0.00899999678 0.00039999393 0.000500013739
v 0.00949999686 0.00039999393 0.000600013744
v 0.00949999686 0.00039999393 0.00100001376
v 0.00899999678 0.000299993954 0.00100001376
v 0.00899999678 0.00039999393 0.000500013739
v 0.00969999745 0.000499993963 0.00170001374
v 0.00949999686 0.00039999393 0.00140001367
v 0.00979999728 0.000499993963 0.00140001367
v -0.0370000033 0.00209999386 0.0140000141
v -0.0370000033 0.00169999396 0.0140000141
v -0.0365000023 0.00169999396 0.0147000139
v -0.0370000033 0.00209999386 0.0140000141
v -0.0365000023 0.00169999396 0.0147000139
v -0.0365000023 0.00209999386 0.0147000139
v -0.037200003 0.00209999386 0.0132000136
v -0.0370000033 0.00169999396 0.0140000141
v -0.0370000033 0.00209999386 0.0140000141
v -0.037200003 0.00209999386 0.0132000136
v -0.037200003 0.00169999396 0.0132000136
v -0.0370000033 0.00169999396 0.0140000141
v -0.037200003 0.00169999396 0.0132000136
v -0.0369000016 0.00129999394 0.0140000141
v -0.0370000033 0.00169999396 0.0140000141
v -0.037200003 0.00169999396 0.0132000136
v -0.0371000013 0.00129999394 0.0132000136
v -0.0369000016 0.00129999394 0.0140000141
v 0.032399998 0.000899993924 0.014100014
v -0.0311000022 0.000899993924 0.0139000134
v 0.032399998 0.000899993924 0.0133000135
v -0.0311000022 0.000899993924 0.0139000134
v -0.0311000022 0.000899993924 0.0131000138
v 0.032399998 0.000899993924 0.0133000135
v -0.0311000022 0.000899993924 -0.0130999864
v -0.0311000022 0.00109999393 -0.0135999865
v 0.032399998 0.00109999393 -0.0136999863
v -0.0311000022 0.000899993924 -0.0130999864
v 0.032399998 0.00109999393 -0.0136999863
v 0.032399998 0.000899993924 -0.013299986
v 0.035699998 0.00109999393 -0.0134999866
v 0.035099999 0.00109999393 -0.0136999863
v 0.035099999 0.00129999394 -0.013899986
v 0.035699998 0.00109999393 -0.0134999866
v 0.035099999 0.00129999394 -0.013899986
v 0.0358999977 0.00129999394 -0.0136999863
v 0.036299997 0.00109999393 -0.0130999864
v 0.035699998 0.00109999393 -0.0134999866
v 0.0358999977 0.00129999394 -0.0136999863
v 0.036299997 0.00109999393 -0.0130999864
v 0.0358999977 0.00129999394 -0.0136999863
v 0.0364999966 0.00129999394 -0.013299986
v 0.0360999973 0.000899993924 -0.0128999867
v 0.035699998 0.00109999393 -0.0134999866
v 0.036299997 0.00109999393 -0.0130999864
v 0.0360999973 0.000899993924 -0.0128999867
v 0.0355999963 0.000899993924 -0.0130999864
v 0.035699998 0.00109999393 -0.0134999866
v 0.0355999963 0.000899993924 -0.0130999864
v 0.035099999 0.00109999393 -0.0136999863
v 0.035699998 0.00109999393 -0.0134999866
v 0.0355999963 0.000899993924 -0.0130999864
v 0.0349999973 0.000899993924 -0.0131999862
v 0.035099999 0.00109999393 -0.0136999863
v 0.0366999963 0.00109999393 -0.0124999865
v 0.036299997 0.00109999393 -0.0130999864
v 0.0364999966 0.00129999394 -0.013299986
v 0.0366999963 0.00109999393 -0.0124999865
v 0.0364999966 0.00129999394 -0.013299986
v 0.036899996 0.00129999394 -0.0125999863
v 0.036899996 0.00109999393 -0.0118999866
v 0.0366999963 0.00109999393 -0.0124999865
v 0.036899996 0.00129999394 -0.0125999863
v 0.036899996 0.00109999393 -0.0118999866
v 0.036899996 0.00129999394 -0.0125999863
v 0.0371999973 0.00129999394 -0.0118999866
v 0.0363999987 0.000899993924 -0.0117999867
v 0.0366999963 0.00109999393 -0.0124999865
v 0.036899996 0.00109999393 -0.0118999866
v 0.0363999987 0.000899993924 -0.0117999867
v 0.036299997 0.000899993924 -0.0123999866
v 0.0366999963 0.00109999393 -0.0124999865
v 0.036299997 0.000899993924 -0.0123999866
v 0.036299997 0.00109999393 -0.0130999864
v 0.0366999963 0.00109999393 -0.0124999865
v 0.036299997 0.000899993924 -0.0123999866
v 0.0360999973 0.000899993924 -0.0128999867
v 0.036299997 0.00109999393 -0.0130999864
v 0.0369999976 0.00109999393 -0.0113999865
v 0.036899996 0.00109999393 -0.0118999866
v 0.0371999973 0.00129999394 -0.0118999866
v 0.0369999976 0.00109999393 -0.0113999865
v 0.0371999973 0.00129999394 -0.0118999866
v 0.0371999973 0.00129999394 -0.0114999863
v 0.0369999976 0.00109999393 -0.00969998657
v 0.0369999976 0.00109999393 -0.0113999865
v 0.0371999973 0.00129999394 -0.0114999863
v 0.0369999976 0.00109999393 -0.00969998657
v 0.0371999973 0.00129999394 -0.0114999863
v 0.0371999973 0.00129999394 -0.00969998657
v 0.0364999966 0.000899993924 -0.00969998657
v 0.0369999976 0.00109999393 -0.0113999865
v 0.0369999976 0.00109999393 -0.00969998657
v 0.0364999966 0.000899993924 -0.00969998657
v 0.0364999966 0.000899993924 -0.0113999865
v 0.0369999976 0.00109999393 -0.0113999865
v 0.0364999966 0.000899993924 -0.0113999865
v 0.036899996 0.00109999393 -0.0118999866
v 0.0369999976 0.00109999393 -0.0113999865
v 0.0364999966 0.000899993924 -0.0113999865
v 0.0363999987 0.000899993924 -0.0117999867
v 0.036899996 0.00109999393 -0.0118999866
v 0.0369999976 0.00109999393 0.0107000142
v 0.0364999966 0.000899993924 -0.00969998657
v 0.0369999976 0.00109999393 -0.00969998657
v 0.0369999976 0.00109999393 0.0107000142
v 0.0364999966 0.000899993924 0.0107000142
v 0.0364999966 0.000899993924 -0.00969998657
v 0.0366999963 0.00109999393 0.0140000141
v 0.036899996 0.00109999393 0.0133000135
v 0.0371999973 0.00129999394 0.0134000133
v 0.036899996 0.00129999394 0.0142000138
v 0.0366999963 0.00109999393 0.0140000141
v 0.0371999973 0.00129999394 0.0134000133
v 0.036299997 0.00109999393 0.0147000139
v 0.0366999963 0.00109999393 0.0140000141
v 0.036899996 0.00129999394 0.0142000138
v 0.0364999966 0.00129999394 0.0149000135
v 0.036299997 0.00109999393 0.0147000139
v 0.036899996 0.00129999394 0.0142000138
v 0.036299997 0.00109999393 0.0147000139
v 0.0360999973 0.000899993924 0.0144000135
v 0.0366999963 0.00109999393 0.0140000141
v 0.0360999973 0.000899993924 0.0144000135
v 0.036299997 0.000899993924 0.0139000134
v 0.0366999963 0.00109999393 0.0140000141
v 0.0366999963 0.00109999393 0.0140000141
v 0.036299997 0.000899993924 0.0139000134
v 0.036899996 0.00109999393 0.0133000135
v 0.036299997 0.000899993924 0.0139000134
v 0.0363999987 0.000899993924 0.0133000135
v 0.036899996 0.00109999393 0.0133000135
v 0.035699998 0.00109999393 0.0150000134
v 0.036299997 0.00109999393 0.0147000139
v 0.0364999966 0.00129999394 0.0149000135
v 0.0358999977 0.00129999394 0.0153000138
v 0.035699998 0.00109999393 0.0150000134
v 0.0364999966 0.00129999394 0.0149000135
v 0.0358999977 0.00129999394 0.0153000138
v 0.035099999 0.00109999393 0.015200014
v 0.035699998 0.00109999393 0.0150000134
v 0.035099999 0.00129999394 0.0155000135
v 0.035099999 0.00109999393 0.015200014
v 0.0358999977 0.00129999394 0.0153000138
v 0.035099999 0.00109999393 0.015200014
v 0.0349999973 0.000899993924 0.0147000139
v 0.035699998 0.00109999393 0.0150000134
v 0.035699998 0.00109999393 0.0150000134
v 0.0349999973 0.000899993924 0.0147000139
v 0.0355999963 0.000899993924 0.0146000141
v 0.035699998 0.00109999393 0.0150000134
v 0.0355999963 0.000899993924 0.0146000141
v 0.036299997 0.00109999393 0.0147000139
v 0.036299997 0.00109999393 0.0147000139
v 0.0355999963 0.000899993924 0.0146000141
v 0.0360999973 0.000899993924 0.0144000135
v 0.035099999 0.00129999394 0.0155000135
v 0.0344999963 0.00109999393 0.0153000138
v 0.035099999 0.00109999393 0.015200014
v 0.034599998 0.00129999394 0.0155000135
v 0.0344999963 0.00109999393 0.0153000138
v 0.035099999 0.00129999394 0.0155000135
v 0.034599998 0.00129999394 0.0155000135
v 0.032399998 0.00109999393 0.0153000138
v 0.0344999963 0.00109999393 0.0153000138
v 0.032499996 0.00129999394 0.0155000135
v 0.032399998 0.00109999393 0.0153000138
v 0.034599998 0.00129999394 0.0155000135
v 0.032399998 0.00109999393 0.0153000138
v 0.032399998 0.000899993924 0.0148000137
v 0.0344999963 0.00109999393 0.0153000138
v 0.0344999963 0.00109999393 0.0153000138
v 0.032399998 0.000899993924 0.0148000137
v 0.0344999963 0.000899993924 0.0148000137
v 0.0344999963 0.00109999393 0.0153000138
v 0.0344999963 0.000899993924 0.0148000137
v 0.035099999 0.00109999393 0.015200014
v 0.035099999 0.00109999393 0.015200014
v 0.0344999963 0.000899993924 0.0148000137
v 0.0349999973 0.000899993924 0.0147000139
v 0.032399998 0.00109999393 0.0153000138
v -0.0311000022 0.000899993924 0.0146000141
v 0.032399998 0.000899993924 0.0148000137
v 0.032399998 0.00109999393 0.0153000138
v -0.0311000022 0.00109999393 0.0151000141
v -0.0311000022 0.000899993924 0.0146000141
v -0.035000003 0.00129999394 0.0153000138
v -0.0357000037 0.00109999393 0.0148000137
v -0.0349000013 0.00109999393 0.0150000134
v -0.035000003 0.00129999394 0.0153000138
v -0.0358000016 0.00129999394 0.0151000141
v -0.0357000037 0.00109999393 0.0148000137
v -0.0358000016 0.00129999394 0.0151000141
v -0.0363000026 0.00109999393 0.0145000133
v -0.0357000037 0.00109999393 0.0148000137
v -0.0358000016 0.00129999394 0.0151000141
v -0.0365000023 0.00129999394 0.0147000139
v -0.0363000026 0.00109999393 0.0145000133
v -0.0357000037 0.00109999393 0.0148000137
v -0.0363000026 0.00109999393 0.0145000133
v -0.0360000013 0.000899993924 0.0142000138
v -0.0357000037 0.00109999393 0.0148000137
v -0.0360000013 0.000899993924 0.0142000138
v -0.035600002 0.000899993924 0.0144000135
v -0.0349000013 0.00109999393 0.0150000134
v -0.0357000037 0.00109999393 0.0148000137
v -0.035600002 0.000899993924 0.0144000135
v -0.0349000013 0.00109999393 0.0150000134
v -0.035600002 0.000899993924 0.0144000135
v -0.0349000013 0.000899993924 0.0146000141
v -0.0365000023 0.00129999394 0.0147000139
v -0.036600004 0.00109999393 0.0139000134
v -0.0363000026 0.00109999393 0.0145000133
v -0.0365000023 0.00129999394 0.0147000139
v -0.0369000016 0.00129999394 0.0140000141
v -0.036600004 0.00109999393 0.0139000134
v -0.0369000016 0.00129999394 0.0140000141
v -0.0368000036 0.00109999393 0.0131000138
v -0.036600004 0.00109999393 0.0139000134
v -0.0369000016 0.00129999394 0.0140000141
v -0.0371000013 0.00129999394 0.0132000136
v -0.0368000036 0.00109999393 0.0131000138
v -0.036600004 0.00109999393 0.0139000134
v -0.0368000036 0.00109999393 0.0131000138
v -0.0364000043 0.000899993924 0.0131000138
v -0.036600004 0.00109999393 0.0139000134
v -0.0364000043 0.000899993924 0.0131000138
v -0.0362000047 0.000899993924 0.0138000136
v -0.0363000026 0.00109999393 0.0145000133
v -0.036600004 0.00109999393 0.0139000134
v -0.0362000047 0.000899993924 0.0138000136
v -0.0363000026 0.00109999393 0.0145000133
v -0.0362000047 0.000899993924 0.0138000136
v -0.0360000013 0.000899993924 0.0142000138
v -0.0371000013 0.00129999394 0.0132000136
v -0.0369000016 0.00109999393 0.0124000141
v -0.0368000036 0.00109999393 0.0131000138
v -0.0371000013 0.00129999394 0.0132000136
v -0.0371000013 0.00129999394 0.0125000139
v -0.0369000016 0.00109999393 0.0124000141
v -0.0371000013 0.00129999394 0.0125000139
v -0.0369000016 0.00109999393 0.0105000136
v -0.0369000016 0.00109999393 0.0124000141
v -0.0371000013 0.00129999394 0.0125000139
v -0.0371000013 0.00129999394 0.0106000134
v -0.0369000016 0.00109999393 0.0105000136
v -0.0369000016 0.00109999393 0.0124000141
v -0.0369000016 0.00109999393 0.0105000136
v -0.0364000043 0.000899993924 0.0105000136
v -0.0369000016 0.00109999393 0.0124000141
v -0.0364000043 0.000899993924 0.0105000136
v -0.0364000043 0.000899993924 0.0124000141
v -0.0368000036 0.00109999393 0.0131000138
v -0.0369000016 0.00109999393 0.0124000141
v -0.0364000043 0.000899993924 0.0124000141
v -0.0368000036 0.00109999393 0.0131000138
v -0.0364000043 0.000899993924 0.0124000141
v -0.0364000043 0.000899993924 0.0131000138
v -0.0369000016 0.00109999393 0.0105000136
v -0.0369000016 0.00109999393 -0.00949998598
v -0.0364000043 0.000899993924 0.0105000136
v -0.0364000043 0.000899993924 0.0105000136
v -0.0369000016 0.00109999393 -0.00949998598
v -0.0364000043 0.000899993924 -0.00949998598
v -0.0368000036 0.00109999393 -0.011699986
v -0.0371000013 0.00129999394 -0.0117999867
v -0.036600004 0.00109999393 -0.0122999859
v -0.0371000013 0.00129999394 -0.0117999867
v -0.0369000016 0.00129999394 -0.0124999865
v -0.036600004 0.00109999393 -0.0122999859
v -0.036600004 0.00109999393 -0.0122999859
v -0.0369000016 0.00129999394 -0.0124999865
v -0.0363000026 0.00109999393 -0.0128999867
v -0.0369000016 0.00129999394 -0.0124999865
v -0.0365000023 0.00129999394 -0.0130999864
v -0.0363000026 0.00109999393 -0.0128999867
v -0.036600004 0.00109999393 -0.0122999859
v -0.0363000026 0.00109999393 -0.0128999867
v -0.0360000013 0.000899993924 -0.0126999861
v 0.034599998 0.00169999396 -0.0140999865
v 0.032499996 0.00209999386 -0.0140999865
v 0.034599998 0.00209999386 -0.0140999865
v 0.035099999 0.00169999396 -0.0139999867
v 0.034599998 0.00169999396 -0.0140999865
v 0.034599998 0.00209999386 -0.0140999865
v 0.035099999 0.00169999396 -0.0139999867
v 0.034599998 0.00209999386 -0.0140999865
v 0.035099999 0.00209999386 -0.0139999867
v -0.037200003 0.00169999396 -0.0117999867
v -0.0371000013 0.00129999394 -0.0117999867
v -0.037200003 0.00169999396 -0.0112999866
v -0.037200003 0.00169999396 -0.0112999866
v -0.0371000013 0.00129999394 -0.0117999867
v -0.0371000013 0.00129999394 -0.0112999866
v -0.037200003 0.00169999396 -0.0112999866
v -0.0371000013 0.00129999394 -0.0112999866
v -0.037200003 0.00169999396 -0.00959998674
v -0.037200003 0.00169999396 -0.00959998674
v -0.0371000013 0.00129999394 -0.0112999866
v -0.0371000013 0.00129999394 -0.00959998674
v -0.037200003 0.00209999386 -0.00959998674
v -0.037200003 0.00169999396 -0.0112999866
v -0.037200003 0.00169999396 -0.00959998674
v -0.037200003 0.00209999386 -0.0112999866
v -0.037200003 0.00169999396 -0.0112999866
v -0.037200003 0.00209999386 -0.00959998674
v -0.037200003 0.00209999386 -0.0112999866
v -0.037200003 0.00169999396 -0.0117999867
v -0.037200003 0.00169999396 -0.0112999866
v -0.037200003 0.00209999386 -0.0117999867
v -0.037200003 0.00169999396 -0.0117999867
v -0.037200003 0.00209999386 -0.0112999866
v 0.032499996 0.00169999396 -0.0140999865
v -0.031200002 0.00169999396 -0.013899986
v 0.032499996 0.00209999386 -0.0140999865
v 0.032499996 0.00209999386 -0.0140999865
v -0.031200002 0.00169999396 -0.013899986
v -0.031200002 0.00209999386 -0.013899986
v 0.0369999976 0.00169999396 -0.0126999861
v 0.0371999973 0.00169999396 -0.0119999864
v 0.0371999973 0.00129999394 -0.0118999866
v 0.0369999976 0.00169999396 -0.0126999861
v 0.0371999973 0.00129999394 -0.0118999866
v 0.036899996 0.00129999394 -0.0125999863
v 0.0365999983 0.00169999396 -0.0133999859
v 0.0369999976 0.00169999396 -0.0126999861
v 0.036899996 0.00129999394 -0.0125999863
v 0.0365999983 0.00169999396 -0.0133999859
v 0.036899996 0.00129999394 -0.0125999863
v 0.0364999966 0.00129999394 -0.013299986
v 0.0365999983 0.00209999386 -0.0133999859
v 0.0369999976 0.00169999396 -0.0126999861
v 0.0365999983 0.00169999396 -0.0133999859
v 0.0365999983 0.00209999386 -0.0133999859
v 0.0369999976 0.00209999386 -0.0126999861
v 0.0369999976 0.00169999396 -0.0126999861
v 0.0369999976 0.00209999386 -0.0126999861
v 0.0371999973 0.00169999396 -0.0119999864
v 0.0369999976 0.00169999396 -0.0126999861
v 0.0369999976 0.00209999386 -0.0126999861
v 0.0371999973 0.00209999386 -0.0119999864
v 0.0371999973 0.00169999396 -0.0119999864
v -0.035000003 0.00129999394 -0.0137999861
v -0.0358000016 0.00169999396 -0.0135999865
v -0.035000003 0.00169999396 -0.0137999861
v -0.035000003 0.00129999394 -0.0137999861
v -0.0358000016 0.00129999394 -0.0135999865
v -0.0358000016 0.00169999396 -0.0135999865
v -0.0358000016 0.00129999394 -0.0135999865
v -0.0365000023 0.00169999396 -0.0131999862
v -0.0358000016 0.00169999396 -0.0135999865
v -0.0358000016 0.00129999394 -0.0135999865
v -0.0365000023 0.00129999394 -0.0130999864
v -0.0365000023 0.00169999396 -0.0131999862
v -0.0358000016 0.00169999396 -0.0135999865
v -0.0365000023 0.00169999396 -0.0131999862
v -0.0365000023 0.00209999386 -0.0131999862
v -0.0358000016 0.00169999396 -0.0135999865
v -0.0365000023 0.00209999386 -0.0131999862
v -0.0358000016 0.00209999386 -0.0135999865
v -0.035000003 0.00169999396 -0.0137999861
v -0.0358000016 0.00169999396 -0.0135999865
v -0.0358000016 0.00209999386 -0.0135999865
v -0.035000003 0.00169999396 -0.0137999861
v -0.0358000016 0.00209999386 -0.0135999865
v -0.035000003 0.00209999386 -0.0137999861
v 0.0365999983 0.00169999396 -0.0133999859
v 0.0364999966 0.00129999394 -0.013299986
v 0.0358999977 0.00169999396 -0.0137999861
v 0.0364999966 0.00129999394 -0.013299986
v 0.0358999977 0.00129999394 -0.0136999863
v 0.0358999977 0.00169999396 -0.0137999861
v 0.0358999977 0.00169999396 -0.0137999861
v 0.0358999977 0.00129999394 -0.0136999863
v 0.035099999 0.00169999396 -0.0139999867
v 0.0358999977 0.00129999394 -0.0136999863
v 0.035099999 0.00129999394 -0.013899986
v 0.035099999 0.00169999396 -0.0139999867
v 0.0358999977 0.00169999396 -0.0137999861
v 0.035099999 0.00169999396 -0.0139999867
v 0.035099999 0.00209999386 -0.0139999867
v 0.0358999977 0.00169999396 -0.0137999861
v 0.035099999 0.00209999386 -0.0139999867
v 0.0358999977 0.00209999386 -0.0137999861
v 0.0365999983 0.00169999396 -0.0133999859
v 0.0358999977 0.00169999396 -0.0137999861
v 0.0358999977 0.00209999386 -0.0137999861
v 0.0365999983 0.00169999396 -0.0133999859
v 0.0358999977 0.00209999386 -0.0137999861
v 0.0365999983 0.00209999386 -0.0133999859
v -0.0365000023 0.00169999396 -0.0131999862
v -0.0365000023 0.00129999394 -0.0130999864
v -0.0370000033 0.00169999396 -0.0124999865
v -0.0370000033 0.00169999396 -0.0124999865
v -0.0365000023 0.00129999394 -0.0130999864
v -0.0369000016 0.00129999394 -0.0124999865
v -0.0370000033 0.00169999396 -0.0124999865
v -0.0369000016 0.00129999394 -0.0124999865
v -0.037200003 0.00169999396 -0.0117999867
v -0.037200003 0.00169999396 -0.0117999867
v -0.0369000016 0.00129999394 -0.0124999865
v -0.0371000013 0.00129999394 -0.0117999867
v -0.037200003 0.00209999386 -0.0117999867
v -0.0370000033 0.00169999396 -0.0124999865
v -0.037200003 0.00169999396 -0.0117999867
v -0.0370000033 0.00209999386 -0.0124999865
v -0.0370000033 0.00169999396 -0.0124999865
v -0.037200003 0.00209999386 -0.0117999867
v -0.0370000033 0.00209999386 -0.0124999865
v -0.0365000023 0.00169999396 -0.0131999862
v -0.0370000033 0.00169999396 -0.0124999865
v -0.0365000023 0.00209999386 -0.0131999862
v -0.0365000023 0.00169999396 -0.0131999862
v -0.0370000033 0.00209999386 -0.0124999865
v 0.037299999 0.00169999396 -0.00969998657
v 0.037299999 0.00169999396 0.0107000142
v 0.0371999973 0.00129999394 0.0107000142
v 0.037299999 0.00169999396 -0.00969998657
v 0.0371999973 0.00129999394 0.0107000142
v 0.0371999973 0.00129999394 -0.00969998657
v 0.037299999 0.00209999386 0.0107000142
v 0.037299999 0.00169999396 0.0107000142
v 0.037299999 0.00169999396 -0.00969998657
v 0.037299999 0.00209999386 -0.00969998657
v 0.037299999 0.00209999386 0.0107000142
v 0.037299999 0.00169999396 -0.00969998657
v 0.035099999 0.00129999394 0.0155000135
v 0.034599998 0.00169999396 0.0156000133
v 0.034599998 0.00129999394 0.0155000135
v 0.035099999 0.00169999396 0.0156000133
v 0.034599998 0.00169999396 0.0156000133
v 0.035099999 0.00129999394 0.0155000135
v 0.035099999 0.00169999396 0.0156000133
v 0.034599998 0.00209999386 0.0156000133
v 0.034599998 0.00169999396 0.0156000133
v 0.035099999 0.00169999396 0.0156000133
v 0.035099999 0.00209999386 0.0156000133
v 0.034599998 0.00209999386 0.0156000133
v 0.034599998 0.00169999396 0.0156000133
v 0.034599998 0.00209999386 0.0156000133
v 0.032499996 0.00209999386 0.0156000133
v 0.034599998 0.00169999396 0.0156000133
v 0.032499996 0.00209999386 0.0156000133
v 0.032499996 0.00169999396 0.0156000133
v 0.034599998 0.00169999396 0.0156000133
v 0.032499996 0.00169999396 0.0156000133
v 0.034599998 0.00129999394 0.0155000135
v 0.034599998 0.00129999394 0.0155000135
v 0.032499996 0.00169999396 0.0156000133
v 0.032499996 0.00129999394 0.0155000135
v -0.037200003 0.00169999396 0.0125000139
v -0.0371000013 0.00129999394 0.0125000139
v -0.0371000013 0.00129999394 0.0132000136
v -0.037200003 0.00169999396 0.0125000139
v -0.0371000013 0.00129999394 0.0132000136
v -0.037200003 0.00169999396 0.0132000136
v -0.037200003 0.00209999386 0.0125000139
v -0.037200003 0.00169999396 0.0125000139
v -0.037200003 0.00169999396 0.0132000136
v -0.037200003 0.00209999386 0.0125000139
v -0.037200003 0.00169999396 0.0132000136
v -0.037200003 0.00209999386 0.0132000136
v -0.037200003 0.00209999386 0.0106000134
v -0.037200003 0.00169999396 0.0125000139
v -0.037200003 0.00209999386 0.0125000139
v -0.037200003 0.00209999386 0.0106000134
v -0.037200003 0.00169999396 0.0106000134
v -0.037200003 0.00169999396 0.0125000139
v -0.037200003 0.00169999396 0.0106000134
v -0.0371000013 0.00129999394 0.0125000139
v -0.037200003 0.00169999396 0.0125000139
v -0.037200003 0.00169999396 0.0106000134
v -0.0371000013 0.00129999394 0.0106000134
v -0.0371000013 0.00129999394 0.0125000139
v 0.032499996 0.00169999396 0.0156000133
v -0.031200002 0.00169999396 0.0155000135
v 0.032499996 0.00129999394 0.0155000135
v 0.032499996 0.00129999394 0.0155000135
v -0.031200002 0.00169999396 0.0155000135
v -0.031200002 0.00129999394 0.0154000136
v 0.0369999976 0.00169999396 0.0142000138
v 0.036899996 0.00129999394 0.0142000138
v 0.0371999973 0.00129999394 0.0134000133
v 0.0371999973 0.00169999396 0.0134000133
v 0.0369999976 0.00169999396 0.0142000138
v 0.0371999973 0.00129999394 0.0134000133
v 0.0369999976 0.00209999386 0.0142000138
v 0.0369999976 0.00169999396 0.0142000138
v 0.0371999973 0.00169999396 0.0134000133
v 0.0371999973 0.00209999386 0.0134000133
v 0.0369999976 0.00209999386 0.0142000138
v 0.0371999973 0.00169999396 0.0134000133
v 0.0369999976 0.00209999386 0.0142000138
v 0.0365999983 0.00209999386 0.0149000135
v 0.0369999976 0.00169999396 0.0142000138
v 0.0365999983 0.00209999386 0.0149000135
v 0.0365999983 0.00169999396 0.0149000135
v 0.0369999976 0.00169999396 0.0142000138
v 0.0369999976 0.00169999396 0.0142000138
v 0.0365999983 0.00169999396 0.0149000135
v 0.036899996 0.00129999394 0.0142000138
v 0.0365999983 0.00169999396 0.0149000135
v 0.0364999966 0.00129999394 0.0149000135
v 0.036899996 0.00129999394 0.0142000138
v -0.035000003 0.00129999394 0.0153000138
v -0.0358000016 0.00169999396 0.015200014
v -0.0358000016 0.00129999394 0.0151000141
v -0.035000003 0.00129999394 0.0153000138
v -0.035000003 0.00169999396 0.0154000136
v -0.0358000016 0.00169999396 0.015200014
v -0.035000003 0.00169999396 0.0154000136
v -0.0358000016 0.00209999386 0.015200014
v -0.0358000016 0.00169999396 0.015200014
v -0.035000003 0.00169999396 0.0154000136
v -0.035000003 0.00209999386 0.0154000136
v -0.0358000016 0.00209999386 0.015200014
v -0.0358000016 0.00169999396 0.015200014
v -0.0358000016 0.00209999386 0.015200014
v -0.0365000023 0.00209999386 0.0147000139
v -0.0358000016 0.00169999396 0.015200014
v -0.0365000023 0.00209999386 0.0147000139
v -0.0365000023 0.00169999396 0.0147000139
v -0.0358000016 0.00129999394 0.0151000141
v -0.0358000016 0.00169999396 0.015200014
v -0.0365000023 0.00169999396 0.0147000139
v -0.0358000016 0.00129999394 0.0151000141
v -0.0365000023 0.00169999396 0.0147000139
v -0.0365000023 0.00129999394 0.0147000139
v 0.0364999966 0.00129999394 0.0149000135
v 0.0358999977 0.00169999396 0.0153000138
v 0.0358999977 0.00129999394 0.0153000138
v 0.0365999983 0.00169999396 0.0149000135
v 0.0358999977 0.00169999396 0.0153000138
v 0.0364999966 0.00129999394 0.0149000135
v 0.0365999983 0.00169999396 0.0149000135
v 0.0358999977 0.00209999386 0.0153000138
v 0.0358999977 0.00169999396 0.0153000138
v 0.0365999983 0.00169999396 0.0149000135
v 0.0365999983 0.00209999386 0.0149000135
v 0.0358999977 0.00209999386 0.0153000138
v 0.0358999977 0.00169999396 0.0153000138
v 0.0358999977 0.00209999386 0.0153000138
v 0.035099999 0.00209999386 0.0156000133
v 0.0358999977 0.00169999396 0.0153000138
v 0.035099999 0.00209999386 0.0156000133
v 0.035099999 0.00169999396 0.0156000133
v 0.0358999977 0.00169999396 0.0153000138
v 0.035099999 0.00169999396 0.0156000133
v 0.0358999977 0.00129999394 0.0153000138
v 0.0358999977 0.00129999394 0.0153000138
v 0.035099999 0.00169999396 0.0156000133
v 0.035099999 0.00129999394 0.0155000135
v -0.0370000033 0.00169999396 0.0140000141
v -0.0369000016 0.00129999394 0.0140000141
v -0.0365000023 0.00129999394 0.0147000139
v -0.0370000033 0.00169999396 0.0140000141
v -0.0365000023 0.00129999394 0.0147000139
v -0.0365000023 0.00169999396 0.0147000139
v -0.0177000026 0.00039999393 0.000600013744
v -0.0181000037 0.00039999393 0.000500013739
v -0.0181000037 0.000499993963 0.00020001371
v -0.0177000026 0.00039999393 0.000600013744
v -0.0181000037 0.000499993963 0.00020001371
v -0.0177000026 0.000499993963 0.00020001371
v -0.0173000032 0.000499993963 0.000600013744
v -0.0177000026 0.00039999393 0.000600013744
v -0.0177000026 0.000499993963 0.00020001371
v -0.0173000032 0.000499993963 0.000600013744
v -0.0177000026 0.000499993963 0.00020001371
v -0.0174000031 0.000499993963 0.00030001373
v -0.0173000032 0.000499993963 0.00100001376
v -0.0177000026 0.00039999393 0.000600013744
v -0.0173000032 0.000499993963 0.000600013744
v -0.0173000032 0.000499993963 0.00100001376
v -0.0176000027 0.00039999393 0.00100001376
v -0.0177000026 0.00039999393 0.000600013744
v -0.0176000027 0.00039999393 0.00100001376
v -0.0181000037 0.00039999393 0.000500013739
v -0.0177000026 0.00039999393 0.000600013744
v -0.0176000027 0.00039999393 0.00100001376
v -0.0181000037 0.000299993954 0.00100001376
v -0.0181000037 0.00039999393 0.000500013739
v -0.0174000031 0.000499993963 0.00170001374
v -0.0177000026 0.00039999393 0.00140001367
v -0.0173000032 0.000499993963 0.00140001367
v -0.0177000026 0.000499993963 0.00180001368
v -0.0177000026 0.00039999393 0.00140001367
v -0.0174000031 0.000499993963 0.00170001374
v -0.0177000026 0.000499993963 0.00180001368
v -0.0181000037 0.00039999393 0.00140001367
v -0.0177000026 0.00039999393 0.00140001367
v -0.0181000037 0.000499993963 0.00180001368
v -0.0181000037 0.00039999393 0.00140001367
v -0.0177000026 0.000499993963 0.00180001368
v -0.0181000037 0.00039999393 0.00140001367
v -0.0181000037 0.000299993954 0.00100001376
v -0.0177000026 0.00039999393 0.00140001367
v -0.0177000026 0.00039999393 0.00140001367
v -0.0181000037 0.000299993954 0.00100001376
v -0.0176000027 0.00039999393 0.00100001376
v -0.0177000026 0.00039999393 0.00140001367
v -0.0176000027 0.00039999393 0.00100001376
v -0.0173000032 0.000499993963 0.00140001367
v -0.0173000032 0.000499993963 0.00140001367
v -0.0176000027 0.00039999393 0.00100001376
v -0.0173000032 0.000499993963 0.00100001376
v -0.0181000037 0.000499993963 0.00180001368
v -0.0185000031 0.00039999393 0.00140001367
v -0.0181000037 0.00039999393 0.00140001367
v -0.0181000037 0.000499993963 0.00180001368
v -0.0185000031 0.000499993963 0.00180001368
v -0.0185000031 0.00039999393 0.00140001367
v -0.0185000031 0.000499993963 0.00180001368
v -0.0189000024 0.000499993963 0.00140001367
v -0.0185000031 0.00039999393 0.00140001367
v -0.0185000031 0.000499993963 0.00180001368
v -0.0188000026 0.000499993963 0.00170001374
v -0.0189000024 0.000499993963 0.00140001367
v -0.0185000031 0.00039999393 0.00140001367
v -0.0189000024 0.000499993963 0.00140001367
v -0.0189000024 0.000499993963 0.00100001376
v -0.0185000031 0.00039999393 0.00140001367
v -0.0189000024 0.000499993963 0.00100001376
v -0.0185000031 0.00039999393 0.00100001376
v -0.0181000037 0.00039999393 0.00140001367
v -0.0185000031 0.00039999393 0.00140001367
v -0.0185000031 0.00039999393 0.00100001376
v -0.0181000037 0.00039999393 0.00140001367
v -0.0185000031 0.00039999393 0.00100001376
v -0.0181000037 0.000299993954 0.00100001376
v -0.0174000031 0.000499993963 0.00030001373
v -0.0177000026 0.000599993968 1.37152672e-08
v -0.0173000032 0.000699993915 0.00020001371
v -0.0174000031 0.000499993963 0.00030001373
v -0.0177000026 0.000499993963 0.00020001371
v -0.0177000026 0.000599993968 1.37152672e-08
v -0.0177000026 0.000499993963 0.00020001371
v -0.0181000037 0.000599993968 -9.99862822e-05
v -0.0177000026 0.000599993968 1.37152672e-08
v -0.0177000026 0.000499993963 0.00020001371
v -0.0181000037 0.000499993963 0.00020001371
v -0.0181000037 0.000599993968 -9.99862822e-05
v -0.0177000026 0.000599993968 1.37152672e-08
v -0.0181000037 0.000599993968 -9.99862822e-05
v -0.0181000037 0.00079999392 -0.000299986299
v -0.0176000027 0.00079999392 -0.00019998628
v -0.0177000026 0.000599993968 1.37152672e-08
v -0.0181000037 0.00079999392 -0.000299986299
v -0.0173000032 0.000699993915 0.00020001371
v -0.0177000026 0.000599993968 1.37152672e-08
v -0.0176000027 0.00079999392 -0.00019998628
v -0.0172000034 0.00079999392 0.000100013713
v -0.0173000032 0.000699993915 0.00020001371
v -0.0176000027 0.00079999392 -0.00019998628
v -0.0181000037 0.000499993963 0.00020001371
v -0.0185000031 0.000599993968 1.37152672e-08
v -0.0181000037 0.000599993968 -9.99862822e-05
v -0.0185000031 0.000499993963 0.00020001371
v -0.0185000031 0.000599993968 1.37152672e-08
v -0.0181000037 0.000499993963 0.00020001371
v -0.0189000024 0.000699993915 0.00020001371
v -0.0185000031 0.000599993968 1.37152672e-08
v -0.0185000031 0.000499993963 0.00020001371
v -0.0188000026 0.000499993963 0.00030001373
v -0.0189000024 0.000699993915 0.00020001371
v -0.0185000031 0.000499993963 0.00020001371
v -0.0185000031 0.000599993968 1.37152672e-08
v -0.0189000024 0.000699993915 0.00020001371
v -0.0190000022 0.00079999392 0.000100013713
v -0.0185000031 0.000599993968 1.37152672e-08
v -0.0190000022 0.00079999392 0.000100013713
v -0.0186000029 0.00079999392 -0.00019998628
v -0.0181000037 0.000599993968 -9.99862822e-05
v -0.0185000031 0.000599993968 1.37152672e-08
v -0.0186000029 0.00079999392 -0.00019998628
v -0.0181000037 0.000599993968 -9.99862822e-05
v -0.0186000029 0.00079999392 -0.00019998628
v -0.0181000037 0.00079999392 -0.000299986299
v -0.0173000032 0.000699993915 0.00180001368
v -0.0174000031 0.000499993963 0.00170001374
v -0.0171000036 0.000599993968 0.00140001367
v -0.0174000031 0.000499993963 0.00170001374
v -0.0173000032 0.000499993963 0.00140001367
v -0.0171000036 0.000599993968 0.00140001367
v -0.0171000036 0.000599993968 0.00140001367
v -0.0173000032 0.000499993963 0.00140001367
v -0.0170000038 0.000599993968 0.00100001376
v -0.0173000032 0.000499993963 0.00140001367
v -0.0173000032 0.000499993963 0.00100001376
v -0.0170000038 0.000599993968 0.00100001376
v -0.0168000022 0.00079999392 0.00100001376
v -0.0171000036 0.000599993968 0.00140001367
v -0.0170000038 0.000599993968 0.00100001376
v -0.0168000022 0.00079999392 0.00100001376
v -0.0169000021 0.00079999392 0.00150001373
v -0.0171000036 0.000599993968 0.00140001367
v -0.0169000021 0.00079999392 0.00150001373
v -0.0173000032 0.000699993915 0.00180001368
v -0.0171000036 0.000599993968 0.00140001367
v -0.0169000021 0.00079999392 0.00150001373
v -0.0172000034 0.00079999392 0.00190001375
v -0.0173000032 0.000699993915 0.00180001368
v -0.0170000038 0.000599993968 0.00100001376
v -0.0173000032 0.000499993963 0.00100001376
v -0.0171000036 0.000599993968 0.000600013744
v -0.0173000032 0.000499993963 0.00100001376
v -0.0173000032 0.000499993963 0.000600013744
v -0.0171000036 0.000599993968 0.000600013744
v -0.0173000032 0.000499993963 0.000600013744
v -0.0173000032 0.000699993915 0.00020001371
v -0.0171000036 0.000599993968 0.000600013744
v -0.0173000032 0.000499993963 0.000600013744
v -0.0174000031 0.000499993963 0.00030001373
v -0.0173000032 0.000699993915 0.00020001371
v -0.0172000034 0.00079999392 0.000100013713
v -0.0171000036 0.000599993968 0.000600013744
v -0.0173000032 0.000699993915 0.00020001371
v -0.0172000034 0.00079999392 0.000100013713
v -0.0169000021 0.00079999392 0.000500013739
v -0.0171000036 0.000599993968 0.000600013744
v -0.0169000021 0.00079999392 0.000500013739
v -0.0170000038 0.000599993968 0.00100001376
v -0.0171000036 0.000599993968 0.000600013744
v -0.0169000021 0.00079999392 0.000500013739
v -0.0168000022 0.00079999392 0.00100001376
v -0.0170000038 0.000599993968 0.00100001376
v -0.0185000031 0.000599993968 0.00200001381
v -0.0189000024 0.000699993915 0.00180001368
v -0.0188000026 0.000499993963 0.00170001374
v -0.0185000031 0.000599993968 0.00200001381
v -0.0188000026 0.000499993963 0.00170001374
v -0.0185000031 0.000499993963 0.00180001368
v -0.0181000037 0.000599993968 0.00210001364
v -0.0185000031 0.000599993968 0.00200001381
v -0.0185000031 0.000499993963 0.00180001368
v -0.0181000037 0.000599993968 0.00210001364
v -0.0185000031 0.000499993963 0.00180001368
v -0.0181000037 0.000499993963 0.00180001368
v -0.0181000037 0.000599993968 0.00210001364
v -0.0181000037 0.00079999392 0.0022000137
v -0.0185000031 0.000599993968 0.00200001381
v -0.0181000037 0.00079999392 0.0022000137
v -0.0186000029 0.00079999392 0.00210001364
v -0.0185000031 0.000599993968 0.00200001381
v -0.0185000031 0.000599993968 0.00200001381
v -0.0186000029 0.00079999392 0.00210001364
v -0.0189000024 0.000699993915 0.00180001368
v -0.0186000029 0.00079999392 0.00210001364
v -0.0190000022 0.00079999392 0.00190001375
v -0.0189000024 0.000699993915 0.00180001368
v -0.0181000037 0.000599993968 0.00210001364
v -0.0181000037 0.000499993963 0.00180001368
v -0.0177000026 0.000599993968 0.00200001381
v -0.0177000026 0.000599993968 0.00200001381
v -0.0181000037 0.000499993963 0.00180001368
v -0.0177000026 0.000499993963 0.00180001368
v -0.0177000026 0.000599993968 0.00200001381
v -0.0177000026 0.000499993963 0.00180001368
v -0.0173000032 0.000699993915 0.00180001368
v -0.0173000032 0.000699993915 0.00180001368
v -0.0177000026 0.000499993963 0.00180001368
v -0.0174000031 0.000499993963 0.00170001374
v -0.0172000034 0.00079999392 0.00190001375
v -0.0177000026 0.000599993968 0.00200001381
v -0.0173000032 0.000699993915 0.00180001368
v -0.0172000034 0.00079999392 0.00190001375
v -0.0176000027 0.00079999392 0.00210001364
v -0.0177000026 0.000599993968 0.00200001381
v -0.0176000027 0.00079999392 0.00210001364
v -0.0181000037 0.000599993968 0.00210001364
v -0.0177000026 0.000599993968 0.00200001381
v -0.0176000027 0.00079999392 0.00210001364
v -0.0181000037 0.00079999392 0.0022000137
v -0.0181000037 0.000599993968 0.00210001364
v -0.0191000021 0.000599993968 0.000600013744
v -0.0189000024 0.000699993915 0.00020001371
v -0.0188000026 0.000499993963 0.00030001373
v -0.0189000024 0.000499993963 0.000600013744
v -0.0191000021 0.000599993968 0.000600013744
v -0.0188000026 0.000499993963 0.00030001373
v -0.0192000037 0.000599993968 0.00100001376
v -0.0191000021 0.000599993968 0.000600013744
v -0.0189000024 0.000499993963 0.000600013744
v -0.0192000037 0.000599993968 0.00100001376
v -0.0189000024 0.000499993963 0.000600013744
v -0.0189000024 0.000499993963 0.00100001376
v -0.0193000036 0.00079999392 0.00100001376
v -0.0191000021 0.000599993968 0.000600013744
v -0.0192000037 0.000599993968 0.00100001376
v -0.0192000037 0.00079999392 0.000500013739
v -0.0191000021 0.000599993968 0.000600013744
v -0.0193000036 0.00079999392 0.00100001376
v -0.0192000037 0.00079999392 0.000500013739
v -0.0189000024 0.000699993915 0.00020001371
v -0.0191000021 0.000599993968 0.000600013744
v -0.0190000022 0.00079999392 0.000100013713
v -0.0189000024 0.000699993915 0.00020001371
v -0.0192000037 0.00079999392 0.000500013739
v -0.0191000021 0.000599993968 0.00140001367
v -0.0192000037 0.000599993968 0.00100001376
v -0.0189000024 0.000499993963 0.00100001376
v -0.0191000021 0.000599993968 0.00140001367
v -0.0189000024 0.000499993963 0.00100001376
v -0.0189000024 0.000499993963 0.00140001367
v -0.0189000024 0.000699993915 0.00180001368
v -0.0191000021 0.000599993968 0.00140001367
v -0.0189000024 0.000499993963 0.00140001367
v -0.0189000024 0.000699993915 0.00180001368
v -0.0189000024 0.000499993963 0.00140001367
v -0.0188000026 0.000499993963 0.00170001374
v -0.0190000022 0.00079999392 0.00190001375
v -0.0191000021 0.000599993968 0.00140001367
v -0.0189000024 0.000699993915 0.00180001368
v -0.0192000037 0.00079999392 0.00150001373
v -0.0191000021 0.000599993968 0.00140001367
v -0.0190000022 0.00079999392 0.00190001375
v -0.0192000037 0.00079999392 0.00150001373
v -0.0192000037 0.000599993968 0.00100001376
v -0.0191000021 0.000599993968 0.00140001367
v -0.0193000036 0.00079999392 0.00100001376
v -0.0192000037 0.000599993968 0.00100001376
v -0.0192000037 0.00079999392 0.00150001373
v 0.035099999 0.00169999396 -0.0139999867
v 0.035099999 0.00129999394 -0.013899986
v 0.034599998 0.00169999396 -0.0140999865
v 0.035099999 0.00129999394 -0.013899986
v 0.034599998 0.00129999394 -0.0139999867
v 0.034599998 0.00169999396 -0.0140999865
v 0.034599998 0.00169999396 -0.0140999865
v 0.034599998 0.00129999394 -0.0139999867
v 0.032499996 0.00169999396 -0.0140999865
v 0.034599998 0.00129999394 -0.0139999867
v 0.032499996 0.00129999394 -0.0139999867
v 0.032499996 0.00169999396 -0.0140999865
v 0.034599998 0.00169999396 -0.0140999865
v 0.032499996 0.00169999396 -0.0140999865
v 0.032499996 0.00209999386 -0.0140999865
v -0.0083000027 0.000499993963 0.000600013744
v -0.00860000312 0.000499993963 0.00020001371
v -0.00840000253 0.000499993963 0.00030001373
v -0.00820000287 0.000499993963 0.00100001376
v -0.00860000312 0.00039999393 0.000600013744
v -0.0083000027 0.000499993963 0.000600013744
v -0.00820000287 0.000499993963 0.00100001376
v -0.00860000312 0.00039999393 0.00100001376
v -0.00860000312 0.00039999393 0.000600013744
v -0.00860000312 0.00039999393 0.00100001376
v -0.00900000244 0.00039999393 0.000500013739
v -0.00860000312 0.00039999393 0.000600013744
v -0.00860000312 0.00039999393 0.00100001376
v -0.00900000244 0.000299993954 0.00100001376
v -0.00900000244 0.00039999393 0.000500013739
v -0.00840000253 0.000499993963 0.00170001374
v -0.00860000312 0.00039999393 0.00140001367
v -0.0083000027 0.000499993963 0.00140001367
v -0.00860000312 0.000499993963 0.00180001368
v -0.00860000312 0.00039999393 0.00140001367
v -0.00840000253 0.000499993963 0.00170001374
v -0.00860000312 0.000499993963 0.00180001368
v -0.00900000244 0.00039999393 0.00140001367
v -0.00860000312 0.00039999393 0.00140001367
v -0.00900000244 0.000499993963 0.00180001368
v -0.00900000244 0.00039999393 0.00140001367
v -0.00860000312 0.000499993963 0.00180001368
v -0.00900000244 0.00039999393 0.00140001367
v -0.00900000244 0.000299993954 0.00100001376
v -0.00860000312 0.00039999393 0.00140001367
v -0.00860000312 0.00039999393 0.00140001367
v -0.00900000244 0.000299993954 0.00100001376
v -0.00860000312 0.00039999393 0.00100001376
v -0.00860000312 0.00039999393 0.00140001367
v -0.00860000312 0.00039999393 0.00100001376
v -0.0083000027 0.000499993963 0.00140001367
v -0.0083000027 0.000499993963 0.00140001367
v -0.00860000312 0.00039999393 0.00100001376
v -0.00820000287 0.000499993963 0.00100001376
v -0.00900000244 0.000499993963 0.00180001368
v -0.00950000253 0.00039999393 0.00140001367
v -0.00900000244 0.00039999393 0.00140001367
v -0.00900000244 0.000499993963 0.00180001368
v -0.00950000253 0.000499993963 0.00180001368
v -0.00950000253 0.00039999393 0.00140001367
v -0.00950000253 0.000499993963 0.00180001368
v -0.00980000295 0.000499993963 0.00140001367
v -0.00950000253 0.00039999393 0.00140001367
v -0.00950000253 0.000499993963 0.00180001368
v -0.00970000312 0.000499993963 0.00170001374
v -0.00980000295 0.000499993963 0.00140001367
v -0.00950000253 0.00039999393 0.00140001367
v -0.00980000295 0.000499993963 0.00140001367
v -0.00990000278 0.000499993963 0.00100001376
v -0.00950000253 0.00039999393 0.00140001367
v -0.00990000278 0.000499993963 0.00100001376
v -0.00950000253 0.00039999393 0.00100001376
v -0.00900000244 0.00039999393 0.00140001367
v -0.00950000253 0.00039999393 0.00140001367
v -0.00950000253 0.00039999393 0.00100001376
v -0.00900000244 0.00039999393 0.00140001367
v -0.00950000253 0.00039999393 0.00100001376
v -0.00900000244 0.000299993954 0.00100001376
v -0.00840000253 0.000499993963 0.00030001373
v -0.00860000312 0.000599993968 1.37152672e-08
v -0.0083000027 0.000699993915 0.00020001371
v -0.00840000253 0.000499993963 0.00030001373
v -0.00860000312 0.000499993963 0.00020001371
v -0.00860000312 0.000599993968 1.37152672e-08
v -0.00860000312 0.000499993963 0.00020001371
v -0.00900000244 0.000599993968 -9.99862822e-05
v -0.00860000312 0.000599993968 1.37152672e-08
v -0.00860000312 0.000499993963 0.00020001371
v -0.00900000244 0.000499993963 0.00020001371
v -0.00900000244 0.000599993968 -9.99862822e-05
v -0.00860000312 0.000599993968 1.37152672e-08
v -0.00900000244 0.000599993968 -9.99862822e-05
v -0.00900000244 0.00079999392 -0.000299986299
v -0.00860000312 0.00079999392 -0.00019998628
v -0.00860000312 0.000599993968 1.37152672e-08
v -0.00900000244 0.00079999392 -0.000299986299
v -0.0083000027 0.000699993915 0.00020001371
v -0.00860000312 0.000599993968 1.37152672e-08
v -0.00860000312 0.00079999392 -0.00019998628
v -0.00820000287 0.00079999392 0.000100013713
v -0.0083000027 0.000699993915 0.00020001371
v -0.00860000312 0.00079999392 -0.00019998628
v -0.00900000244 0.000499993963 0.00020001371
v -0.00950000253 0.000599993968 1.37152672e-08
v -0.00900000244 0.000599993968 -9.99862822e-05
v -0.00950000253 0.000499993963 0.00020001371
v -0.00950000253 0.000599993968 1.37152672e-08
v -0.00900000244 0.000499993963 0.00020001371
v -0.00980000295 0.000699993915 0.00020001371
v -0.00950000253 0.000599993968 1.37152672e-08
v -0.00950000253 0.000499993963 0.00020001371
v -0.00970000312 0.000499993963 0.00030001373
v -0.00980000295 0.000699993915 0.00020001371
v -0.00950000253 0.000499993963 0.00020001371
v -0.00950000253 0.000599993968 1.37152672e-08
v -0.00980000295 0.000699993915 0.00020001371
v -0.00990000278 0.00079999392 0.000100013713
v -0.00950000253 0.000599993968 1.37152672e-08
v -0.00990000278 0.00079999392 0.000100013713
v -0.00950000253 0.00079999392 -0.00019998628
v -0.00900000244 0.000599993968 -9.99862822e-05
v -0.00950000253 0.000599993968 1.37152672e-08
v -0.00950000253 0.00079999392 -0.00019998628
v -0.00900000244 0.000599993968 -9.99862822e-05
v -0.00950000253 0.00079999392 -0.00019998628
v -0.00900000244 0.00079999392 -0.000299986299
v -0.0083000027 0.000699993915 0.00180001368
v -0.00840000253 0.000499993963 0.00170001374
v -0.00800000321 0.000599993968 0.00140001367
v -0.00840000253 0.000499993963 0.00170001374
v -0.0083000027 0.000499993963 0.00140001367
v -0.00800000321 0.000599993968 0.00140001367
v -0.00800000321 0.000599993968 0.00140001367
v -0.0083000027 0.000499993963 0.00140001367
v -0.00800000321 0.000599993968 0.00100001376
v -0.0083000027 0.000499993963 0.00140001367
v -0.00820000287 0.000499993963 0.00100001376
v -0.00800000321 0.000599993968 0.00100001376
v -0.00780000262 0.00079999392 0.00100001376
v -0.00800000321 0.000599993968 0.00140001367
v -0.00800000321 0.000599993968 0.00100001376
v -0.00780000262 0.00079999392 0.00100001376
v -0.00790000245 0.00079999392 0.00150001373
v -0.00800000321 0.000599993968 0.00140001367
v -0.00790000245 0.00079999392 0.00150001373
v -0.0083000027 0.000699993915 0.00180001368
v -0.00800000321 0.000599993968 0.00140001367
v -0.00790000245 0.00079999392 0.00150001373
v -0.00820000287 0.00079999392 0.00190001375
v -0.0083000027 0.000699993915 0.00180001368
v -0.00800000321 0.000599993968 0.00100001376
v -0.00820000287 0.000499993963 0.00100001376
v -0.00800000321 0.000599993968 0.000600013744
v -0.00820000287 0.000499993963 0.00100001376
v -0.0083000027 0.000499993963 0.000600013744
v -0.00800000321 0.000599993968 0.000600013744
v -0.0083000027 0.000499993963 0.000600013744
v -0.0083000027 0.000699993915 0.00020001371
v -0.00800000321 0.000599993968 0.000600013744
v -0.0083000027 0.000499993963 0.000600013744
v -0.00840000253 0.000499993963 0.00030001373
v -0.0083000027 0.000699993915 0.00020001371
v -0.00820000287 0.00079999392 0.000100013713
v -0.00800000321 0.000599993968 0.000600013744
v -0.0083000027 0.000699993915 0.00020001371
v -0.00820000287 0.00079999392 0.000100013713
v -0.00790000245 0.00079999392 0.000500013739
v -0.00800000321 0.000599993968 0.000600013744
v -0.00790000245 0.00079999392 0.000500013739
v -0.00800000321 0.000599993968 0.00100001376
v -0.00800000321 0.000599993968 0.000600013744
v -0.00790000245 0.00079999392 0.000500013739
v -0.00780000262 0.00079999392 0.00100001376
v -0.00800000321 0.000599993968 0.00100001376
v -0.00950000253 0.000599993968 0.00200001381
v -0.00980000295 0.000699993915 0.00180001368
v -0.00970000312 0.000499993963 0.00170001374
v -0.00950000253 0.000599993968 0.00200001381
v -0.00970000312 0.000499993963 0.00170001374
v -0.00950000253 0.000499993963 0.00180001368
v -0.00900000244 0.000599993968 0.00210001364
v -0.00950000253 0.000599993968 0.00200001381
v -0.00950000253 0.000499993963 0.00180001368
v -0.00900000244 0.000599993968 0.00210001364
v -0.00950000253 0.000499993963 0.00180001368
v -0.00900000244 0.000499993963 0.00180001368
v -0.00900000244 0.000599993968 0.00210001364
v -0.00900000244 0.00079999392 0.0022000137
v -0.00950000253 0.000599993968 0.00200001381
v -0.00900000244 0.00079999392 0.0022000137
v -0.00950000253 0.00079999392 0.00210001364
v -0.00950000253 0.000599993968 0.00200001381
v -0.00950000253 0.000599993968 0.00200001381
v -0.00950000253 0.00079999392 0.00210001364
v -0.00980000295 0.000699993915 0.00180001368
v -0.00950000253 0.00079999392 0.00210001364
v -0.00990000278 0.00079999392 0.00190001375
v -0.00980000295 0.000699993915 0.00180001368
v -0.00900000244 0.000599993968 0.00210001364
v -0.00900000244 0.000499993963 0.00180001368
v -0.00860000312 0.000599993968 0.00200001381
v -0.00860000312 0.000599993968 0.00200001381
v -0.00900000244 0.000499993963 0.00180001368
v -0.00860000312 0.000499993963 0.00180001368
v -0.00860000312 0.000599993968 0.00200001381
v -0.00860000312 0.000499993963 0.00180001368
v -0.0083000027 0.000699993915 0.00180001368
v -0.0083000027 0.000699993915 0.00180001368
v -0.00860000312 0.000499993963 0.00180001368
v -0.00840000253 0.000499993963 0.00170001374
v -0.00820000287 0.00079999392 0.00190001375
v -0.00860000312 0.000599993968 0.00200001381
v -0.0083000027 0.000699993915 0.00180001368
v -0.00820000287 0.00079999392 0.00190001375
v -0.00860000312 0.00079999392 0.00210001364
v -0.00860000312 0.000599993968 0.00200001381
v -0.00860000312 0.00079999392 0.00210001364
v -0.00900000244 0.000599993968 0.00210001364
v -0.00860000312 0.000599993968 0.00200001381
v -0.00860000312 0.00079999392 0.00210001364
v -0.00900000244 0.00079999392 0.0022000137
v -0.00900000244 0.000599993968 0.00210001364
v -0.0101000024 0.000599993968 0.000600013744
v -0.00980000295 0.000699993915 0.00020001371
v -0.00970000312 0.000499993963 0.00030001373
v -0.00980000295 0.000499993963 0.000600013744
v -0.0101000024 0.000599993968 0.000600013744
v -0.00970000312 0.000499993963 0.00030001373
v -0.0101000024 0.000599993968 0.00100001376
v -0.0101000024 0.000599993968 0.000600013744
v -0.00980000295 0.000499993963 0.000600013744
v -0.0101000024 0.000599993968 0.00100001376
v -0.00980000295 0.000499993963 0.000600013744
v -0.00990000278 0.000499993963 0.00100001376
v -0.010300003 0.00079999392 0.00100001376
v -0.0101000024 0.000599993968 0.000600013744
v -0.0101000024 0.000599993968 0.00100001376
v -0.0102000032 0.00079999392 0.000500013739
v -0.0101000024 0.000599993968 0.000600013744
v -0.010300003 0.00079999392 0.00100001376
v -0.0102000032 0.00079999392 0.000500013739
v -0.00980000295 0.000699993915 0.00020001371
v -0.0101000024 0.000599993968 0.000600013744
v -0.00990000278 0.00079999392 0.000100013713
v -0.00980000295 0.000699993915 0.00020001371
v -0.0102000032 0.00079999392 0.000500013739
v -0.0101000024 0.000599993968 0.00140001367
v -0.0101000024 0.000599993968 0.00100001376
v -0.00990000278 0.000499993963 0.00100001376
v -0.0101000024 0.000599993968 0.00140001367
v -0.00990000278 0.000499993963 0.00100001376
v -0.00980000295 0.000499993963 0.00140001367
v -0.00980000295 0.000699993915 0.00180001368
v -0.0101000024 0.000599993968 0.00140001367
v -0.00980000295 0.000499993963 0.00140001367
v -0.00980000295 0.000699993915 0.00180001368
v -0.00980000295 0.000499993963 0.00140001367
v -0.00970000312 0.000499993963 0.00170001374
v -0.00990000278 0.00079999392 0.00190001375
v -0.0101000024 0.000599993968 0.00140001367
v -0.00980000295 0.000699993915 0.00180001368
v -0.0102000032 0.00079999392 0.00150001373
v -0.0101000024 0.000599993968 0.00140001367
v -0.00990000278 0.00079999392 0.00190001375
v -0.0102000032 0.00079999392 0.00150001373
v -0.0101000024 0.000599993968 0.00100001376
v -0.0101000024 0.000599993968 0.00140001367
v -0.010300003 0.00079999392 0.00100001376
v -0.0101000024 0.000599993968 0.00100001376
v -0.0102000032 0.00079999392 0.00150001373
v -0.0189000024 0.000499993963 0.000600013744
v -0.0188000026 0.000499993963 0.00030001373
v -0.0185000031 0.00039999393 0.000600013744
v -0.0185000031 0.00039999393 0.000600013744
v -0.0188000026 0.000499993963 0.00030001373
v -0.0185000031 0.000499993963 0.00020001371
v -0.0185000031 0.00039999393 0.000600013744
v -0.0185000031 0.000499993963 0.00020001371
v -0.0181000037 0.00039999393 0.000500013739
v -0.0181000037 0.00039999393 0.000500013739
v -0.0185000031 0.000499993963 0.00020001371
v -0.0181000037 0.000499993963 0.00020001371
v -0.0181000037 0.000299993954 0.00100001376
v -0.0185000031 0.00039999393 0.000600013744
v -0.0181000037 0.00039999393 0.000500013739
v -0.0185000031 0.00039999393 0.00100001376
v -0.0185000031 0.00039999393 0.000600013744
v -0.0181000037 0.000299993954 0.00100001376
v -0.0185000031 0.00039999393 0.00100001376
v -0.0189000024 0.000499993963 0.000600013744
v -0.0185000031 0.00039999393 0.000600013744
v -0.0189000024 0.000499993963 0.00100001376
v -0.0189000024 0.000499993963 0.000600013744
v -0.0185000031 0.00039999393 0.00100001376
v 0.0180999981 0.000299993954 0.00100001376
v 0.0176999969 0.00039999393 0.000600013744
v 0.0180999981 0.00039999393 0.000500013739
v 0.0176999969 0.00039999393 0.000600013744
v 0.0176999969 0.000499993963 0.00020001371
v 0.0180999981 0.00039999393 0.000500013739
v 0.0175999971 0.00039999393 0.00100001376
v 0.0176999969 0.00039999393 0.000600013744
v 0.0180999981 0.000299993954 0.00100001376
v 0.0176999969 0.00039999393 0.000600013744
v 0.0173999974 0.000499993963 0.00030001373
v 0.0176999969 0.000499993963 0.00020001371
v 0.0184999974 0.00039999393 0.000600013744
v 0.0180999981 0.000499993963 0.00020001371
v 0.0184999974 0.000499993963 0.00020001371
v 0.0188999967 0.000499993963 0.000600013744
v 0.0184999974 0.00039999393 0.000600013744
v 0.0184999974 0.000499993963 0.00020001371
v 0.0184999974 0.00039999393 0.000600013744
v 0.0180999981 0.00039999393 0.000500013739
v 0.0180999981 0.000499993963 0.00020001371
v 0.0175999971 0.00039999393 0.00100001376
v 0.0172999976 0.000499993963 0.000600013744
v 0.0176999969 0.00039999393 0.000600013744
v 0.0172999976 0.000499993963 0.00100001376
v 0.0172999976 0.000499993963 0.000600013744
v 0.0175999971 0.00039999393 0.00100001376
v 0.0188999967 0.000499993963 0.000600013744
v 0.0184999974 0.000499993963 0.00020001371
v 0.0187999969 0.000499993963 0.00030001373
v 0.0188999967 0.000499993963 0.00100001376
v 0.0184999974 0.00039999393 0.000600013744
v 0.0188999967 0.000499993963 0.000600013744
v 0.0188999967 0.000499993963 0.00100001376
v 0.0184999974 0.00039999393 0.00100001376
v 0.0184999974 0.00039999393 0.000600013744
v 0.0172999976 0.000499993963 0.000600013744
v 0.0173999974 0.000499993963 0.00030001373
v 0.0176999969 0.00039999393 0.000600013744
v 0.0184999974 0.00039999393 0.00100001376
v 0.0180999981 0.00039999393 0.000500013739
v 0.0184999974 0.00039999393 0.000600013744
v 0.0184999974 0.00039999393 0.00100001376
v 0.0180999981 0.000299993954 0.00100001376
v 0.0180999981 0.00039999393 0.000500013739
v 0.0187999969 0.000499993963 0.00170001374
v 0.0184999974 0.00039999393 0.00140001367
v 0.0188999967 0.000499993963 0.00140001367
v 0.0184999974 0.000499993963 0.00180001368
v 0.0184999974 0.00039999393 0.00140001367
v 0.0187999969 0.000499993963 0.00170001374
v 0.0184999974 0.000499993963 0.00180001368
v 0.0180999981 0.00039999393 0.00140001367
v 0.0184999974 0.00039999393 0.00140001367
v 0.0180999981 0.00039999393 0.000500013739
v 0.0176999969 0.000499993963 0.00020001371
v 0.0180999981 0.000499993963 0.00020001371
v 0.0180999981 0.000499993963 0.00180001368
v 0.0180999981 0.00039999393 0.00140001367
v 0.0184999974 0.000499993963 0.00180001368
vt 0.0279957205 0.0126364902
vt 0.0276248492 0.0125948302
vt 0.0279970709 0.0107099004
vt 0.0277407207 0.0118579296
vt 0.0277858898 0.0111471703
vt 0.0281567499 0.0111889103
vt 0.0278985891 0.0117752599
vt 0.0275329109 0.0117104398
vt 0.02794859 0.0110411895
vt 0.0353559405 0.0130262095
vt 0.0348680206 0.0129674897
vt 0.0354145095 0.01231643
vt 0.0349433087 0.01303872
vt 0.0349890515 0.0123455999
vt 0.0354899094 0.01238776
vt 0.0354715511 0.0126079898
vt 0.0349706896 0.01256584
vt 0.0354732797 0.0106881503
vt 0.0349719487 0.01256618
vt 0.0349734798 0.0106531698
vt 0.0354745388 0.0106884902
vt -0.02794143 0.0105808396
vt -0.0279413592 -0.00957139023
vt -0.0275704898 -0.00953488983
vt -0.0279414207 0.0105808396
vt -0.0275704693 -0.00953488983
vt -0.0275705494 0.0105461804
vt 0.03236828 -0.00963020045
vt -0.000860999979 9.10000017e-05
vt -0.03107729 -0.00949790981
vt 0.0323682092 0.0106360298
vt 0.00120029994 0.000745140016
vt -0.000861159991 9.15199998e-05
vt -0.0310773794 0.0105109001
vt -0.0310774501 -0.00949737988
vt 0.00120013999 0.000745659985
vt 0.0323680416 0.0106365597
vt 0.0344627015 0.0125504602
vt 0.0344627015 0.0106404303
vt 0.035027951 0.0106415497
vt 0.0350277089 0.0125517901
vt 0.0344627015 0.0125504602
vt 0.035027951 0.0106415497
vt 0.0344627015 0.0132812001
vt 0.0344627015 0.0125504602
vt 0.0350277089 0.0125517901
vt 0.0344627015 0.0132812001
vt 0.0350277089 0.0125517901
vt 0.0350211896 0.01327598
vt 0.0344627015 0.0132812001
vt 0.032368131 0.0132766897
vt 0.0344627015 0.0125504602
vt 0.032368131 0.0132766897
vt 0.032368131 0.0125455
vt 0.0344627015 0.0125504602
vt 0.0344627015 0.0125504602
vt 0.032368131 0.0125455
vt 0.0344627015 0.0106404303
vt 0.032368131 0.0125455
vt 0.032368131 0.0106362896
vt 0.0344627015 0.0106404303
vt 0.032368131 0.0125455
vt -0.0310772993 0.0123955598
vt -0.0310772993 0.0105106402
vt 0.032368131 0.0125455
vt -0.0310772993 0.0105106402
vt 0.032368131 0.0106362896
vt -0.0363686197 0.0105118304
vt -0.0363685787 -0.00949891005
vt -0.035657879 -0.00948803034
vt -0.0363686085 0.0105118398
vt -0.035657879 -0.00948803034
vt -0.0356579497 0.0105015105
vt 0.0357341804 0.0125534805
vt 0.0357350707 0.0106429597
vt 0.0364467613 0.0106558204
vt 0.0364450216 0.0125687802
vt 0.03573405 0.0125534302
vt 0.036446631 0.0106557701
vt 0.0357080884 0.0132535398
vt 0.0357341506 0.0125488099
vt 0.0364451185 0.0125641599
vt 0.0363930091 0.0132522099
vt 0.0357039198 0.0132486196
vt 0.0364409387 0.0125592304
vt 0.0350211896 0.01327598
vt 0.0357664414 0.0125535401
vt 0.0357403085 0.0132582597
vt 0.0350211896 0.01327598
vt 0.0350277089 0.0125517901
vt 0.0357664414 0.0125535401
vt 0.0357664414 0.0125535401
vt 0.0350277089 0.0125517901
vt 0.0357673317 0.0106430203
vt 0.0350277089 0.0125517901
vt 0.035027951 0.0106415497
vt 0.0357673317 0.0106430203
vt -0.0341452286 0.0105045596
vt -0.0348913819 -0.0094897002
vt -0.0341452286 -0.00949124992
vt -0.0341452695 0.0105045596
vt -0.0348914489 0.0105030797
vt -0.0348914191 -0.0094897002
vt 0.0324377492 -0.00507088983
vt -0.0311752707 -0.00441486994
vt -0.0311910994 -0.00477629993
vt 0.0324462987 -0.00543174986
vt 0.0324377492 -0.00507008983
vt -0.0311910994 -0.00477541983
vt -0.00166094 0.0325045884
vt -0.00206320011 -0.0311361309
vt -0.00166505005 -0.0311361607
vt -0.00166094 0.0325045884
vt -0.00205905992 0.0325046107
vt -0.00206320011 -0.0311361309
vt 0.0324163288 -0.0107237399
vt 0.032452479 -0.0110946205
vt 0.0345192105 -0.0107237399
vt 0.0345192105 -0.0107237399
vt 0.032452479 -0.0110946205
vt 0.0345615484 -0.0110946205
vt 0.0349839702 -0.00832052995
vt 0.0344439782 -0.00840330962
vt 0.034512341 -0.00877027959
vt 0.034959361 -0.00802794006
vt 0.0344904996 -0.00848057959
vt 0.0350520685 -0.00838761032
vt 0.0350134112 -0.0124241496
vt 0.0345347486 -0.0129757104
vt 0.0350772813 -0.0129115796
vt 0.0350154191 -0.0125410501
vt 0.0344885401 -0.01259067
vt 0.0345353894 -0.0130914003
vt 0.0344768092 -0.01288787
vt 0.0324163288 -0.0133889997
vt 0.0345192105 -0.0133889997
vt 0.0323801488 -0.0128895501
vt 0.0324162208 -0.0133913001
vt 0.0344767198 -0.0128902402
vt 0.0324492082 0.01226022
vt -0.0311667994 0.01203591
vt -0.0311291702 0.0116651598
vt 0.0324492082 0.0122597599
vt -0.0311291702 0.01166467
vt 0.0324136689 0.0118888197
vt 0.0323681198 -0.01257334
vt 0.0323801599 -0.0132870497
vt 0.0344626307 -0.0125759598
vt 0.0344626792 -0.01257578
vt 0.0323802195 -0.0132868802
vt 0.0344767906 -0.0132875396
vt 0.0350044593 -0.0125422096
vt 0.03446538 -0.0125673199
vt 0.0344796591 -0.0132790701
vt 0.0350067206 -0.01253301
vt 0.0344821103 -0.0132699898
vt 0.0350092016 -0.0132226199
vt 0.0350211896 -0.0118343197
vt 0.034462709 -0.0125470003
vt 0.0350017883 -0.0125219598
vt 0.0350211896 -0.0118343197
vt 0.0344627015 -0.0118395304
vt 0.0344627015 -0.0125470003
vt 0.0344627015 -0.0118395304
vt 0.0323681906 -0.0125443796
vt 0.0344627015 -0.0125470003
vt 0.0323681086 -0.0118349297
vt 0.0323681794 -0.0125443405
vt 0.0344626904 -0.0118394904
vt 0.0323681906 -0.0113650598
vt 0.032368131 -0.0118349995
vt 0.0344627015 -0.0113701597
vt 0.0344626904 -0.0113701001
vt 0.0323681086 -0.0118349297
vt 0.0344626904 -0.0118394904
vt 0.0344627015 -0.0113701001
vt 0.0344627015 -0.0118394904
vt 0.0350277089 -0.0113714701
vt 0.0350277089 -0.0113714701
vt 0.0344627015 -0.0118394904
vt 0.0350211896 -0.0118342796
vt 0.0350278802 -0.00963549037
vt 0.0344627015 -0.0113701001
vt 0.0350277089 -0.0113714701
vt 0.0344627015 -0.00963431038
vt 0.0344627015 -0.0113701001
vt 0.0350278802 -0.00963549037
vt 0.0344627015 -0.00963431038
vt 0.0323681906 -0.0113650002
vt 0.0344627015 -0.0113701001
vt 0.0323681906 -0.00962994993
vt 0.0323681906 -0.0113650002
vt 0.0344627015 -0.00963431038
vt 0.0344627015 0.0140757896
vt 0.0323681906 0.0140731698
vt 0.032368131 0.0132766897
vt 0.0344627015 0.0140757896
vt 0.032368131 0.0132766897
vt 0.0344627015 0.0132812001
vt 0.0344627015 0.0140757896
vt 0.0344627015 0.0132812001
vt 0.0350017883 0.0140507501
vt 0.0350017883 0.0140507501
vt 0.0344627015 0.0132812001
vt 0.0350211896 0.01327598
vt 0.035006851 0.0147556402
vt 0.0344654582 0.0140911397
vt 0.0350045413 0.0140660303
vt 0.0344819613 0.0147961099
vt 0.0344675109 0.0140843699
vt 0.0350090489 0.0147487503
vt 0.034476731 0.0148125198
vt 0.0323681198 0.0140981404
vt 0.0344626307 0.0141007695
vt 0.0344767906 0.0148123801
vt 0.0323801599 0.0148117198
vt 0.0323681682 0.01409801
vt 0.032368131 0.0132766897
vt -0.03107737 0.0131195504
vt -0.0310772993 0.0123955598
vt 0.032368131 0.0132766897
vt -0.0310772993 0.0123955598
vt 0.032368131 0.0125455
vt -0.0311783198 -0.0043187798
vt -0.0342793986 -0.00463814987
vt -0.0311952606 -0.00468015019
vt -0.0311783198 -0.00431877002
vt -0.0342603996 -0.00427681021
vt -0.0342793986 -0.00463816011
vt -0.0325682387 0.0065724398
vt -0.03341024 0.00650866982
vt -0.0327034108 0.00623679021
vt -0.0325833894 0.00660768012
vt -0.0332836285 0.00687548984
vt -0.0334253013 0.00654275995
vt -0.00166302 0.0327623002
vt -0.00166302 0.0335196108
vt -0.00206117006 0.0335196108
vt -0.00166302 0.0327623002
vt -0.00206117006 0.0335196108
vt -0.00206117006 0.0327623002
vt -0.00166158006 0.0311287306
vt -0.00166143 0.0342131592
vt -0.00205958006 0.0342131816
vt -0.00166158006 0.0311287306
vt -0.00205958006 0.0342131816
vt -0.00205973 0.0311287493
vt -0.00166456995 -0.0311233904
vt -0.00206272001 -0.0311233699
vt -0.00166472001 -0.0342078097
vt -0.00206272001 -0.0311233699
vt -0.00206286996 -0.0342077985
vt -0.00166472001 -0.0342078097
vt -0.00166313001 -0.0326151997
vt -0.00206127996 -0.0326151997
vt -0.00166313001 -0.0333725102
vt -0.00206127996 -0.0326151997
vt -0.00206127996 -0.0333725102
vt -0.00166313001 -0.0333725102
vt -0.0326408707 -0.00608822983
vt -0.0333461203 -0.00636419002
vt -0.0332020707 -0.00669588987
vt -0.0326459892 -0.00594499987
vt -0.0327787809 -0.00560839986
vt -0.0333477594 -0.00620878022
vt -0.0311952606 0.00506066019
vt -0.0342793986 0.00501867011
vt -0.0342603996 0.00465732021
vt -0.0311783198 0.00469925022
vt -0.0311952606 0.00506062014
vt -0.0342603996 0.00465728017
vt -0.0310899001 0.0146490503
vt -0.0341454186 0.0139278704
vt -0.0310774893 0.0139369303
vt -0.0310899094 0.0146490103
vt -0.0341597982 0.0146389203
vt -0.0341454297 0.0139278201
vt -0.0341619886 0.0146325603
vt -0.0348678194 0.0138935102
vt -0.0341474898 0.0139214601
vt -0.0341638699 0.0146256499
vt -0.0348723084 0.0145757403
vt -0.0348695591 0.0138864703
vt -0.0341452286 0.0139032099
vt -0.0348655581 0.0138753299
vt -0.0348848887 0.0131032905
vt -0.0341452286 0.0139032099
vt -0.0348848887 0.0131032905
vt -0.0341452286 0.0131116398
vt -0.0310773104 0.0139122503
vt -0.0341452397 0.0139032099
vt -0.0341452397 0.0131116398
vt -0.0310773104 0.0139122503
vt -0.0341452397 0.0131116398
vt -0.0310773794 0.0131195504
vt -0.0311677605 0.0120197004
vt -0.0342060588 0.0116346497
vt -0.0311299395 0.0116489697
vt -0.0311677493 0.0120205795
vt -0.0342500806 0.0120062297
vt -0.0342060514 0.0116355596
vt -0.0342397988 0.01027124
vt -0.0348978899 0.00981703959
vt -0.0341761112 0.00990343001
vt -0.0342271104 0.00998912007
vt -0.0349705294 0.00989229046
vt -0.0348827392 0.00953137968
vt -0.0342191495 0.0143471602
vt -0.0349430218 0.0142804096
vt -0.0348795801 0.0137930997
vt -0.0342180505 0.01444594
vt -0.0348795615 0.0138931703
vt -0.0341712981 0.0139454603
vt -0.0311278608 0.0146767702
vt -0.0342039987 0.0146658104
vt -0.0341605693 0.0141650299
vt -0.0311278105 0.0146782398
vt -0.0341605283 0.0141665395
vt -0.0310906395 0.0141771203
vt -0.0311291702 -0.0105518904
vt 0.0324492082 -0.0111469803
vt 0.0324136689 -0.0107760401
vt -0.0311291702 -0.0105523299
vt -0.0311667994 -0.0109230801
vt 0.0324492082 -0.0111473901
vt 0.0323680304 -0.0125735598
vt -0.0310898591 -0.0131243402
vt 0.0323800817 -0.0132872704
vt -0.0310774595 -0.01241221
vt -0.0310898591 -0.01312433
vt 0.0323680416 -0.0125735505
vt -0.0310773794 0.0131195504
vt -0.0341452397 0.0123883104
vt -0.0310773104 0.0123955598
vt -0.0310773794 0.0131195504
vt -0.0341452397 0.0131116398
vt -0.0341452397 0.0123883104
vt -0.0341452286 0.0131116398
vt -0.0348913819 0.01238654
vt -0.0341452286 0.0123883104
vt -0.0341452286 0.0131116398
vt -0.0348848887 0.0131032905
vt -0.0348913819 0.01238654
vt -0.0341452286 0.0123883104
vt -0.0348913819 0.01238654
vt -0.0348914117 0.0105030797
vt -0.0341452695 0.0123883197
vt -0.0348914489 0.0105031002
vt -0.0341452695 0.0105045801
vt -0.0310773104 0.0123955701
vt -0.0341452397 0.0123883197
vt -0.0341452397 0.0105045801
vt -0.0310772993 0.0123955598
vt -0.0341452286 0.0105045596
vt -0.0310772993 0.0105106402
vt 0.0323681906 -0.0113650598
vt -0.03107737 -0.0116767501
vt 0.0323681198 -0.0118349995
vt -0.0310772993 -0.0112106204
vt -0.03107737 -0.0116766896
vt 0.0323681906 -0.0113650002
vt -0.0108744102 0.0105924904
vt -0.0105128298 -0.00957129989
vt -0.0105128502 0.0105809299
vt -0.0108809602 -0.00958358962
vt -0.01051939 -0.00957142003
vt -0.0108809704 0.0105923703
vt 0.0108977202 -0.0114571303
vt 0.0108981198 -0.00970423967
vt 0.0105365599 -0.00969198998
vt 0.0108979 -0.0114570903
vt 0.0105367396 -0.00969194993
vt 0.0105363298 -0.0114427898
vt 0.0110817803 -0.00677243015
vt 0.01109982 -0.00629123021
vt 0.0107382601 -0.00627677981
vt 0.0109550199 -0.00685716979
vt 0.0106112398 -0.00636170013
vt 0.0105940504 -0.00683529023
vt 0.00206112 -0.00635262998
vt 0.00166300999 -0.00587109989
vt 0.00166300999 -0.00635262998
vt 0.00206112 -0.00635262998
vt 0.00206112 -0.00587109989
vt 0.00166300999 -0.00587109989
vt 0.00206113001 -0.0114545804
vt 0.00166300999 -0.00970168971
vt 0.00166300999 -0.0114545804
vt 0.00206113001 -0.0114545804
vt 0.00206113001 -0.00970168971
vt 0.00166300999 -0.00970168971
vt 0.0279967692 0.0107265301
vt 0.02762587 0.0106916204
vt 0.0276254993 -0.00968732964
vt 0.0279968493 0.0107265301
vt 0.0276255794 -0.00968733989
vt 0.0279964805 -0.00972408988
vt -0.0275707506 -0.00953228958
vt -0.02794162 -0.00956878997
vt -0.0275705494 -0.0112514896
vt -0.0279416591 -0.00956880022
vt -0.0279414598 -0.0112941004
vt -0.0275705904 -0.0112514999
vt -0.0278315898 -0.00895391032
vt -0.0282024406 -0.00899668969
vt -0.0277866796 -0.00939907972
vt -0.0280503407 -0.00881715026
vt -0.0280005392 -0.00928477012
vt -0.02763482 -0.00921978988
vt -0.0353602096 -0.0107916202
vt -0.0353021882 -0.0112352604
vt -0.0348142982 -0.01117751
vt -0.0349255912 -0.0108555397
vt -0.0354263708 -0.0108976597
vt -0.0348803587 -0.01128342
vt -0.03539709 -0.00953446981
vt -0.0353968292 -0.0112536699
vt -0.0348960496 -0.0112115797
vt -0.0348963104 -0.00949839037
vt -0.0353970788 -0.00953445956
vt -0.0348960496 -0.0112115704
vt -0.0310772993 0.0105106402
vt -0.0341452286 0.0105045596
vt -0.03107737 -0.00949764997
vt -0.0341452286 0.0105045596
vt -0.0341452286 -0.00949124992
vt -0.03107737 -0.00949764997
vt 0.035027951 0.0106415497
vt 0.0344627015 0.0106404396
vt 0.0350278802 -0.00963549037
vt 0.0344627015 0.0106404396
vt 0.0344627015 -0.00963431038
vt 0.0350278802 -0.00963549037
vt 0.0344627015 0.0106404396
vt 0.0323681906 -0.00962994993
vt 0.0344627015 -0.00963431038
vt 0.0344627015 0.0106404396
vt 0.032368131 0.0106362896
vt 0.0323681906 -0.00962994993
vt -0.035657879 -0.00948802009
vt -0.0363685787 -0.0094988998
vt -0.0356577486 -0.0111993896
vt -0.03636856 -0.00949888956
vt -0.0363682806 -0.0112120695
vt -0.0356577188 -0.0111993803
vt -0.0356578492 -0.0111918999
vt -0.0363684185 -0.0112045901
vt -0.0356321 -0.01163154
vt -0.0363642313 -0.0111965397
vt -0.0363168418 -0.0116241798
vt -0.0356279202 -0.0116234999
vt -0.0356899798 -0.0111993998
vt -0.0356641598 -0.0116390297
vt -0.0348848887 -0.01166037
vt -0.0356899798 -0.0111993998
vt -0.0348848887 -0.01166037
vt -0.0348913409 -0.0112013398
vt -0.0356901214 -0.00948803034
vt -0.0356899798 -0.0111993998
vt -0.0348913409 -0.0112013398
vt -0.0356901214 -0.00948803034
vt -0.0348913409 -0.0112013398
vt -0.0348913819 -0.0094897002
vt 0.0364467613 0.01065588
vt 0.0357350707 0.0106430203
vt 0.0364463106 -0.00965057034
vt 0.0357349403 0.01064301
vt 0.0357346982 -0.00963702984
vt 0.0364461914 -0.00965057034
vt -0.0020612299 -0.00958358962
vt -0.00166307995 -0.00958358962
vt -0.00166307006 0.0105923703
vt -0.0020612299 -0.00958358962
vt -0.00166307006 0.0105923703
vt -0.00206121989 0.0105923703
vt 0.00206112 0.0107018696
vt 0.00166299997 0.0126307104
vt 0.00166299997 0.0107018696
vt 0.00206112 0.0107018696
vt 0.00206112 0.0126307104
vt 0.00166299997 0.0126307104
vt 0.00206112 0.0090374602
vt 0.00166300999 0.00978108961
vt 0.00166300999 0.0090374602
vt 0.00206109998 0.00903743971
vt 0.00206109998 0.0097810803
vt 0.00166298996 0.0097810803
vt 0.0108684003 0.00929815974
vt 0.0108507397 0.0100415796
vt 0.01048976 0.0100199198
vt 0.0110213198 0.00938463956
vt 0.0106424 0.01010626
vt 0.0106597599 0.00937069021
vt 0.0108984197 0.0107044801
vt 0.0108979596 0.0126333199
vt 0.0105363997 0.0126194302
vt 0.0108982204 0.0107044401
vt 0.0105361901 0.0126194004
vt 0.0105366502 0.0106928004
vt 0.0276260898 0.0125950696
vt 0.0276274197 0.0106752301
vt 0.0279983096 0.0107101398
vt -0.0347934812 -0.0100526698
vt -0.0352427587 -0.0101567404
vt -0.0346312299 -0.0105357002
vt -0.0351688787 -0.0106314197
vt -0.034995839 -0.0112699
vt -0.0345462188 -0.0111673502
vt -0.0348530114 -0.0108381603
vt -0.0353408903 -0.0108960299
vt -0.0347175002 -0.0114311101
vt -0.0331475809 -0.00191619003
vt -0.0334375687 -0.00216105999
vt -0.032598339 -0.00236868998
vt -0.0334374718 -0.00216047
vt -0.032824751 -0.0026652501
vt -0.032598231 -0.00236809999
vt -0.0349480398 -0.00509307021
vt -0.0351320803 -0.00541824987
vt -0.0342386402 -0.00534259994
vt -0.0342306383 -0.00546021992
vt -0.0351241417 -0.00553518999
vt -0.0343529209 -0.00581094995
vt -0.0348245688 -0.0118005099
vt -0.0356224403 -0.0120920297
vt -0.0348960608 -0.0122866901
vt -0.0355227888 -0.01161227
vt -0.0356372818 -0.0120590404
vt -0.0348402187 -0.0117653301
vt -0.0350807607 -0.01054917
vt -0.0358099118 -0.0106061399
vt -0.0352116004 -0.0109914299
vt -0.0355377197 -0.0106299799
vt -0.0357946604 -0.0108778002
vt -0.0350654684 -0.0108213704
vt -0.0348950811 -0.00855868962
vt -0.0349812992 -0.00891998038
vt -0.0341733918 -0.00864585023
vt -0.0341646187 -0.00864417013
vt -0.0349734202 -0.00891568977
vt -0.0342298783 -0.00901169982
vt -0.0342060588 -0.0105223199
vt -0.0342500918 -0.0108930003
vt -0.0311299302 -0.01053664
vt -0.0311299209 -0.0105363196
vt -0.0342500806 -0.0108927004
vt -0.0311677493 -0.0109070502
vt -0.0310906805 -0.0127225202
vt -0.0342039987 -0.0132126696
vt -0.0311278608 -0.0132236304
vt -0.0341605283 -0.0127114896
vt -0.0342039503 -0.0132122701
vt -0.0310906395 -0.0127220703
vt -0.0341714919 -0.0124345301
vt -0.0349429809 -0.0128683504
vt -0.0342190899 -0.0129349399
vt -0.0348796211 -0.0124008199
vt -0.0349421911 -0.0128882304
vt -0.0341713689 -0.0124532403
vt -0.0348678902 -0.0123680905
vt -0.0348705091 -0.0130573697
vt -0.0341475606 -0.0123960497
vt -0.0341491289 -0.0123910103
vt -0.0348721892 -0.0130522
vt -0.0341637507 -0.01310209
vt -0.0341454111 -0.0124030802
vt -0.0341597795 -0.0131141702
vt -0.0310774799 -0.0124121401
vt -0.0310775004 -0.0124120899
vt -0.0341597982 -0.0131141199
vt -0.0310899094 -0.0131242098
vt -0.03107737 -0.0116766896
vt -0.0341452286 -0.0123743797
vt -0.0310772993 -0.01238342
vt -0.0341452286 -0.0116687296
vt -0.0341452286 -0.0123743797
vt -0.03107737 -0.0116766896
vt -0.0341452286 -0.0116687296
vt -0.0348655581 -0.0123464996
vt -0.0341452286 -0.0123743797
vt -0.0348848887 -0.01166037
vt -0.0348655581 -0.0123464996
vt -0.0341452286 -0.0116687296
vt -0.0348913409 -0.0112013398
vt -0.0348848887 -0.01166037
vt -0.0341452286 -0.0112031596
vt -0.0341452286 -0.0112031596
vt -0.0348848887 -0.01166037
vt -0.0341452286 -0.0116687296
vt -0.0341452286 -0.0112031596
vt -0.0341452286 -0.0116687296
vt -0.0310772993 -0.0112106204
vt -0.0310772993 -0.0112106204
vt -0.0341452286 -0.0116687296
vt -0.03107737 -0.0116766896
vt -0.03107737 -0.00949764997
vt -0.0341452286 -0.0112031596
vt -0.0310772993 -0.0112106204
vt -0.0341452286 -0.00949124992
vt -0.0341452286 -0.0112031596
vt -0.03107737 -0.00949764997
vt -0.0341452286 -0.00949124992
vt -0.0348913409 -0.0112013398
vt -0.0341452286 -0.0112031596
vt -0.0348913819 -0.0094897002
vt -0.0348913409 -0.0112013398
vt -0.0341452286 -0.00949124992
vt -0.03107737 -0.0116766896
vt -0.0310772993 -0.01238342
vt 0.0323681906 -0.0125443405
vt -0.03107737 -0.0116766896
vt 0.0323681906 -0.0125443405
vt 0.0323681198 -0.0118349297
vt -0.03107737 -0.00949764997
vt -0.0310772993 -0.0112106204
vt 0.0323681906 -0.0113650002
vt -0.03107737 -0.00949764997
vt 0.0323681906 -0.0113650002
vt 0.0323681906 -0.00962994993
vt -0.0310898591 0.0146491397
vt -0.0310774595 0.0139370197
vt 0.0323680416 0.0140983602
vt 0.0323800109 0.01481211
vt -0.0310898591 0.0146491705
vt 0.0323680304 0.01409839
vt -0.0348743014 0.0145679601
vt -0.0355926305 0.0137990601
vt -0.0348714106 0.0138786901
vt -0.0348785706 0.0145356599
vt -0.0355628803 0.0143905999
vt -0.0355963185 0.0137662301
vt -0.0354947783 0.0141703403
vt -0.0361484811 0.0135095799
vt -0.0355244987 0.0135457898
vt -0.0353398584 0.0137443896
vt -0.0358142182 0.0135583105
vt -0.0359898694 0.0130799999
vt -0.0355333686 0.0137563599
vt -0.0361573696 0.0137202796
vt -0.0362993404 0.0130428802
vt -0.0355507918 0.0137807699
vt -0.0363168418 0.0130673796
vt -0.0356279202 0.0130667901
vt -0.0348655581 0.0138753299
vt -0.0355868116 0.01379593
vt -0.0356641598 0.0130819697
vt -0.0348655581 0.0138753299
vt -0.0356641598 0.0130819697
vt -0.0348848887 0.0131032905
vt -0.0348848887 0.0131032905
vt -0.0356900096 0.0123846596
vt -0.0348913819 0.01238654
vt -0.0348848887 0.0131032905
vt -0.0356641598 0.0130819697
vt -0.0356900096 0.0123846596
vt -0.035632059 0.01307726
vt -0.0363684408 0.0123922704
vt -0.0356578417 0.0123799397
vt -0.0363168418 0.0130729396
vt -0.0363642909 0.0123873502
vt -0.035627909 0.0130723398
vt -0.0363683589 0.0123969698
vt -0.036368601 0.0105118202
vt -0.0356577598 0.0123846401
vt -0.0356577709 0.0123846401
vt -0.0363686085 0.0105118202
vt -0.0356579497 0.01050149
vt -0.0348913819 0.01238654
vt -0.0356900096 0.0123846596
vt -0.0356901884 0.0105015002
vt -0.0348913819 0.01238654
vt -0.0356901884 0.0105015002
vt -0.0348914117 0.0105030797
vt -0.0348914117 0.0105030797
vt -0.0356901884 0.0105015002
vt -0.0356901214 -0.00948803034
vt -0.0348914117 0.0105030797
vt -0.0356901214 -0.00948803034
vt -0.0348913819 -0.0094897002
vt -0.0348848887 -0.01166037
vt -0.0355868116 -0.0122670997
vt -0.0348655581 -0.0123464996
vt -0.0356641598 -0.0116390297
vt -0.0355868116 -0.0122670997
vt -0.0348848887 -0.01166037
vt -0.0356113501 -0.0116167003
vt -0.0361582711 -0.01220873
vt -0.0355342701 -0.0122448104
vt -0.0356279388 -0.0116043501
vt -0.0363168605 -0.0116050299
vt -0.0361747816 -0.0121964402
vt -0.0361442789 -0.0118692499
vt -0.0359657183 -0.01234648
vt -0.0355203003 -0.0119055798
vt -0.0354360491 -0.0119196801
vt -0.0358828083 -0.0123592298
vt -0.035408061 -0.0125443097
vt -0.0355931297 -0.0122683505
vt -0.0355592407 -0.0128926896
vt -0.0348719098 -0.0123480298
vt -0.0348746814 -0.0123343999
vt -0.0355622992 -0.0128787002
vt -0.0348779708 -0.0130236698
vt 0.0356686898 -0.0124514
vt 0.0350078493 -0.0125279399
vt 0.035010431 -0.0132175498
vt 0.0356724188 -0.0124162398
vt 0.0350148007 -0.0131829297
vt 0.0356386416 -0.0130404299
vt 0.0362247787 -0.0121672098
vt 0.0356008299 -0.0122008603
vt 0.0355706885 -0.0128252404
vt 0.0360670984 -0.0117451204
vt 0.0354166701 -0.0124067804
vt 0.0358909704 -0.0122225303
vt 0.0363751687 -0.0117744002
vt 0.0356087796 -0.0123998504
vt 0.0362327397 -0.01236632
vt 0.0357038006 -0.0117991203
vt 0.0356264301 -0.0124281701
vt 0.0363929011 -0.0118028196
vt 0.0357402489 -0.0118166199
vt 0.0350017883 -0.0125219598
vt 0.0356626585 -0.0124456398
vt 0.0357402414 -0.0118166097
vt 0.0350211896 -0.0118343197
vt 0.0350017883 -0.0125219598
vt 0.0350277089 -0.0113714701
vt 0.0350211896 -0.0118342796
vt 0.035766229 -0.0113732703
vt 0.035766229 -0.0113732703
vt 0.0350211896 -0.0118342796
vt 0.0357402414 -0.0118165696
vt 0.035733901 -0.0113657601
vt 0.0357079804 -0.0118090604
vt 0.0364447683 -0.01138156
vt 0.0364405811 -0.0113735003
vt 0.0357037894 -0.0118010202
vt 0.0363928899 -0.0118047204
vt 0.0364460796 -0.00965046044
vt 0.0357337408 -0.0113731604
vt 0.0364446118 -0.0113889696
vt 0.0357346982 -0.00963697024
vt 0.0357338488 -0.0113732005
vt 0.0364461914 -0.0096505098
vt 0.0357670896 -0.00963702984
vt 0.0350277089 -0.0113714701
vt 0.035766229 -0.0113732703
vt 0.0350278802 -0.00963549037
vt 0.0350277089 -0.0113714701
vt 0.0357670896 -0.00963702984
vt 0.0357673317 0.0106430203
vt 0.035027951 0.0106415497
vt 0.0357670896 -0.00963702984
vt 0.035027951 0.0106415497
vt 0.0350278802 -0.00963549037
vt 0.0357670896 -0.00963702984
vt 0.0350017883 0.0140507501
vt 0.0350211896 0.01327598
vt 0.0356626511 0.01397443
vt 0.0356626511 0.01397443
vt 0.0350211896 0.01327598
vt 0.0357403085 0.0132582597
vt 0.0356100611 0.0139547903
vt 0.0356874503 0.0132386005
vt 0.0362340212 0.0139212701
vt 0.0362505205 0.0139106698
vt 0.0357040204 0.0132279499
vt 0.0363931097 0.0132315401
vt 0.0360418484 0.0140442001
vt 0.0355969407 0.01360163
vt 0.0362208895 0.0135678696
vt 0.0354839005 0.0142444596
vt 0.0355123207 0.0136200003
vt 0.0359585918 0.0140612004
vt 0.0356349312 0.0145924902
vt 0.0350083783 0.0140449097
vt 0.0356692113 0.0139683196
vt 0.0350142382 0.0147201596
vt 0.0350112282 0.0140305497
vt 0.0356381014 0.0145777604
vt 0.000481439987 0.000964189996
vt 2.71699992e-05 0.000507619989
vt 0.00046173 0.000529569981
vt 0.000483350013 0.000962099992
vt 2.65199997e-05 0.000962099992
vt 2.92599998e-05 0.000505339995
vt 0.000797400018 0.00170489994
vt 0.000523649971 0.00144853001
vt 0.000895289995 0.00142580003
vt 0.000533289975 0.00182018999
vt 0.000529550016 0.00144784001
vt 0.000804700016 0.00170270004
vt 0.000450530002 0.00184452999
vt 3.05899994e-05 0.00149504002
vt 0.000465120014 0.00147245999
vt 3.54500007e-05 0.00189205003
vt 2.80099994e-05 0.00149513001
vt 0.000447350001 0.00184534001
vt 2.72699999e-05 0.00147162005
vt 2.47200005e-05 0.00101486
vt 0.000461830001 0.00144966005
vt 0.000463809993 0.00144807005
vt 2.65199997e-05 0.00101343996
vt 0.000483350013 0.00101343996
vt 0.00052027998 0.00144321006
vt 0.000534239982 0.00100836996
vt 0.000891970005 0.00142125005
vt 0.000894179975 0.00141952001
vt 0.000536219974 0.00100685004
vt 0.000933220028 0.00100685004
vt -3.89199995e-05 0.00189197995
vt -0.000465210003 0.00147244998
vt -3.07500013e-05 0.00149507995
vt -3.49900001e-05 0.00189198996
vt -0.000446869992 0.00184538995
vt -0.000462139986 0.00147333997
vt -0.000524880015 0.00182313996
vt -0.000894839992 0.00142819004
vt -0.000523190014 0.00145078998
vt -0.000538809982 0.00181375002
vt -0.000809739984 0.00169516995
vt -0.000904779998 0.00141509995
vt -0.000520079979 0.00144185999
vt -0.000891770003 0.00141991
vt -0.000931020011 0.00100726006
vt -0.00052245002 0.00144292996
vt -0.000933120027 0.00100807997
vt -0.000536119973 0.00100807997
vt -2.71699992e-05 0.00147013995
vt -0.000461660005 0.00144817994
vt -0.000481339986 0.00101355999
vt -2.92700006e-05 0.00147160003
vt -0.000483250013 0.00101483997
vt -2.65300005e-05 0.00101483997
vt 0.000830099976 0.000141919998
vt 0.000636160024 -0.000235250001
vt 0.000976349984 1.14900004e-05
vt 0.000844200025 0.000157219998
vt 0.000579720014 2.48899996e-05
vt 0.000661369995 -0.00022545
vt 0.000473719992 -8.24200033e-05
vt 8.42899972e-05 -0.000428559986
vt 0.000515240012 -0.000342440006
vt 0.000467150006 -7.96000022e-05
vt 5.61499983e-05 -0.000133669993
vt 7.48800012e-05 -0.000422529993
vt 0.000554100028 -0.000415619987
vt 0.000127480002 -0.000521110022
vt 0.000165300007 -0.000772779982
vt 0.000661050028 -0.000626149995
vt 0.000575519982 -0.000408430002
vt 0.000197529997 -0.000777020003
vt 0.00102426996 7.38000017e-05
vt 0.000717960007 -0.000213919993
vt 0.000853590027 -0.000404499995
vt 0.00120410998 -9.45000011e-06
vt 0.00102915999 0.000112989997
vt 0.000878220017 -0.000371909991
vt -6.1550003e-05 -0.000132989997
vt -0.000513129984 -0.000336450001
vt -8.20900023e-05 -0.000421729987
vt -0.000468229991 -8.64500034e-05
vt -0.000507909979 -0.000346760004
vt -5.73399993e-05 -0.00014109
vt -0.000985249993 1.30899998e-05
vt -0.000648620015 -0.00023849
vt -0.000570890028 1.30899998e-05
vt -0.000837280008 0.000163710007
vt -0.000985249993 3.52700008e-05
vt -0.000570890028 3.52700008e-05
vt -0.000730419997 -0.000199169997
vt -0.00102810003 9.74799987e-05
vt -0.00120157003 -2.70500004e-05
vt -0.00118779996 -5.43499991e-05
vt -0.000727389997 -0.000195600005
vt -0.00119981996 -2.70799992e-05
vt -0.000867100025 -0.00038320999
vt -0.000135759998 -0.000531849975
vt -0.000561240013 -0.000422150013
vt -0.000642379979 -0.000641549996
vt -0.000143190002 -0.000517630018
vt -0.000650769973 -0.000622800027
vt -0.000185659999 -0.000768559985
vt 0.00101857004 0.00174496998
vt 0.000863510009 0.00162515999
vt 0.00119868002 0.00136523996
vt 0.000867269991 0.00159394997
vt 0.000936919998 0.00130650005
vt 0.00119920995 0.00132991001
vt 0.00119872997 0.00141257001
vt 0.000936330005 0.00139054004
vt 0.00125248998 0.000976449985
vt 0.000936769997 0.00139395997
vt 0.000964160019 0.000980349956
vt 0.00125357998 0.000980349956
vt 0.00145171001 0.000931389979
vt 0.00115628995 0.00136889995
vt 0.00119721005 0.000931389979
vt 0.00143870001 0.000912869989
vt 0.00137503003 0.00139611994
vt 0.00114535005 0.00135178003
vt 0.00139237999 0.00122699002
vt 0.00102233002 0.00157482002
vt 0.00116344995 0.00117893994
vt 0.00138149003 0.00117407006
vt 0.00120517996 0.00162850996
vt 0.00101695 0.00152766996
vt 0.00125357998 0.000992550049
vt 0.000964160019 0.000992550049
vt 0.00119910995 0.000556520012
vt 0.000963039987 0.000994379981
vt 0.000936290016 0.000580729975
vt 0.00119870005 0.000558729982
vt 0.000936880009 0.000553759979
vt 0.00102391001 0.000148589999
vt 0.00119918003 0.00053058
vt 0.000936140015 0.000531119993
vt 0.000860349974 0.00024523001
vt 0.00101444998 0.000124169994
vt 0.00120369997 0.000153839996
vt 0.00114804006 0.000652379997
vt 0.00101496 0.000253729988
vt 0.00120914006 0.000126739993
vt 0.00139362004 0.00057792
vt 0.00116478 0.00062642002
vt 0.00137377996 0.000558070024
vt 0.00118283997 0.00104
vt 0.00114407996 0.000602289976
vt 0.00138153997 0.000557429972
vt 0.00144667004 0.00104047998
vt 0.00119218999 0.00103996997
vt 0.00142251002 0.000790209975
vt -0.000636110024 0.00196587993
vt -0.000976299983 0.00171912997
vt -0.000830080011 0.00158869999
vt -0.000661309983 0.00193118001
vt -0.000844180002 0.00154850003
vt -0.00057969999 0.00168083003
vt -8.43000016e-05 0.00207077991
vt -0.00051518 0.00198467006
vt -0.000473689986 0.00172464002
vt -7.48899984e-05 0.00208017998
vt -0.00046712 0.00173726003
vt -5.61599991e-05 0.00179132004
vt -0.000127489999 0.00186184002
vt -0.000165310004 0.00211351993
vt -0.000554050028 0.00175636995
vt -0.000197539994 0.00207619998
vt -0.000661019993 0.00192533003
vt -0.000575460028 0.00170761999
vt -0.000717879971 0.00169816997
vt -0.000853530015 0.00188873999
vt -0.00102421001 0.00141045998
vt -0.000878199993 0.00183590001
vt -0.00120406004 0.00147346
vt -0.00102911005 0.00135101995
vt 8.20700006e-05 0.0020800801
vt 6.15399986e-05 0.00179134996
vt 0.000513189996 0.00199480006
vt 0.000507969991 0.00198721001
vt 5.73299985e-05 0.00178153999
vt 0.000468259997 0.00172689999
vt 0.000648670015 0.00193587004
vt 0.000570909993 0.00168429001
vt 0.000985309947 0.00168429001
vt 0.000985309947 0.00172217004
vt 0.000570909993 0.00172217004
vt 0.000837309984 0.00159372995
vt 0.00120162999 0.00146652001
vt 0.000730480009 0.00163863995
vt 0.00102814997 0.00134198996
vt 0.00119802996 0.00153551996
vt 0.000862780027 0.00188932999
vt 0.000724409998 0.00170072995
vt 0.00064238999 0.00193072995
vt 0.000135730006 0.00182102004
vt 0.000561290013 0.00171132002
vt 0.000650789996 0.00196750998
vt 0.000185640005 0.00211327011
vt 0.000143180005 0.00186234002
vt -0.00119864999 0.000518699992
vt -0.00101851998 0.000138959993
vt -0.000863479974 0.000258779997
vt -0.000936869998 0.000548020005
vt -0.00119918003 0.00052460999
vt -0.000867240014 0.000260580011
vt -0.00125246996 0.000994489994
vt -0.00119870005 0.000558370026
vt -0.000936269993 0.000580399996
vt -0.00125355995 0.000992899993
vt -0.000936719996 0.000579289976
vt -0.000964089995 0.000992899993
vt -0.00145168998 0.00103329006
vt -0.00115627004 0.00059577002
vt -0.00119718001 0.00103329006
vt -0.00137495005 0.000562349975
vt -0.00114528998 0.00060669001
vt -0.00143864006 0.00104560005
vt -0.00139231002 0.000580139982
vt -0.00102226995 0.000232299994
vt -0.00116340001 0.000628189999
vt -0.00120513001 0.0001491
vt -0.00101689994 0.00024994
vt -0.00138143997 0.000603529974
vt -0.00119909004 0.00141485
vt -0.00125355995 0.000978810014
vt -0.000964089995 0.000978810014
vt -0.00119867001 0.00141436001
vt -0.00096296001 0.000978710013
vt -0.000936240016 0.00139235996
vt -0.00102385005 0.00172426004
vt -0.00119916 0.00134227006
vt -0.000936819997 0.00131908001
vt -0.00101441995 0.00174045004
vt -0.000936090015 0.00133351004
vt -0.00086034002 0.00161939999
vt -0.00120366004 0.00164068001
vt -0.00114803005 0.00114211999
vt -0.00101491995 0.00154077995
vt -0.00139354996 0.00121247
vt -0.00116473006 0.00116396998
vt -0.00120907999 0.00166365004
vt -0.00137368997 0.00140571001
vt -0.00118277001 0.000923780026
vt -0.00114400999 0.00136148999
vt -0.00145168998 0.000922459993
vt -0.00119718001 0.000922459993
vt -0.00138557004 0.00140537997
vt -0.00963797979 0.00110750995
vt -0.00954009034 0.000828409975
vt -0.00926634017 0.00108477997
vt -0.00922091957 0.00109309005
vt -0.00949607044 0.000838230015
vt -0.00922462996 0.000720750017
vt -0.00948103983 0.000629200018
vt -0.00946640968 0.000257120002
vt -0.00904654991 0.000606619986
vt -0.00904875994 0.000592709985
vt -0.00946804043 0.000242499998
vt -0.00905620027 0.000195789995
vt -0.0090467697 0.00101248
vt -0.00948384963 0.00057768001
vt -0.00904931966 0.000555709994
vt -0.00950175989 0.00101466
vt -0.00948224962 0.000580030028
vt -0.00904501043 0.00101466
vt -0.00930363964 0.00114241999
vt -0.00966139976 0.000729530002
vt -0.0092897201 0.000707569998
vt -0.00968501996 0.00113490003
vt -0.0096460199 0.000722230005
vt -0.00928801019 0.00113490003
vt -0.00855038036 0.000260980014
vt -0.00898490008 0.000238359993
vt -0.00897673983 -0.000158549999
vt -0.00855918042 0.000287959992
vt -0.00898640044 -0.000130700006
vt -0.00857452024 -8.40900029e-05
vt -0.00785102043 -7.81299968e-05
vt -0.00822267029 -0.000100730002
vt -0.00822103955 -0.000473090011
vt 0.0092247203 0.00120065
vt 0.00922098011 0.000828309974
vt 0.00949615985 0.00108316995
vt 0.00946648046 0.00166557997
vt 0.00904657971 0.00131609
vt 0.00948106963 0.00129350997
vt 0.00905624032 0.00172301999
vt 0.00904879998 0.00132610998
vt 0.00946811028 0.00167630997
vt 0.00904935971 0.00142122002
vt 0.00904680975 0.000964460021
vt 0.00948388036 0.00139926001
vt 0.00948228966 0.00139769004
vt 0.00904504023 0.000963060011
vt 0.00950182974 0.000963060011
vt 0.00928978994 0.00126914994
vt 0.00930374954 0.000834300008
vt 0.00966150966 0.00124718004
vt 0.00964604039 0.00125553994
vt 0.00928803999 0.00084286998
vt 0.00968500972 0.00084286998
vt 0.00897676032 0.00207744003
vt 0.00855046976 0.00165790995
vt 0.00898491964 0.00168054004
vt 0.00898643956 0.00205352996
vt 0.00857456028 0.00200692005
vt 0.00855929032 0.00163486996
vt 0.00822119974 0.00239412999
vt 0.00785117038 0.00199917005
vt 0.00822289009 0.00202178
vt 0.00811289996 0.00255365996
vt 0.00784194004 0.00243507
vt 0.00774687016 0.00215500011
vt 0.00825052988 0.00159880996
vt 0.00787877012 0.00157685997
vt 0.00783959962 0.00116421003
vt 0.00822938979 0.00162297999
vt 0.00781872962 0.00118811999
vt 0.00821569003 0.00118811999
vt 0.00899508968 0.00151675998
vt 0.00856059976 0.00149480999
vt 0.00854087994 0.00106018002
vt 0.00898924004 0.00152566005
vt 0.0085352296 0.00106888998
vt 0.00899197999 0.00106888998
vt 0.00927850977 0.00171957002
vt 0.00908453017 0.00134238997
vt 0.00942476001 0.00158914004
vt 0.00908908993 0.00205446011
vt 0.00882458035 0.00192211999
vt 0.00890622009 0.00167178002
vt 0.00944004022 0.000587380026
vt 0.00905064959 0.000241240006
vt 0.00948156044 0.000327360001
vt 0.00945025031 0.000503070012
vt 0.00903928 0.000449000014
vt 0.00905800983 0.00016014
vt 0.00941727962 0.000916180026
vt 0.00899070036 0.000810689991
vt 0.00902851019 0.000559019973
vt 0.00944503956 0.00100556004
vt 0.00935949013 0.00122326997
vt 0.00898152962 0.000854689977
vt 0.00857966021 0.00337207993
vt 0.00827329978 0.00308436994
vt 0.00840894971 0.0028937899
vt 0.00844020024 0.00365148997
vt 0.00826525036 0.00377393002
vt 0.00811430998 0.00328903995
vt 0.00890893023 -0.000771010004
vt 0.0084573403 -0.000974469993
vt 0.00888838992 -0.00105974998
vt 0.00851222966 -0.000695479976
vt 0.00847254042 -0.00095578999
vt 0.00892311987 -0.000750110019
vt 0.00736788986 -0.00178135
vt 0.00770458998 -0.00203293003
vt 0.00778232003 -0.00178135
vt 0.00751589006 -0.00144371996
vt 0.00736788986 -0.00157216005
vt 0.00778232003 -0.00157216005
vt 0.00660008984 -0.00384423998
vt 0.0063023502 -0.00354756997
vt 0.0061288802 -0.00367209991
vt 0.00672014989 -0.00356239011
vt 0.00624646014 -0.00339718
vt 0.00658176979 -0.0037509799
vt 0.00870275032 -0.00199428992
vt 0.00827725977 -0.00188459002
vt 0.00819612015 -0.00210398994
vt 0.00867170002 -0.00200964999
vt 0.00816410966 -0.00211482006
vt 0.00862921961 -0.00226057996
vt 0.00877953973 0.000295700011
vt 0.00862448011 0.000175890003
vt 0.00895965006 -8.40299981e-05
vt 0.00845063012 -0.000151109998
vt 0.00852028001 -0.000438560004
vt 0.00878257025 -0.000415140006
vt 0.00866976008 0.000854599988
vt 0.00840735994 0.000832570018
vt 0.00872352999 0.000418479991
vt 0.00848312955 0.000904640008
vt 0.00851047039 0.000491040002
vt 0.00879994035 0.000491040002
vt 0.00749965012 2.26100001e-05
vt 0.00720424997 0.000460129988
vt 0.00724516017 2.26100001e-05
vt 0.00726572005 -0.000169149993
vt 0.00720207021 0.000314100005
vt 0.00697239023 0.000269759999
vt 0.00759750977 -0.00148212002
vt 0.00722745992 -0.00113429001
vt 0.00736857997 -0.00153016998
vt 0.00734075997 -0.00184096
vt 0.0071644499 -0.00138651999
vt 0.00697621983 -0.00148735999
vt 0.00879994035 0.0015291
vt 0.00851047039 0.0015291
vt 0.00874547008 0.00109307002
vt 0.00842955988 0.00150059001
vt 0.00840287004 0.00108694006
vt 0.00866527017 0.00106492999
vt 0.00850760005 0.00218001008
vt 0.00859463029 0.00177484006
vt 0.00876990985 0.00215682993
vt 0.0088090701 0.00204611989
vt 0.00873328 0.00176023005
vt 0.00888738036 0.00163916999
vt 0.00708361994 0.00307776988
vt 0.00702795992 0.00357630989
vt 0.00689487997 0.00317766005
vt 0.00744473003 0.00294258003
vt 0.00762921013 0.00339375995
vt 0.0074003702 0.00344224996
vt 0.00717613008 0.00151789002
vt 0.00698518986 0.00199981988
vt 0.00694643008 0.00156211003
vt 0.00743357977 0.00157780002
vt 0.00749965012 0.00206072
vt 0.00724516017 0.00206072
vt 0.00781239988 0.0035435399
vt 0.00747213978 0.00329679996
vt 0.00761839002 0.00316637009
vt 0.00758351013 0.00382867991
vt 0.00740061002 0.00344599993
vt 0.00766512007 0.00357832992
vt 0.00888204016 0.00274062995
vt 0.00845116004 0.0026545201
vt 0.00849265046 0.00239448994
vt 0.00890822988 0.00266286009
vt 0.00851599965 0.0023199399
vt 0.00892696995 0.00237400993
vt 0.00873570982 0.00319362991
vt 0.00869788975 0.00344530004
vt 0.00830916036 0.00308814994
vt 0.00858642999 0.00370801007
vt 0.00812296011 0.00355714001
vt 0.00820850953 0.00333943008
vt 0.00683772005 0.00499639008
vt 0.0067020799 0.0051869601
vt 0.00653132983 0.00470867008
vt 0.00635804003 0.00549679995
vt 0.00603211997 0.00513433991
vt 0.00620706985 0.00501189008
vt 0.00905256998 0.00144211994
vt 0.0090320399 0.00115339004
vt 0.00948365033 0.00135684002
vt 0.00948840007 0.00137821003
vt 0.00903778989 0.00117253
vt 0.0094486801 0.00111790001
vt 0.0090018101 0.000141600001
vt 0.00892405957 -0.000109970002
vt 0.00933848042 -0.000109970002
vt 0.00933848042 0.000114740003
vt 0.00892405957 0.000114740003
vt 0.00919048022 -1.36999997e-05
vt 0.00853196997 -0.00217855
vt 0.00806078967 -0.00200641993
vt 0.00835849997 -0.00230307993
vt 0.00864232983 -0.00182579004
vt 0.00830706023 -0.00147199002
vt 0.00816867035 -0.00166058994
vt 0.00948095042 0.000468479993
vt 0.00897429045 0.000358780002
vt 0.00939980987 0.000249080011
vt 0.00946571957 0.000475640001
vt 0.00900056958 0.000621400017
vt 0.00895810965 0.000370469992
vt 0.00656219991 -0.000930480019
vt 0.0067422702 -0.00131020998
vt 0.00689734006 -0.00119039998
vt 0.00664607016 -0.00119730004
vt 0.00638381019 -0.00122070999
vt 0.00671570981 -0.00148474996
vt 0.00621818984 0.000436430011
vt 0.00627194997 3.0999999e-07
vt 0.00653433008 2.23400002e-05
vt 0.00629279995 0.000503789983
vt 0.00660958001 9.01800013e-05
vt 0.00658226991 0.000503789983
vt 0.00459697004 0.000124669998
vt 0.0048924 -0.000312840013
vt 0.00485148001 0.000124669998
vt 0.00445146021 -0.000520600006
vt 0.00468110992 -0.00047626
vt 0.00438776985 -3.73500006e-05
vt 0.00481207995 -0.00212913007
vt 0.00518207019 -0.00247695995
vt 0.00504099019 -0.00208108011
vt 0.00475376006 -0.00286551006
vt 0.00494199013 -0.00276466995
vt 0.00457751006 -0.00241109007
vt 0.00634727022 0.00195140997
vt 0.00629279995 0.00151537999
vt 0.00658226991 0.00151537999
vt 0.00626752013 0.00192040997
vt 0.00650324021 0.00148476998
vt 0.00652989978 0.00189841003
vt 0.00654646987 0.00335055008
vt 0.00637122989 0.00296855997
vt 0.00663350988 0.00294537004
vt 0.00685846014 0.00325545995
vt 0.00693676993 0.00284850993
vt 0.00701256003 0.0031344099
vt 0.00467601977 0.00456439983
vt 0.00473171007 0.00406586984
vt 0.00486476021 0.0044645099
vt 0.00484126015 0.00402837014
vt 0.0050700698 0.0039798799
vt 0.00502566993 0.00447954005
vt 0.00442788005 0.00236567995
vt 0.00461879978 0.00188375998
vt 0.00465756003 0.00232147006
vt 0.00459697004 0.00194640004
vt 0.00485148001 0.00194640004
vt 0.00466309022 0.00242932001
vt -0.000895219971 0.000484240009
vt -0.000797359971 0.000205150005
vt -0.000523580005 0.000461510004
vt -0.000529479992 0.000473490014
vt -0.000804660027 0.000218629997
vt -0.000533259998 0.000101149999
vt -0.00046504999 0.000450249994
vt -0.000450499996 7.81799972e-05
vt -3.06000002e-05 0.000427669991
vt -2.80200002e-05 0.000423660007
vt -0.000447319995 7.3449999e-05
vt -3.54500007e-05 2.67399992e-05
vt -2.47299995e-05 0.000962080027
vt -0.000461769989 0.000527270022
vt -2.72800007e-05 0.000505310018
vt -0.000483250013 0.000964279985
vt -0.000463739998 0.000529650017
vt -2.65300005e-05 0.000964279985
vt -0.000534139981 0.000968380016
vt -0.000891899981 0.000555490027
vt -0.000520210015 0.000533530023
vt -0.000933120027 0.000970900001
vt -0.000894120021 0.000558220025
vt -0.000536119973 0.000970900001
vt 0.000465269986 0.000446410006
vt 3.07500013e-05 0.000423780002
vt 3.89099987e-05 2.68799995e-05
vt 0.00046221001 0.000449520012
vt 3.49900001e-05 3.08599992e-05
vt 0.000446899998 7.7470002e-05
vt 0.000894910016 0.000493069994
vt 0.00052325998 0.000470469997
vt 0.000524920004 9.8110002e-05
vt 0.000904850021 0.000488320016
vt 0.000538850029 8.96600031e-05
vt 0.000809770019 0.00020825
vt 0.000931120012 0.000970599998
vt 0.000520150003 0.000536000007
vt 0.000891840027 0.000557949999
vt 0.000933220028 0.000968620006
vt 0.000536219974 0.000968620006
vt 0.000522519986 0.000533760001
vt 0.0180714391 0.00137080997
vt 0.0180688798 0.000914049975
vt 0.0185059197 0.00134884997
vt 0.0185007695 0.00134730001
vt 0.0180635601 0.000912669988
vt 0.0185203496 0.000912669988
vt 0.0180594008 0.00109502999
vt 0.0180733893 0.00066019001
vt 0.0184311494 0.00107306999
vt 0.01839789 0.00109156
vt 0.0180398896 0.000678889977
vt 0.0184368491 0.000678889977
vt 0.0179925896 0.00226253993
vt 0.0175662898 0.00184300996
vt 0.0180007406 0.00186564005
vt 0.0180078503 0.00221522991
vt 0.0175959691 0.00216862001
vt 0.0175806992 0.00179657002
vt 0.0169668104 0.00296588009
vt 0.0165967904 0.00257091993
vt 0.0169685092 0.00259351009
vt 0.0167645905 0.00329359993
vt 0.0164936297 0.00317500997
vt 0.0163985603 0.00289494009
vt 0.0170207098 0.00175601
vt 0.0166489501 0.00173404999
vt 0.0166097395 0.00132140995
vt 0.0169812497 0.00180274004
vt 0.0165705401 0.00136789004
vt 0.0169675108 0.00136789004
vt 0.0180174895 0.00156314997
vt 0.0175829995 0.00154119998
vt 0.0175632406 0.00110658002
vt 0.0180077702 0.00157971005
vt 0.0175537206 0.00112293998
vt 0.0180105008 0.00112293998
vt 0.0177270398 0.00329715991
vt 0.0175330304 0.00291998009
vt 0.0178732909 0.00316673005
vt 0.0173338205 0.00395218004
vt 0.0170693006 0.00381985004
vt 0.0171509106 0.00356949004
vt 0.0184063707 0.00125733996
vt 0.0180169791 0.00091119
vt 0.0184478592 0.000997310039
vt 0.0184333697 0.00108574005
vt 0.0180223994 0.00103167002
vt 0.0180411395 0.000742819975
vt 0.0182804093 0.00224817009
vt 0.0178538505 0.00214268989
vt 0.0178916696 0.00189100998
vt 0.0182289593 0.00263746991
vt 0.0181434005 0.00285518006
vt 0.0177654792 0.00248660007
vt 0.01613543 0.00667017
vt 0.0158290304 0.00638245
vt 0.0159646701 0.0061918702
vt 0.0156765599 0.00731237978
vt 0.01550161 0.00743481982
vt 0.0153506296 0.00694992021
vt 0.0178794004 -0.00140903005
vt 0.0174278207 -0.00161249004
vt 0.0178588703 -0.00169776997
vt 0.0174926799 -0.00130451005
vt 0.0174529999 -0.00156481995
vt 0.0179035701 -0.00135914003
vt 0.0157210696 -0.00357575994
vt 0.0160577707 -0.00382733997
vt 0.0161355007 -0.00357575994
vt 0.0158690698 -0.00305114011
vt 0.0157210696 -0.00317957997
vt 0.0161355007 -0.00317957997
vt 0.0139305899 -0.00748925982
vt 0.0136328498 -0.00719260005
vt 0.0134593798 -0.00731712999
vt 0.0141646303 -0.00692371
vt 0.0136909401 -0.00675849989
vt 0.0140262404 -0.00711230002
vt 0.0175412502 -0.00345672993
vt 0.0171157606 -0.00334702991
vt 0.01703462 -0.00356642995
vt 0.0174865797 -0.00350167998
vt 0.0169789996 -0.00360685005
vt 0.0174441095 -0.00375260995
vt 0.0165402703 -0.00115340995
vt 0.0163852107 -0.00127322006
vt 0.0167203508 -0.00153313996
vt 0.0160333104 -0.00189671002
vt 0.0161029492 -0.00218417007
vt 0.0163652096 -0.0021607501
vt 0.0161400195 0.00029642001
vt 0.0158776399 0.00027438
vt 0.0161937792 -0.000139709999
vt 0.0160288401 0.000415149989
vt 0.0160561707 1.53999997e-06
vt 0.0163456202 1.54999998e-06
vt 0.0135490196 -0.000885830028
vt 0.0132536003 -0.000448320003
vt 0.0132945199 -0.000885830028
vt 0.0130914599 -0.00125307997
vt 0.0130277704 -0.000769830018
vt 0.01279811 -0.000814169995
vt 0.0138010699 -0.00419159979
vt 0.0134310797 -0.0038437699
vt 0.0135721602 -0.00423964998
vt 0.0132992901 -0.00485514989
vt 0.0131230401 -0.00440073991
vt 0.0129348002 -0.00450157002
vt 0.0163456202 0.00206585997
vt 0.0160561707 0.00206585997
vt 0.0162911508 0.00162982999
vt 0.0158953797 0.0020069601
vt 0.0158686899 0.00159331004
vt 0.0161310602 0.00157129997
vt 0.0160776004 0.00380651001
vt 0.01616464 0.00340133999
vt 0.0163398702 0.00378333009
vt 0.0166820008 0.00356112001
vt 0.0166062098 0.00327523006
vt 0.0167603102 0.00315417
vt 0.0129631301 0.00600122008
vt 0.0129074501 0.00649975007
vt 0.0127743902 0.00610111002
vt 0.0136787202 0.00575848017
vt 0.0138631295 0.00620965008
vt 0.0136343101 0.00625813985
vt 0.0129768299 0.00247804006
vt 0.0127859004 0.00295996992
vt 0.0127471499 0.00252225995
vt 0.0134829096 0.00260224007
vt 0.0135490196 0.00308516994
vt 0.0132945199 0.00308516994
vt 0.0162608698 0.00512117986
vt 0.0159206092 0.00487443013
vt 0.0160668604 0.0047439998
vt 0.0158283208 0.00572616979
vt 0.0156454202 0.00534348981
vt 0.0159099307 0.00547582004
vt 0.0178483892 0.00341047999
vt 0.0174175091 0.0033243699
vt 0.0174589995 0.00306433998
vt 0.0178913493 0.00324554997
vt 0.0174991209 0.00290262001
vt 0.0179100893 0.00295669003
vt 0.0175989196 0.00452541001
vt 0.0175611004 0.00477709016
vt 0.0171723608 0.00441992981
vt 0.0173704103 0.00533981994
vt 0.0169069301 0.00518894987
vt 0.0169924796 0.00497124018
vt 0.0143933101 0.00829461031
vt 0.0142576704 0.00848518964
vt 0.0140869096 0.0080068903
vt 0.0135942698 0.00915773027
vt 0.0132683404 0.00879526976
vt 0.0134432903 0.0086728204
vt 0.0180230401 0.000804069976
vt 0.0180025101 0.000515330001
vt 0.0184540898 0.00071878999
vt 0.0184688196 0.000769149978
vt 0.0180182401 0.000563470006
vt 0.0184291396 0.000508840021
vt 0.0173549708 -0.00165295997
vt 0.0172772408 -0.00190455001
vt 0.01769167 -0.00190455001
vt 0.01769167 -0.00149267004
vt 0.0172772408 -0.00149267004
vt 0.0175436698 -0.00162111002
vt 0.0158626195 -0.00582354981
vt 0.0153914103 -0.00565141998
vt 0.0156891495 -0.00594808022
vt 0.0160869695 -0.00518700993
vt 0.0157516692 -0.00483320979
vt 0.0156132802 -0.00502181007
vt 0.0183194205 -0.00099398999
vt 0.0178127903 -0.00110369001
vt 0.01823828 -0.00121339003
vt 0.0182805602 -0.00101642997
vt 0.0178154502 -0.000870670017
vt 0.01777298 -0.00112161005
vt 0.0143230502 -0.00237968005
vt 0.0145031204 -0.00275941007
vt 0.0146581903 -0.00263959006
vt 0.0142290499 -0.0029426699
vt 0.0139667997 -0.00296608009
vt 0.0142986998 -0.00323012006
vt 0.0136888502 -0.000122080004
vt 0.0137426397 -0.000558200001
vt 0.01400501 -0.000536179985
vt 0.0138391303 1.42199997e-05
vt 0.0141559402 -0.000399390003
vt 0.0141286002 1.42199997e-05
vt 0.0106443297 -0.000784959993
vt 0.0109397499 -0.00122247997
vt 0.0108988099 -0.000784959993
vt 0.0102792103 -0.00160248997
vt 0.0105088903 -0.00155815005
vt 0.0102155404 -0.00111923995
vt 0.01101775 -0.00483755022
vt 0.0113877803 -0.00518536987
vt 0.0112466803 -0.00478950003
vt 0.0107130297 -0.00588055002
vt 0.0109012602 -0.00577971013
vt 0.0105367498 -0.00542612979
vt 0.0138936304 0.00248840009
vt 0.0138391303 0.00205235998
vt 0.0141286002 0.00205235998
vt 0.0137337297 0.00242691999
vt 0.0139694205 0.00199127011
vt 0.0139961103 0.00240492006
vt 0.0141168004 0.0049769301
vt 0.0139415702 0.00459494023
vt 0.0142038399 0.00457176007
vt 0.0147313997 0.00477046985
vt 0.01480971 0.00436352007
vt 0.0148855001 0.0046494198
vt 0.0105557404 0.00748807983
vt 0.0106114298 0.00698954985
vt 0.0107444804 0.00738820015
vt 0.0110774497 0.00684376992
vt 0.0113062896 0.0067952699
vt 0.0112619102 0.00729493005
vt 0.0102311 0.00332612009
vt 0.0104220202 0.00284418999
vt 0.0104607996 0.00328190997
vt 0.0106443297 0.00297001004
vt 0.0108988201 0.00297001004
vt 0.0107104201 0.0034529299
vt 0.00784759037 -0.000138899995
vt 0.00794549007 -0.000417989999
vt 0.00821929984 -0.00016163
vt 0.00816203002 -0.000145979997
vt 0.00788681954 -0.000400840014
vt 0.00815826003 -0.000518320012
vt 0.00855092984 0.000271299999
vt 0.00856549013 -0.000100780002
vt 0.00898538996 0.000248710014
vt 0.00899276976 0.000254629995
vt 0.00857346039 -9.55799987e-05
vt 0.00898533035 -0.000142289995
vt 0.00899735 0.00091166998
vt 0.00856031012 0.000476869987
vt 0.00899480004 0.000454910012
vt 0.0085352296 0.00091389002
vt 0.00855476968 0.000479259994
vt 0.00899197999 0.00091389002
vt 0.00823543966 0.000794320018
vt 0.00787764974 0.000381440012
vt 0.00824940018 0.000359469996
vt 0.00781872962 0.00080698001
vt 0.00785765983 0.000394309987
vt 0.00821569003 0.00080698001
vt 0.00948091969 0.00063184998
vt 0.00904642977 0.000609220006
vt 0.00905460026 0.000212319996
vt 0.00948360004 0.000611060008
vt 0.00905642007 0.000192399995
vt 0.00946830027 0.000239009998
vt 0.00964090973 0.00106414
vt 0.00926923007 0.00104154996
vt 0.00927088968 0.00066919002
vt 0.00955654029 0.00122823997
vt 0.00919049978 0.000829580007
vt 0.0094614597 0.000948170025
vt 0.00970159005 0.00112763001
vt 0.0092906598 0.000693030015
vt 0.00966238044 0.000714980008
vt 0.00968500972 0.00114865997
vt 0.00928803999 0.00114865997
vt 0.00927434023 0.000713800022
vt 0.00950368028 0.00101081003
vt 0.0090494398 0.000554230006
vt 0.00948396046 0.000576179998
vt 0.00950182974 0.00101615
vt 0.00904504023 0.00101615
vt 0.00904778019 0.000559389999
vt 0.00954020023 0.00108169997
vt 0.00926641002 0.000825339986
vt 0.00963808969 0.0008026
vt -0.00206110999 -0.00695256004
vt -0.00166296004 -0.00695256004
vt -0.00166296004 -0.00613124995
vt -0.0020612299 -0.00695251022
vt -0.00166307995 -0.00613118988
vt -0.0020612299 -0.00613118988
vt -0.00206117006 0.00339262001
vt -0.00166302 0.00422716001
vt -0.00206117006 0.00422716001
vt -0.0020612299 0.00339265005
vt -0.00166307006 0.00339265005
vt -0.00166307006 0.00422718981
vt -0.0110364603 0.00410945993
vt -0.0106237102 0.00489812996
vt -0.0109828999 0.00494227977
vt -0.0111705698 0.00419196999
vt -0.0108096097 0.00416985992
vt -0.0107570803 0.00498026982
vt 0.0323681906 0.0140731698
vt -0.0310772993 0.0139122503
vt 0.032368131 0.0132766897
vt -0.0310772993 0.0139122503
vt -0.03107737 0.0131195504
vt 0.032368131 0.0132766897
vt -0.0310904402 -0.0127251102
vt -0.0311275795 -0.0132262204
vt 0.032415431 -0.0133977598
vt -0.0310904402 -0.0127258301
vt 0.0324154384 -0.0133984396
vt 0.0323794782 -0.0128966803
vt 0.0349369012 -0.00513389986
vt 0.0342880897 -0.00537722977
vt 0.0344119109 -0.00572740985
vt 0.0348839685 -0.0049079
vt 0.0343616903 -0.00550381001
vt 0.0350713618 -0.00523119001
vt 0.0332428887 -0.00205700006
vt 0.0326929018 -0.00250717998
vt 0.0329185314 -0.00280502997
vt 0.0332425684 -0.00205643009
vt 0.0329182185 -0.00280447002
vt 0.0335319191 -0.00230211997
vt 0.0356992409 -0.0108155804
vt 0.0353547409 -0.0114461305
vt 0.0359547399 -0.0110651404
vt 0.0355447382 -0.0104193902
vt 0.0350731499 -0.0106104901
vt 0.0352050103 -0.0110525303
vt 0.0355562083 -0.0115761403
vt 0.0350073986 -0.0122155398
vt 0.0356728882 -0.0120224301
vt 0.0355974808 -0.0118985102
vt 0.0349752195 -0.0120477797
vt 0.0350446701 -0.0125344498
vt 0.0293681603 -0.00398094999
vt 0.0290816203 -0.00463134004
vt 0.0293958299 -0.00484432001
vt 0.0293670204 -0.00398046011
vt 0.0293947104 -0.00484383013
vt 0.0297144204 -0.00411806023
vt 0.0279699191 -0.00706316996
vt 0.0278342292 -0.00771122985
vt 0.0281840805 -0.00784249045
vt 0.0281028803 -0.00705442997
vt 0.0283162091 -0.00783396978
vt 0.0284683909 -0.00712066004
vt 0.0349456184 -0.01086271
vt 0.0352587402 -0.01156059
vt 0.0354335196 -0.0109219598
vt 0.034717951 -0.0109118698
vt 0.0345829017 -0.0115055097
vt 0.0350323208 -0.0116091901
vt 0.0348368995 -0.0103736799
vt 0.034937039 -0.0110978903
vt 0.0352860019 -0.0104787499
vt 0.0351472087 -0.0105290702
vt 0.0349818394 -0.0110103097
vt 0.0352430791 -0.0112538598
vt 0.0277085807 -0.00909460988
vt 0.0276637208 -0.00954340026
vt 0.0280294009 -0.00960868038
vt 0.0279053599 -0.00898910034
vt 0.0282257907 -0.00950342044
vt 0.0282762107 -0.00903221034
vt 0.0276290793 -0.00967149995
vt 0.0276279002 -0.0114162099
vt 0.0279987697 -0.0114591001
vt 0.0276271105 -0.00967190973
vt 0.0279968102 -0.0114595098
vt 0.0279980097 -0.00970865972
vt 0.0349726714 -0.00964733958
vt 0.0354720987 -0.01142924
vt 0.0354736596 -0.00968453009
vt 0.0349708796 -0.0096478397
vt 0.0349694788 -0.0113863396
vt 0.0354703218 -0.0114297401
vt 0.0350069106 -0.0109474296
vt 0.035449259 -0.0114380801
vt 0.0355077386 -0.0109908702
vt 0.0349229984 -0.0110153696
vt 0.0348775797 -0.0114468299
vt 0.0353654996 -0.0115058804
vt 0.0354739204 0.0106912795
vt 0.0349724293 -0.00965049025
vt 0.0354734287 -0.00968767982
vt 0.0354743414 0.0106912702
vt 0.0349732898 0.0106559498
vt 0.0349728614 -0.00965049956
vt 0.0278546903 0.00981255993
vt 0.0279905293 0.00907836016
vt 0.0283560697 0.00914399046
vt 0.0280252397 0.00976420008
vt 0.0276752394 0.00963336043
vt 0.0281757601 0.00896415021
vt 0.0290806908 0.00606198004
vt 0.0293672103 0.00541158998
vt 0.0297146104 0.0055491901
vt 0.0293956306 0.00627630018
vt 0.0290814191 0.00606332021
vt 0.0297153499 0.00555052981
vt 0.0351175591 0.0128409704
vt 0.0348557308 0.0125980703
vt 0.0354685299 0.0122229699
vt 0.0347080417 0.0122053698
vt 0.0348707587 0.0117232203
vt 0.0353198014 0.0118285697
vt 0.0350419916 0.01308979
vt 0.0345925689 0.0129860798
vt 0.0352156386 0.0123635996
vt 0.03477991 0.0132357599
vt 0.0349158682 0.0125552602
vt 0.0354037806 0.0126140798
vt 0.0326927602 0.0037477999
vt 0.0332427509 0.00329761999
vt 0.0335321017 0.0035433101
vt 0.0329184718 0.00404606992
vt 0.032692831 0.00374821993
vt 0.0335321687 0.00354373991
vt 0.0350998007 0.00643701013
vt 0.0342649184 0.00635793013
vt 0.0349132195 0.00611326005
vt 0.0343828015 0.00680086995
vt 0.034258049 0.00645100977
vt 0.0350929685 0.00652959011
vt 0.0350192189 0.0138474796
vt 0.0349476412 0.0133611197
vt 0.0356850512 0.0136555303
vt 0.0357028283 0.0136161
vt 0.03496629 0.0133195296
vt 0.0355883017 0.0131692598
vt 0.0352904685 0.0126226004
vt 0.0351605006 0.0121799996
vt 0.0358891599 0.0122395698
vt 0.035873279 0.0125246197
vt 0.0351445712 0.0124656102
vt 0.035616789 0.0122760804
vt 0.0350704305 0.00966349989
vt 0.0344395489 0.00938677974
vt 0.0349795185 0.00930336025
vt 0.0344950594 0.00973855983
vt 0.0344248302 0.0093719298
vt 0.0350567512 0.00964627974
vt 0.0345615484 0.0122075304
vt 0.0324163288 0.0118366499
vt 0.0345191509 0.0118366499
vt 0.032452479 0.01220755
vt 0.0324163288 0.0118366703
vt 0.0345615484 0.01220755
vt 0.0324163288 0.0148445796
vt 0.0323801786 0.0143428296
vt 0.0345191509 0.0148445796
vt 0.0345190391 0.01484414
vt 0.0323800817 0.0143423202
vt 0.0344767198 0.0143430103
vt 0.0345348716 0.0144737
vt 0.0344869904 0.0139730703
vt 0.0350774787 0.0144097302
vt 0.0350780785 0.0144400401
vt 0.0344884582 0.0140022105
vt 0.0350153297 0.0139524601
vt 0.0324154384 0.0148526896
vt -0.0310904402 0.01418008
vt 0.0323794112 0.0143509302
vt 0.032415431 0.0148519203
vt -0.0311275795 0.0146803902
vt -0.0310904402 0.0141792698
vt -0.0343880914 0.00705525978
vt -0.0349771306 0.00645653019
vt -0.0342670418 0.00670411019
vt -0.0343265384 0.00674594007
vt -0.0350970514 0.00646820012
vt -0.0349119306 0.0061436398
vt -0.0328246094 0.00390721997
vt -0.0331473313 0.00315757003
vt -0.0325980894 0.0036100701
vt -0.032824859 0.00390768982
vt -0.0334375799 0.00340290996
vt -0.0331475884 0.00315804011
vt -0.035276819 0.0127411
vt -0.0358764604 0.0123578804
vt -0.0356204994 0.01210903
vt -0.0351254418 0.0123406099
vt -0.0354643092 0.0117059499
vt -0.0349926986 0.0118989199
vt -0.0348858386 0.0135583403
vt -0.0356118903 0.0133624403
vt -0.0354953483 0.0129161999
vt -0.0349172987 0.0138751203
vt -0.0355306305 0.01323664
vt -0.0348478295 0.0133886402
vt -0.0293249805 0.00614504004
vt -0.0292963199 0.00528095989
vt -0.0290104002 0.00593267987
vt -0.0293237809 0.0061445199
vt -0.02964269 0.00541750016
vt -0.0292950999 0.00528044021
vt -0.0279362705 0.00969517976
vt -0.0277202893 0.00883226003
vt -0.0275860801 0.00956488959
vt -0.02816399 0.00968001038
vt -0.0283150002 0.00888205972
vt -0.0279494207 0.00881673954
vt -0.0351714306 0.0130177001
vt -0.0353454985 0.0122934999
vt -0.0348575599 0.0122359302
vt -0.0349360593 0.0130641097
vt -0.0346209183 0.0122828502
vt -0.0344863907 0.0129617704
vt -0.0348610617 0.0124311
vt -0.0352093913 0.0118104899
vt -0.0347600505 0.0117066996
vt -0.0351681896 0.0125853596
vt -0.0350714512 0.0118603799
vt -0.0349065512 0.0123424996
vt -0.0278244708 0.01171639
vt -0.0275030602 0.0109485704
vt -0.0274587404 0.0116519202
vt -0.0280652996 0.0116297202
vt -0.0281152204 0.0109031498
vt -0.0277443603 0.0108617004
vt -0.0279415101 0.01247619
vt -0.0275708903 0.01054304
vt -0.0275706407 0.0124348197
vt -0.0279414598 0.0124762002
vt -0.0279417094 0.0105777197
vt -0.02757084 0.0105430596
vt -0.0353972986 0.0124372803
vt -0.035397619 0.0105455099
vt -0.0348967798 0.0105112502
vt -0.0353966318 0.01243746
vt -0.0348961204 0.01051143
vt -0.0348958895 0.0123965796
vt -0.035361059 0.0128605999
vt -0.0354191586 0.0121582504
vt -0.0349184088 0.0121173495
vt -0.0352761485 0.0129057197
vt -0.0348333605 0.0121625597
vt -0.0347881913 0.0128483102
vt -0.0353975818 0.0105461096
vt -0.0353974886 -0.00953495968
vt -0.0348967388 0.01051185
vt -0.0348962992 0.0105118398
vt -0.035397049 -0.00953496993
vt -0.0348962694 -0.0094988998
vt -0.0280313008 -0.00696231984
vt -0.0283968691 -0.00702818017
vt -0.0278955493 -0.00760975014
vt -0.0282994807 -0.00691758981
vt -0.0281485897 -0.00763039989
vt -0.0277986098 -0.00749955
vt -0.0292953793 -0.00384793011
vt -0.0296429694 -0.00398499984
vt -0.02900948 -0.00449965009
vt -0.0296436995 -0.00398629019
vt -0.02932477 -0.00471330015
vt -0.0290101897 -0.0045009302
vt -0.0353922285 -0.0105432495
vt -0.035041891 -0.0111627299
vt -0.0347796604 -0.0109205097
vt -0.0345756896 0.00166300999
vt -0.0324645303 0.00206113001
vt -0.0345756896 0.00206113001
vt 0.00166296004 0.0331767909
vt 0.00166296004 0.0325999297
vt 0.00206107995 0.0325999297
vt 0.00166296004 0.0331767909
vt 0.00206107995 0.0325999297
vt 0.00206107995 0.0331767909
vt -0.0109435599 -0.00658835005
vt -0.0105825802 -0.00656657014
vt -0.0109612504 -0.00611079996
vt -0.0110723404 -0.00621026009
vt -0.01069347 -0.00666587008
vt -0.0107107796 -0.00619592005
vt -0.0108745899 -0.0113041103
vt -0.01051303 -0.0112899104
vt -0.0108746802 -0.00957679003
vt -0.0108811501 -0.00957814977
vt -0.0105195101 -0.0112912804
vt -0.0105195697 -0.00956598017
vt -0.0020612299 -0.00957624987
vt -0.00166307995 -0.0113035701
vt -0.00166307995 -0.00957624987
vt -0.0020612299 -0.0113035701
vt -0.00166307995 -0.0113035701
vt -0.0020612299 -0.00957624987
vt -0.0020612299 -0.00570097985
vt -0.00166307995 -0.00617886009
vt -0.00166307995 -0.00570097985
vt -0.0020612299 -0.00617886009
vt -0.00166307995 -0.00617886009
vt -0.0020612299 -0.00570097985
vt -0.00166506995 -0.0325004905
vt -0.00166109996 0.0311402902
vt -0.0020631901 -0.0325004607
vt -0.0020631901 -0.0325004607
vt -0.00166109996 0.0311402902
vt -0.00205924991 0.03114032
vt 0.0112042399 -0.00255600992
vt 0.0112591898 -0.00180624996
vt 0.0108982604 -0.00178373
vt 0.0111226598 -0.00258198008
vt 0.0108161997 -0.00180988002
vt 0.0107635399 -0.00253733993
vt 0.0122313499 0.00562747987
vt 0.0123543097 0.00643876987
vt 0.0119958296 0.0064883302
vt 0.0122254202 0.00562703004
vt 0.0119898198 0.00648785988
vt 0.0118710604 0.00570373982
vt 0.00206112 0.00739673991
vt 0.00166300999 0.00821729004
vt 0.00166300999 0.00739673991
vt 0.00206112 0.00739673991
vt 0.00206112 0.00821729004
vt 0.00166300999 0.00821729004
vt 0.00206112 -0.00173018
vt 0.00166300999 -0.000978410011
vt 0.00166300999 -0.00173018
vt 0.00206112 -0.00173018
vt 0.00206112 -0.000978410011
vt 0.00166300999 -0.000978410011
vt -0.02584517 0.0173081998
vt -0.0266861394 0.0176681206
vt -0.0261064991 0.0170582291
vt -0.0257259309 0.0175159592
vt -0.0262876302 0.0181120504
vt -0.0265651997 0.0178798493
vt -0.0172740296 0.0184055902
vt -0.0179225598 0.0190197304
vt -0.0176061392 0.0182618406
vt -0.0172745492 0.0184050798
vt -0.0175804198 0.01913766
vt -0.0179230906 0.0190191995
vt -0.00166307006 0.0236352198
vt -0.00166307006 0.0244565103
vt -0.00206121989 0.0244565103
vt -0.00166307006 0.0236352198
vt -0.00206121989 0.0244565103
vt -0.00206121989 0.0236352198
vt -0.00166306004 0.0303495806
vt -0.00166306004 0.0311909802
vt -0.00206121011 0.0311909802
vt -0.00166306004 0.0303495806
vt -0.00206121011 0.0311909802
vt -0.00206121011 0.0303495806
vt 0.0180127695 0.0190197807
vt 0.0176703595 0.0191389807
vt 0.0176950004 0.0182633009
vt 0.0176727902 0.0191379003
vt 0.0173655897 0.0184067301
vt 0.0176973697 0.0182622205
vt 0.0258604307 0.0183297098
vt 0.0255764499 0.0185540095
vt 0.0253429692 0.0177426208
vt 0.0257886294 0.0183316991
vt 0.0252812691 0.0177655499
vt 0.0255487505 0.0175221693
vt 0.00166298996 0.0308502503
vt 0.00166298996 0.0300676506
vt 0.00206110999 0.0300676506
vt 0.00166298996 0.0308502503
vt 0.00206110999 0.0300676506
vt 0.00206110999 0.0308502503
vt 0.00166299997 0.0245115403
vt 0.00166299997 0.0236910302
vt 0.00206112 0.0236910302
vt 0.00166299997 0.0245115403
vt 0.00206112 0.0236910302
vt 0.00206112 0.0245115403
vt -0.0121987099 0.00568600977
vt -0.0118442904 0.00576244015
vt -0.0123212701 0.00649813004
vt -0.0123233497 0.00649653003
vt -0.0118463496 0.00576086016
vt -0.0119648296 0.00654585985
vt -0.0111092804 -0.00242293999
vt -0.0107501298 -0.00237846002
vt -0.0111635597 -0.00167393999
vt -0.0112353498 -0.00172279996
vt -0.0108215399 -0.00242709997
vt -0.0108744102 -0.00170040003
vt -0.0020612299 -0.000862720015
vt -0.00166307995 -0.00161369005
vt -0.00166307995 -0.000862720015
vt -0.0020612299 -0.00161369005
vt -0.00166307995 -0.00161369005
vt -0.0020612299 -0.000862720015
vt -0.0020612299 0.00826395024
vt -0.00166307006 0.00744264014
vt -0.00166307006 0.00826395024
vt -0.0020612299 0.00744264014
vt -0.00166307006 0.00744264014
vt -0.0020612299 0.00826395024
vt 0.0108969901 -0.00973591022
vt 0.0108971205 0.0107386103
vt 0.0105355503 0.0107269799
vt 0.0108970497 -0.00973589998
vt 0.0105356099 0.0107269799
vt 0.0105354898 -0.00972365029
vt 0.00206112 0.0107386801
vt 0.00166299997 0.0107386801
vt 0.00166300999 -0.00973584037
vt 0.00206113001 -0.00973584037
vt 0.00206112 0.0107386801
vt 0.00166300999 -0.00973584037
vt 0.0324698016 -0.00865721982
vt 0.0321152098 -0.00808674004
vt 0.0319562182 -0.00841178
vt 0.03244818 -0.00881772023
vt 0.0319312513 -0.00856168009
vt 0.0322781391 -0.00913687982
vt 0.00166305003 -0.0329906493
vt 0.00206117006 -0.0324137881
vt 0.00166305003 -0.0324137881
vt 0.00166305003 -0.0329906493
vt 0.00206117006 -0.0329906493
vt 0.00206117006 -0.0324137881
vt 0.034575671 0.00166300999
vt 0.034575671 0.00206113001
vt 0.0324644782 0.00206113001
vt 0.034575671 0.00166300999
vt 0.0324644782 0.00206113001
vt 0.0324644782 0.00166300999
vt 0.0345757008 0.00549915014
vt 0.0324645005 0.00549915992
vt 0.0345615484 0.00513757998
vt 0.0345615484 0.00513757998
vt 0.0324645005 0.00549915992
vt 0.0324524902 0.00513759023
vt -0.0110011296 0.00921779033
vt -0.0106395697 0.0092039397
vt -0.0106223896 0.00993201975
vt -0.0108547797 0.00913427025
vt -0.0104762996 0.0098486403
vt -0.0108372997 0.00987019017
vt -0.0020612299 0.00887391996
vt -0.00166307006 0.00887391996
vt -0.00166307006 0.00961004011
vt -0.0020612299 0.00887391996
vt -0.00166307006 0.00961004011
vt -0.0020612299 0.00961004011
vt -0.00206121989 0.0105862599
vt -0.00166307006 0.0124869701
vt -0.00206121989 0.0124869701
vt -0.00206121989 0.0105862599
vt -0.00166307006 0.0105862599
vt -0.00166307006 0.0124869701
vt -0.0108778998 0.0105867004
vt -0.0105162598 0.0124736195
vt -0.01087783 0.0124874096
vt -0.0108746104 0.0105860699
vt -0.0105130496 0.0105745103
vt -0.0105129704 0.01247299
vt 0.0324462615 0.0058122701
vt -0.0311910994 0.00515594985
vt 0.0324377492 0.00545059983
vt 0.0324377492 0.00545134023
vt -0.0311910994 0.00515674008
vt -0.0311752707 0.00479531987
vt 0.0109903198 0.00514684012
vt 0.0106311496 0.00510255015
vt 0.0106830802 0.00429012999
vt 0.0111912498 0.00426900014
vt 0.0111366799 0.00510377018
vt 0.0108303102 0.00424674992
vt 0.00206112 0.00436643977
vt 0.00166300999 0.00436643977
vt 0.00166300999 0.00352988997
vt 0.00206106994 0.00352991
vt 0.00206106994 0.00436647004
vt 0.00166295003 0.00352991
vt 0.00206113001 -0.00690715993
vt 0.00206112 -0.00608660001
vt 0.00166300999 -0.00690715993
vt 0.00206112 -0.00608660001
vt 0.00166300999 -0.00608660001
vt 0.00166300999 -0.00690715993
vt 0.0123541802 -0.00511373021
vt 0.0122312196 -0.00430242997
vt 0.0119957002 -0.00516327983
vt 0.01222541 -0.00430196011
vt 0.0118710501 -0.00437866012
vt 0.0119898096 -0.00516278995
vt -0.0257256608 -0.0169864893
vt -0.0265649296 -0.0173503794
vt -0.0262873601 -0.0175825804
vt -0.0258450694 -0.0167725999
vt -0.0261064004 -0.0165226292
vt -0.0266860407 -0.01713253
vt -0.00166308996 -0.0299612507
vt -0.00206124992 -0.0308026504
vt -0.00166309997 -0.0308026504
vt -0.00166308996 -0.0299612507
vt -0.00206124992 -0.0299612507
vt -0.00206124992 -0.0308026504
vt -0.00166307995 -0.0228454005
vt -0.0020612299 -0.0228454005
vt -0.0020612299 -0.0236667003
vt -0.00166307995 -0.0228454005
vt -0.0020612299 -0.0236667003
vt -0.00166307995 -0.0236667003
vt -0.0172737408 -0.0175499097
vt -0.0176058505 -0.01740616
vt -0.0179222599 -0.0181640591
vt -0.0172744803 -0.0175491609
vt -0.0179230105 -0.0181632899
vt -0.0175803397 -0.0182817392
vt 0.0176731106 -0.0182851497
vt 0.0176976901 -0.0174094699
vt 0.0173659101 -0.0175539795
vt 0.0180127807 -0.0181671605
vt 0.0176950097 -0.01741069
vt 0.0176703706 -0.0182863604
vt 0.00166300999 -0.0237254594
vt 0.00206113001 -0.0229049604
vt 0.00166300999 -0.0229049604
vt 0.00166300999 -0.0237254594
vt 0.00206113001 -0.0237254594
vt 0.00206113001 -0.0229049604
vt 0.00166303001 -0.0304381698
vt 0.00206114003 -0.0304381698
vt 0.00206114003 -0.0296555702
vt 0.00166303001 -0.0304381698
vt 0.00206114003 -0.0296555702
vt 0.00166302 -0.0296555702
vt 0.0258607306 -0.0177800301
vt 0.0253432598 -0.0171929393
vt 0.0255767498 -0.0180043392
vt 0.0257885195 -0.0177811906
vt 0.0255486406 -0.0169716608
vt 0.0252811592 -0.0172150396
vt -0.01232359 -0.00517007988
vt -0.0119650699 -0.00521941995
vt -0.0118465899 -0.0044344198
vt -0.0123212896 -0.00517186988
vt -0.01184431 -0.00443618
vt -0.0121987304 -0.00435975008
vt -0.0175660495 7.55299989e-05
vt -0.0180005394 5.2899999e-05
vt -0.0179923791 -0.000344
vt -0.0175806005 0.000126390005
vt -0.0180077907 -0.000292270008
vt -0.0175959393 -0.00024565999
vt -0.0165969692 -0.00064932002
vt -0.0169686191 -0.000671910006
vt -0.0169670004 -0.00104427
vt -0.0163988601 -0.000990950037
vt -0.0167649109 -0.00138959999
vt -0.0164939109 -0.00127101003
vt -0.0166098699 0.000656430027
vt -0.0170208104 0.000221830007
vt -0.0166491196 0.000243779999
vt -0.0165705793 0.000608670001
vt -0.0169675797 0.000608670001
vt -0.0169812404 0.000173819994
vt -0.0175630804 0.00087097002
vt -0.0180172902 0.000414390001
vt -0.0175827704 0.000436350005
vt -0.0175536703 0.000853989972
vt -0.01801043 0.000853989972
vt -0.0180076901 0.000397230004
vt -0.0166880507 0.0029513
vt -0.0169618297 0.00269493996
vt -0.0165901892 0.0026722101
vt -0.0168497991 0.0030592999
vt -0.0168535095 0.00268694991
vt -0.0165783204 0.00294182007
vt -0.0175814498 0.00220244005
vt -0.0180013105 0.00185294996
vt -0.0175668206 0.00183037005
vt -0.0180060398 0.0022301299
vt -0.0180134792 0.00183322001
vt -0.0175942108 0.0021834299
vt -0.0180168208 0.00157242001
vt -0.0180193707 0.00111565995
vt -0.0175822899 0.00155046
vt -0.0175731797 0.00154882995
vt -0.01801043 0.00111419999
vt -0.0175536703 0.00111419999
vt -0.0170186907 0.00179129001
vt -0.01700476 0.00135644001
vt -0.0166469999 0.00176931999
vt -0.0166095793 0.00174752995
vt -0.0169675797 0.00133485999
vt -0.0165705793 0.00133485999
vt -0.0180702098 0.00152110006
vt -0.0184965301 0.00110156997
vt -0.0180620402 0.00112419995
vt -0.0180777796 0.00156890997
vt -0.0184896607 0.00152229995
vt -0.0185049605 0.00115024997
vt -0.0180167407 0.000680879981
vt -0.0183867309 0.000285919989
vt -0.0180150792 0.000308519986
vt -0.0178419203 0.000333620002
vt -0.0181128401 0.000215029999
vt -0.0182079095 -6.50400034e-05
vt -0.0180610307 0.00112759997
vt -0.0184327196 0.00110564998
vt -0.0184719991 0.00069299998
vt -0.0180262197 0.00108289998
vt -0.0184369199 0.000648039975
vt -0.0180399101 0.000648039975
vt -0.0180716291 0.00137691002
vt -0.01850616 0.00135495001
vt -0.0185258705 0.00092033
vt -0.0180662293 0.00136350002
vt -0.0185202807 0.000906740024
vt -0.0180634893 0.000906740024
vt -0.0160662793 -0.00301401992
vt -0.0162602402 -0.00339119998
vt -0.0159200504 -0.00314445002
vt -0.0156460796 -0.00363654993
vt -0.0159106292 -0.00376887992
vt -0.0158289708 -0.00401921989
vt -0.0174589902 -0.00142194994
vt -0.0178483501 -0.00176808995
vt -0.0174174402 -0.00168196997
vt -0.0174990594 -0.00124502997
vt -0.0179099999 -0.0012991
vt -0.0178912599 -0.00158796005
vt -0.0171722602 -0.00307919993
vt -0.0175988507 -0.00318468991
vt -0.0175610296 -0.00343636004
vt -0.0169067103 -0.00389036001
vt -0.0169922002 -0.00367264007
vt -0.0173701495 -0.00404124008
vt -0.0140850199 -0.0065248399
vt -0.0143913198 -0.00681257015
vt -0.0142557202 -0.00700316019
vt -0.0132683096 -0.00733132008
vt -0.0134432605 -0.00720886979
vt -0.01359424 -0.00769378012
vt -0.0180024505 0.00114295003
vt -0.0184540693 0.000939489983
vt -0.0180229899 0.000854209997
vt -0.0184290707 0.00113155995
vt -0.0184687898 0.000871249998
vt -0.0180181805 0.00107692997
vt -0.0176913608 0.00360186002
vt -0.0173547305 0.00335029
vt -0.0172769707 0.00360186002
vt -0.0175433606 0.0033785901
vt -0.0176913608 0.00325016002
vt -0.0172769707 0.00325016002
vt -0.0153914904 0.0070899101
vt -0.0156891793 0.00738654984
vt -0.0158626791 0.00726203015
vt -0.0156126404 0.00652251998
vt -0.0160862897 0.00668773986
vt -0.0157510005 0.00633392017
vt -0.0178127196 0.00239296001
vt -0.0182382409 0.00250267005
vt -0.0183193404 0.00228327001
vt -0.0177728999 0.00246640993
vt -0.0182804801 0.00236125011
vt -0.0178153701 0.00221547997
vt -0.0145028001 0.00464435993
vt -0.0146578401 0.00452454016
vt -0.0143226702 0.00426462013
vt -0.0143000297 0.00508307014
vt -0.0142304003 0.00479563
vt -0.0139680896 0.00481904019
vt -0.0137440199 0.00252831005
vt -0.0140064498 0.00250627007
vt -0.01369025 0.00209218008
vt -0.0141559104 0.00237312005
vt -0.0141285397 0.00195951993
vt -0.0138390698 0.00195951993
vt -0.0106455702 0.00274860999
vt -0.0109409997 0.00318611995
vt -0.0109000802 0.00274860999
vt -0.0102141099 0.00307870004
vt -0.0102778003 0.00356195006
vt -0.0105074598 0.00351762003
vt -0.01101672 0.00664658006
vt -0.0113867503 0.0069944202
vt -0.0112456298 0.00659852987
vt -0.0105370404 0.00720412005
vt -0.01071335 0.00765855983
vt -0.0109015796 0.00755771995
vt -0.0138390698 -8.05899981e-05
vt -0.0141285397 -8.05899981e-05
vt -0.01389354 -0.000516619999
vt -0.0139708901 -1.83499997e-05
vt -0.0139976097 -0.000432000001
vt -0.0137351798 -0.000453999994
vt -0.0142052602 -0.00269852998
vt -0.01411823 -0.0031037
vt -0.0139429197 -0.0027217099
vt -0.0148085197 -0.00249933009
vt -0.0148842698 -0.00278522004
vt -0.0147302002 -0.00290627009
vt -0.01055652 -0.00569448993
vt -0.0106121497 -0.00519593013
vt -0.0107452599 -0.00559459999
vt -0.01126072 -0.00550583983
vt -0.0110762501 -0.0050546499
vt -0.0113050696 -0.00500616012
vt -0.0102293799 -0.00136185996
vt -0.0104203001 -0.000879929983
vt -0.0104590598 -0.00131763995
vt -0.0107116904 -0.00149350998
vt -0.0106455702 -0.00101059
vt -0.0109000802 -0.00101059
vt -0.0175327603 -0.00118946005
vt -0.0178729501 -0.00143619999
vt -0.0177267008 -0.00156661996
vt -0.0171507299 -0.00186358998
vt -0.0173335709 -0.00224625994
vt -0.0170690808 -0.00211392995
vt -0.0180169493 0.000731259992
vt -0.0184478592 0.000645150023
vt -0.0184063409 0.000385119987
vt -0.0180410706 0.000914809993
vt -0.0184333008 0.000571889977
vt -0.0180223305 0.000625960005
vt -0.0178538803 -0.000801510003
vt -0.0178916901 -0.000549839984
vt -0.0182804707 -0.000906990026
vt -0.0177653693 -0.00118763
vt -0.0182288494 -0.00133850996
vt -0.0181433298 -0.00155622
vt -0.0158277508 -0.00489968015
vt -0.0159633793 -0.00470909989
vt -0.0161340702 -0.00518740015
vt -0.0153513402 -0.00548475981
vt -0.0156772807 -0.00584721006
vt -0.0155023104 -0.00596965011
vt -0.0178588405 0.00335598993
vt -0.0178793706 0.00306725991
vt -0.0174277592 0.00327070989
vt -0.0174528807 0.00320528005
vt -0.01790349 0.00299961003
vt -0.0174926296 0.00294497004
vt -0.0160576794 0.00552419014
vt -0.0161354691 0.00527261989
vt -0.0157210398 0.00527261989
vt -0.0157210398 0.00493750023
vt -0.0161354691 0.00493750023
vt -0.0158690102 0.00480906013
vt -0.01345874 0.00875668041
vt -0.0139298895 0.0089288
vt -0.0136322202 0.00863215979
vt -0.0136896297 0.00825993996
vt -0.0140249003 0.0086137699
vt -0.0141632399 0.00842516031
vt -0.0170346405 0.00485554012
vt -0.0175412297 0.00474584009
vt -0.0171157103 0.00463614007
vt -0.0169789195 0.00495164981
vt -0.0174439903 0.00509741018
vt -0.0174864698 0.00484646996
vt -0.0167205296 0.00341722998
vt -0.0165404193 0.00303749996
vt -0.0163853597 0.00315730995
vt -0.0161035005 0.00403823005
vt -0.0163657907 0.00401481986
vt -0.0160338506 0.0037507799
vt -0.0161945205 0.0021108801
vt -0.0161407292 0.00167475
vt -0.0158783197 0.00169677997
vt -0.0163455904 0.00197263993
vt -0.0160287507 0.00155903003
vt -0.0160561409 0.00197263993
vt -0.01354759 0.00285160006
vt -0.0132521698 0.00241408008
vt -0.0132931098 0.00285160006
vt -0.0130306398 0.00272598001
vt -0.0128009403 0.00277031003
vt -0.0130943004 0.00320922001
vt -0.0138039598 0.00599734019
vt -0.0134338802 0.00564952008
vt -0.01357501 0.00604538992
vt -0.0131252399 0.00617802003
vt -0.0129369898 0.00627885014
vt -0.01330157 0.00663243979
vt -0.0162910894 0.000341089995
vt -0.0163455904 -9.49399982e-05
vt -0.0160561409 -9.49399982e-05
vt -0.0161318406 0.000401010009
vt -0.0158961806 -3.46499983e-05
vt -0.0158694293 0.000379009987
vt -0.0161652695 -0.00152825005
vt -0.0163405407 -0.00191024004
vt -0.0160782393 -0.00193341996
vt -0.0167602208 -0.00128951005
vt -0.0166819096 -0.00169645005
vt -0.0166061204 -0.00141055998
vt -0.0129651297 -0.00420601992
vt -0.0129094701 -0.00470454991
vt -0.0127763702 -0.00430590007
vt -0.0138660902 -0.00441804016
vt -0.0136372298 -0.00446654018
vt -0.0136815896 -0.00396686979
vt -0.0129802004 -0.000514369982
vt -0.0127892699 -0.000996310031
vt -0.0127504803 -0.000558589993
vt -0.01354759 -0.00112437003
vt -0.0132931098 -0.00112437003
vt -0.0134815304 -0.000641449995
vt 0.0324476995 0.00923855975
vt 0.0322776511 0.00955772027
vt 0.0319307894 0.00898251031
vt 0.0324690491 0.00908225961
vt 0.0319554806 0.00883680023
vt 0.0321144797 0.00851176027
vt 0.0345756896 -0.00511866016
vt 0.0345615484 -0.00475709001
vt 0.0324645303 -0.00511866016
vt 0.0345615484 -0.00475709001
vt 0.032452479 -0.00475709001
vt 0.0324645303 -0.00511866016
vt -0.0345756896 0.00166300999
vt -0.0324645303 0.00166300999
vt -0.0324645303 0.00206113001
vt -0.00774683012 -0.000251610007
vt -0.00811285991 -0.000650260015
vt -0.00784189999 -0.000531669997
vt -0.00783937983 0.00081351999
vt -0.00825031009 0.000378919998
vt -0.00787862018 0.000400869991
vt -0.00781868026 0.00078865001
vt -0.00821567979 0.00078865001
vt -0.00822934043 0.000353790005
vt -0.00854082964 0.00091758999
vt -0.00899505988 0.00046101
vt -0.00856051035 0.000482959993
vt -0.00853517 0.000908049988
vt -0.00899195019 0.000908049988
vt -0.00898921955 0.00045128999
vt -0.00794532988 0.00232817
vt -0.00821908005 0.00207180995
vt -0.00784743018 0.0020490801
vt -0.00815816037 0.00243981997
vt -0.00816186983 0.00206746999
vt -0.00788671989 0.00232232991
vt -0.00856546964 0.00202346989
vt -0.0089853704 0.00167398003
vt -0.00855084043 0.0016514
vt -0.00898529962 0.00206107995
vt -0.00899273995 0.00166416005
vt -0.00857342966 0.00201436994
vt -0.00899477955 0.00152201997
vt -0.00899733044 0.00106525002
vt -0.00856021978 0.00150005997
vt -0.00855467003 0.00149844005
vt -0.00899195019 0.00106380996
vt -0.00853517 0.00106380996
vt -0.0082491897 0.00161725003
vt -0.00823525991 0.00118240004
vt -0.0078774998 0.00159529003
vt -0.00785768032 0.00158352999
vt -0.00821567979 0.00117085001
vt -0.00781868026 0.00117085001
vt -0.00905456021 0.00170654
vt -0.00948088989 0.00128701003
vt -0.00904639997 0.00130964001
vt -0.00905639026 0.00173043006
vt -0.00946823042 0.00168382004
vt -0.00948357023 0.00131176994
vt -0.00927076954 0.00125196006
vt -0.00964079984 0.000857000006
vt -0.00926914997 0.000879589992
vt -0.00919044018 0.00107383996
vt -0.00946138985 0.000955249998
vt -0.00955647044 0.000675179996
vt -0.00929057971 0.00128476997
vt -0.00966226961 0.00126281998
vt -0.00970150996 0.000850169978
vt -0.00927434955 0.00126296002
vt -0.00968501996 0.000828100019
vt -0.00928801019 0.000828100019
vt -0.00904939976 0.00142352004
vt -0.00948392972 0.00140157004
vt -0.00950361043 0.000966950029
vt -0.00904774014 0.00141755003
vt -0.00950175989 0.000960780017
vt -0.00904501043 0.000960780017
vt -0.00761820981 -0.00143576995
vt -0.00781216007 -0.00181294
vt -0.00747196004 -0.00156619004
vt -0.00740077021 -0.00173980999
vt -0.00766529003 -0.00187213998
vt -0.00758362003 -0.00212247996
vt -0.00849265046 -0.000752129999
vt -0.0088820504 -0.00109826995
vt -0.00845110044 -0.00101214997
vt -0.00851595029 -0.000662320002
vt -0.00892691966 -0.000716389972
vt -0.00890817959 -0.00100525003
vt -0.00830908958 -0.00174731005
vt -0.00873572007 -0.00185280002
vt -0.00869789999 -0.00210447004
vt -0.00812286045 -0.00225815992
vt -0.00820835028 -0.00204043998
vt -0.00858633965 -0.00240904
vt -0.00653035985 -0.0032255
vt -0.00683666021 -0.00351323001
vt -0.00670104986 -0.00370382005
vt -0.00603209017 -0.00367039
vt -0.00620704005 -0.00354794995
vt -0.00635801023 -0.0040328498
vt -0.00903199986 0.000504989992
vt -0.00948361028 0.000301540014
vt -0.00905252993 0.000216259999
vt -0.00944861025 0.000522629998
vt -0.00948836002 0.000262320013
vt -0.00903774984 0.000467990001
vt -0.00933841988 0.00180722994
vt -0.0090017803 0.00155566004
vt -0.00892398972 0.00180722994
vt -0.00919041969 0.00177110999
vt -0.00933841988 0.00164267002
vt -0.00892398972 0.00164267002
vt -0.00806062017 0.00344592007
vt -0.00835829973 0.00374257006
vt -0.00853176974 0.00361803989
vt -0.00816821028 0.0031612399
vt -0.0086418204 0.00332646002
vt -0.00830654986 0.00297263009
vt -0.00897421967 0.000930620008
vt -0.00939974003 0.00104033004
vt -0.00948080979 0.000820919988
vt -0.00895802025 0.000974500028
vt -0.00946556963 0.000869330019
vt -0.00900049973 0.000723559991
vt -0.00674223993 0.00319417007
vt -0.0068973098 0.00307435007
vt -0.00656217011 0.00281444006
vt -0.00671568001 0.0033392699
vt -0.0066460399 0.00305181998
vt -0.00638377992 0.00307522994
vt -0.00627196021 0.00197105994
vt -0.00653433986 0.00194902997
vt -0.00621814001 0.00153492996
vt -0.00660955021 0.00188354996
vt -0.00658218982 0.00146993995
vt -0.00629271008 0.00146993995
vt -0.00459629018 0.00184082997
vt -0.00489174016 0.00227835006
vt -0.00485078013 0.00184082997
vt -0.00438911002 0.00199509994
vt -0.00445279013 0.00247834995
vt -0.00468249014 0.00243400992
vt -0.00481329998 0.00393546978
vt -0.00518336007 0.00428328989
vt -0.0050422498 0.00388743007
vt -0.0045777699 0.00418908987
vt -0.00475407019 0.00464353012
vt -0.00494231004 0.00454268977
vt -0.00629271008 0.000455550005
vt -0.00658218982 0.000455550005
vt -0.00634723995 1.95100001e-05
vt -0.00650318014 0.000487870013
vt -0.00652989978 7.42199991e-05
vt -0.00626752013 5.22199989e-05
vt -0.00663344981 -0.00107256998
vt -0.0065464098 -0.00147774001
vt -0.00637118006 -0.00109575002
vt -0.00693674991 -0.000983880018
vt -0.00701254001 -0.00126976997
vt -0.00685844012 -0.00139082002
vt -0.00467600022 -0.00276981993
vt -0.00473169005 -0.00227128994
vt -0.00486474019 -0.00266992999
vt -0.00502707995 -0.00268865004
vt -0.00484257983 -0.0022374799
vt -0.00507143 -0.00218898011
vt -0.00442944001 -0.000402370002
vt -0.00462034997 7.95700034e-05
vt -0.00465916982 -0.000358149991
vt -0.00466238009 -0.000469390012
vt -0.00459629018 1.35299997e-05
vt -0.00485078013 1.35299997e-05
vt -0.00908443984 0.000388229993
vt -0.00942463987 0.000141490003
vt -0.00927838031 1.10600004e-05
vt -0.00890626013 3.42400017e-05
vt -0.00908911973 -0.00034843001
vt -0.00882459991 -0.000216100001
vt -0.00905061979 0.00140107004
vt -0.00948153995 0.00131494994
vt -0.00943997968 0.00105493004
vt -0.00905796979 0.00149745005
vt -0.00945017021 0.00115452998
vt -0.00903923996 0.00120858999
vt -0.00899067987 0.000530159974
vt -0.0090284897 0.000781840004
vt -0.00941727031 0.000424689992
vt -0.00898141973 0.000444039993
vt -0.00944485981 0.000293169986
vt -0.00935936999 7.54499997e-05
vt -0.00827257987 -0.00160131999
vt -0.00840818975 -0.00141072995
vt -0.00857887976 -0.00188905001
vt -0.00811435003 -0.00182501995
vt -0.00844028033 -0.00218747999
vt -0.00826533046 -0.00230993005
vt -0.00888840016 0.00271798996
vt -0.00890893023 0.00242924993
vt -0.00845727976 0.00263270992
vt -0.00847245008 0.00259619998
vt -0.00892309006 0.00239052996
vt -0.00851219986 0.00233588996
vt -0.00770448986 0.00373004004
vt -0.00778227998 0.00347847003
vt -0.00736786006 0.00347847003
vt -0.00736786006 0.00332957995
vt -0.00778227998 0.00332957995
vt -0.00751585979 0.00320114009
vt -0.0061285398 0.00511159003
vt -0.00659968983 0.00528371008
vt -0.00630202005 0.00498706987
vt -0.0062457798 0.00489768013
vt -0.00658106012 0.00525151007
vt -0.00671940017 0.00506290002
vt -0.0081961602 0.00339302002
vt -0.00870278012 0.00328330998
vt -0.00827721972 0.00317360996
vt -0.00816410035 0.00345947989
vt -0.00862921029 0.00360524002
vt -0.00867168047 0.00335431006
vt -0.00895943958 0.00196789997
vt -0.00877937023 0.00158816995
vt -0.00862430036 0.00170797994
vt -0.00851984974 0.00229341001
vt -0.00878211018 0.00227000006
vt -0.00845021009 0.00200596009
vt -0.00872315001 0.00155301997
vt -0.00866932981 0.00111688999
vt -0.00840695016 0.00113891996
vt -0.00879991986 0.00148246996
vt -0.00848308019 0.00106885994
vt -0.00851043966 0.00148246996
vt -0.00749961985 0.00194285996
vt -0.00720418012 0.00150533998
vt -0.00724514015 0.00194285996
vt -0.00720290979 0.00164449005
vt -0.00697320979 0.00168881996
vt -0.00726658991 0.00212773005
vt -0.00759806996 0.00328839989
vt -0.00722800987 0.00294059003
vt -0.00736912014 0.00333645009
vt -0.00716440985 0.00316413003
vt -0.00697617978 0.00326496991
vt -0.00734071992 0.00361856003
vt -0.00874538999 0.000877849991
vt -0.00879991986 0.00044181
vt -0.00851043966 0.00044181
vt -0.00866482966 0.000907830021
vt -0.00842916965 0.000472179992
vt -0.00840245001 0.000885830028
vt -0.00859421957 9.78600001e-05
vt -0.00876946002 -0.000284120004
vt -0.00850718003 -0.000307309994
vt -0.00888731983 0.000225490003
vt -0.00880900957 -0.000181459996
vt -0.0087332204 0.000104430001
vt -0.00708336988 -0.00128295005
vt -0.00702768005 -0.00178147003
vt -0.00689462991 -0.00138282997
vt -0.00762984017 -0.00160269998
vt -0.00740099 -0.00165118999
vt -0.00744534004 -0.00115152996
vt -0.00717706978 0.000445250014
vt -0.00698615983 -3.66800014e-05
vt -0.00694735022 0.000401039986
vt -0.00749961985 -0.000101320002
vt -0.00724514015 -0.000101320002
vt -0.00743354019 0.000381610007
vt -0.0183806997 0.00173078
vt -0.0182828102 0.00145168998
vt -0.0180090591 0.00170805003
vt -0.0179122202 0.00171272003
vt -0.0181873702 0.00145785999
vt -0.0179159697 0.00134037004
vt -0.0184969902 0.000808149984
vt -0.0184824001 0.000436069997
vt -0.0180625003 0.00078557001
vt -0.0180695206 0.000761709991
vt -0.01848883 0.000411510002
vt -0.01807696 0.000364800013
vt -0.0180688202 0.00106288004
vt -0.0185058992 0.000628079986
vt -0.0180713702 0.000606119982
vt -0.0185202807 0.00106504001
vt -0.0185007397 0.000630409981
vt -0.0180634893 0.00106504001
vt -0.0180731397 0.00131653994
vt -0.01843087 0.000903650012
vt -0.0180591792 0.000881690008
vt -0.0184369199 0.001299
vt -0.0183978807 0.00088632002
vt -0.0180399101 0.001299
vt 0.0180194303 0.000861270004
vt 0.0175823905 0.000426459999
vt 0.0180168804 0.000404499995
vt 0.01756691 9.23400003e-05
vt 0.0175814703 -0.000279739994
vt 0.0180013701 6.97599971e-05
vt 0.0175537206 0.000863510009
vt 0.0175732896 0.00042887
vt 0.0180105008 0.000863510009
vt 0.0168535393 -0.000765439996
vt 0.0165783204 -0.00102029997
vt 0.01684976 -0.00113778003
vt 0.0185049996 0.000772589992
vt 0.0180778503 0.000353940006
vt 0.0184897296 0.000400549994
vt 0.0183870401 0.00163502002
vt 0.0180153195 0.00161241996
vt 0.0180170108 0.00124006998
vt 0.0184965599 0.000817320019
vt 0.0180621091 0.000794689986
vt 0.0180702694 0.000397789991
vt 0.0170050003 0.000620179984
vt 0.0166472495 0.000207289995
vt 0.0170189999 0.000185330005
vt 0.0165705401 0.000642950006
vt 0.0166095104 0.000230279999
vt 0.0169675108 0.000642950006
vt 0.0182082299 0.00196816004
vt 0.0178421997 0.00156950997
vt 0.0181131493 0.00168810005
vt 0.0184722301 0.00128461001
vt 0.0180612598 0.000850010023
vt 0.0184330195 0.000871960016
vt 0.0184368491 0.00132877997
vt 0.0180398896 0.00132877997
vt 0.0180261601 0.000893929973
vt 0.0165904593 -0.000762020005
vt 0.0166883599 -0.00104112003
vt 0.0169621706 -0.00078474998
vt 0.0185259301 0.00105743995
vt 0.0180716906 0.000600859988
vt 0.0185061805 0.000622809981
vt 0.0185203496 0.0010702
vt 0.0180635601 0.0010702
vt 0.0180663001 0.000613440003
vt 0.0182831101 0.000458660012
vt 0.0180092901 0.000202290001
vt 0.0183809996 0.000179559996
vt 0.0179162491 0.000581270026
vt 0.0179124698 0.000208929996
vt 0.0181876794 0.000463789998
vt 0.0184824709 0.00148662005
vt 0.0180625599 0.00113711995
vt 0.01849702 0.00111454003
vt 0.0180135593 8.5599997e-05
vt 0.0175942499 -0.000264609989
vt 0.0180061199 -0.000311309996
vt 0.0180770308 0.00155398995
vt 0.0180695895 0.00115708006
vt 0.0184888896 0.00150729006
usemtl mat_1670123
f 1/1 2/2 3/3
f 4/4 5/5 6/6
f 7/7 8/8 9/9
f 10/10 11/11 12/12
f 13/13 14/14 15/15
f 16/16 17/17 18/18
f 19/19 20/20 21/21
f 22/22 23/23 24/24
f 25/25 26/26 27/27
f 28/28 29/29 30/30
f 29/29 28/28 31/31
f 29/29 31/31 32/32
f 33/33 34/34 35/35
f 34/34 33/33 36/36
f 34/34 36/36 37/37
f 38/38 39/39 40/40
f 41/41 42/42 43/43
f 44/44 45/45 46/46
f 47/47 48/48 49/49
f 50/50 51/51 52/52
f 53/53 54/54 55/55
f 56/56 57/57 58/58
f 59/59 60/60 61/61
f 62/62 63/63 64/64
f 65/65 66/66 67/67
f 68/68 69/69 70/70
f 71/71 72/72 73/73
f 74/74 75/75 76/76
f 77/77 78/78 79/79
f 80/80 81/81 82/82
f 83/83 84/84 85/85
f 86/86 87/87 88/88
f 89/89 90/90 91/91
f 92/92 93/93 94/94
f 95/95 96/96 97/97
f 98/98 99/99 100/100
f 101/101 102/102 103/103
f 104/104 105/105 106/106
f 107/107 108/108 109/109
f 110/110 111/111 112/112
f 113/113 114/114 115/115
f 116/116 117/117 118/118
f 119/119 120/120 121/121
f 122/122 123/123 124/124
f 125/125 126/126 127/127
f 128/128 129/129 130/130
f 131/131 132/132 133/133
f 134/134 135/135 136/136
f 137/137 138/138 139/139
f 140/140 141/141 142/142
f 143/143 144/144 145/145
f 146/146 147/147 148/148
f 149/149 150/150 151/151
f 152/152 153/153 154/154
f 155/155 156/156 157/157
f 158/158 159/159 160/160
f 161/161 162/162 163/163
f 164/164 165/165 166/166
f 167/167 168/168 169/169
f 170/170 171/171 172/172
f 173/173 174/174 175/175
f 176/176 177/177 178/178
f 179/179 180/180 181/181
f 182/182 183/183 184/184
f 185/185 186/186 187/187
f 188/188 189/189 190/190
f 191/191 192/192 193/193
f 194/194 195/195 196/196
f 197/197 198/198 199/199
f 200/200 201/201 202/202
f 203/203 204/204 205/205
f 206/206 207/207 208/208
f 209/209 210/210 211/211
f 212/212 213/213 214/214
f 215/215 216/216 217/217
f 218/218 219/219 220/220
f 221/221 222/222 223/223
f 224/224 225/225 226/226
f 227/227 228/228 229/229
f 230/230 231/231 232/232
f 233/233 234/234 235/235
f 236/236 237/237 238/238
f 239/239 240/240 241/241
f 242/242 243/243 244/244
f 245/245 246/246 247/247
f 248/248 249/249 250/250
f 251/251 252/252 253/253
f 254/254 255/255 256/256
f 257/257 258/258 259/259
f 260/260 261/261 262/262
f 263/263 264/264 265/265
f 266/266 267/267 268/268
f 269/269 270/270 271/271
f 272/272 273/273 274/274
f 275/275 276/276 277/277
f 278/278 279/279 280/280
f 281/281 282/282 283/283
f 284/284 285/285 286/286
f 287/287 288/288 289/289
f 290/290 291/291 292/292
f 293/293 294/294 295/295
f 296/296 297/297 298/298
f 299/299 300/300 301/301
f 302/302 303/303 304/304
f 305/305 306/306 307/307
f 308/308 309/309 310/310
f 311/311 312/312 313/313
f 314/314 315/315 316/316
f 317/317 318/318 319/319
f 320/320 321/321 322/322
f 323/323 324/324 325/325
f 326/326 327/327 328/328
f 329/329 330/330 331/331
f 332/332 333/333 334/334
f 335/335 336/336 337/337
f 338/338 339/339 340/340
f 341/341 342/342 343/343
f 344/344 345/345 346/346
f 347/347 348/348 349/349
f 350/350 351/351 352/352
f 353/353 354/354 355/355
f 356/356 357/357 358/358
f 359/359 360/360 361/361
f 362/362 363/363 364/364
f 365/365 366/366 367/367
f 368/368 369/369 370/370
f 371/371 372/372 373/373
f 374/374 375/375 376/376
f 377/377 378/378 379/379
f 380/380 381/381 382/382
f 383/383 384/384 385/385
f 386/386 387/387 388/388
f 389/389 390/390 391/391
f 392/392 393/393 394/394
f 395/395 396/396 397/397
f 398/398 399/399 400/400
f 401/401 402/402 403/403
f 404/404 405/405 406/406
f 407/407 408/408 409/409
f 410/410 411/411 412/412
f 413/413 414/414 415/415
f 416/416 417/417 418/418
f 419/419 420/420 421/421
f 422/422 423/423 424/424
f 425/425 426/426 427/427
f 428/428 429/429 430/430
f 431/431 432/432 433/433
f 434/434 435/435 436/436
f 437/437 438/438 439/439
f 440/440 441/441 442/442
f 443/443 444/444 445/445
f 446/446 447/447 448/448
f 449/449 450/450 451/451
f 452/452 453/453 454/454
f 455/455 456/456 457/457
f 458/458 459/459 460/460
f 461/461 462/462 463/463
f 464/464 465/465 466/466
f 467/467 468/468 469/469
f 470/470 471/471 472/472
f 473/473 474/474 475/475
f 476/476 477/477 478/478
f 479/479 480/480 481/481
f 482/482 483/483 484/484
f 485/485 486/486 487/487
f 488/488 489/489 490/490
f 491/491 492/492 493/493
f 494/494 495/495 496/496
f 497/497 498/498 499/499
f 500/500 501/501 502/502
f 503/503 504/504 505/505
f 506/506 507/507 508/508
f 509/509 510/510 511/511
f 512/512 513/513 514/514
f 515/515 516/516 517/517
f 518/518 519/519 520/520
f 521/521 522/522 523/523
f 524/524 525/525 526/526
f 527/527 528/528 529/529
f 530/530 531/531 532/532
f 533/533 534/534 535/535
f 536/536 537/537 538/538
f 539/539 540/540 541/541
f 542/542 543/543 544/544
f 545/545 546/546 547/547
f 548/548 549/549 550/550
f 551/551 552/552 553/553
f 554/554 555/555 556/556
f 557/557 558/558 559/559
f 560/560 561/561 562/562
f 563/563 564/564 565/565
f 566/566 567/567 568/568
f 569/569 570/570 571/571
f 572/572 573/573 574/574
f 575/575 576/576 577/577
f 578/578 579/579 580/580
f 581/581 582/582 583/583
f 584/584 585/585 586/586
f 587/587 588/588 589/589
f 590/590 591/591 592/592
f 593/593 594/594 595/595
f 596/596 597/597 598/598
f 599/599 600/600 601/601
f 602/602 603/603 604/604
f 605/605 606/606 607/607
f 608/608 609/609 610/610
f 611/611 612/612 613/613
f 614/614 615/615 616/616
f 617/617 618/618 619/619
f 620/620 621/621 622/622
f 623/623 624/624 625/625
f 626/626 627/627 628/628
f 629/629 630/630 631/631
f 632/632 633/633 634/634
f 635/635 636/636 637/637
f 638/638 639/639 640/640
f 641/641 642/642 643/643
f 644/644 645/645 646/646
f 647/647 648/648 649/649
f 650/650 651/651 652/652
f 653/653 654/654 655/655
f 656/656 657/657 658/658
f 659/659 660/660 661/661
f 662/662 663/663 664/664
f 665/665 666/666 667/667
f 668/668 669/669 670/670
f 671/671 672/672 673/673
f 674/674 675/675 676/676
f 677/677 678/678 679/679
f 680/680 681/681 682/682
f 683/683 684/684 685/685
f 686/686 687/687 688/688
f 689/689 690/690 691/691
f 692/692 693/693 694/694
f 695/695 696/696 697/697
f 698/698 699/699 700/700
f 701/701 702/702 703/703
f 704/704 705/705 706/706
f 707/707 708/708 709/709
f 710/710 711/711 712/712
f 713/713 714/714 715/715
f 716/716 717/717 718/718
f 719/719 720/720 721/721
f 722/722 723/723 724/724
f 725/725 726/726 727/727
f 728/728 729/729 730/730
f 731/731 732/732 733/733
f 734/734 735/735 736/736
f 737/737 738/738 739/739
f 740/740 741/741 742/742
f 743/743 744/744 745/745
f 746/746 747/747 748/748
f 749/749 750/750 751/751
f 752/752 753/753 754/754
f 755/755 756/756 757/757
f 758/758 759/759 760/760
f 761/761 762/762 763/763
f 764/764 765/765 766/766
f 767/767 768/768 769/769
f 770/770 771/771 772/772
f 773/773 774/774 775/775
f 776/776 777/777 778/778
f 779/779 780/780 781/781
f 782/782 783/783 784/784
f 785/785 786/786 787/787
f 788/788 789/789 790/790
f 791/791 792/792 793/793
f 794/794 795/795 796/796
f 797/797 798/798 799/799
f 800/800 801/801 802/802
f 803/803 804/804 805/805
f 806/806 807/807 808/808
f 809/809 810/810 811/811
f 812/812 813/813 814/814
f 815/815 816/816 817/817
f 818/818 819/819 820/820
f 821/821 822/822 823/823
f 824/824 825/825 826/826
f 827/827 828/828 829/829
f 830/830 831/831 832/832
f 833/833 834/834 835/835
f 836/836 837/837 838/838
f 839/839 840/840 841/841
f 842/842 843/843 844/844
f 845/845 846/846 847/847
f 848/848 849/849 850/850
f 851/851 852/852 853/853
f 854/854 855/855 856/856
f 857/857 858/858 859/859
f 860/860 861/861 862/862
f 863/863 864/864 865/865
f 866/866 867/867 868/868
f 869/869 870/870 871/871
f 872/872 873/873 874/874
f 875/875 876/876 877/877
f 876/876 875/875 878/878
f 879/879 880/880 881/881
f 882/882 883/883 884/884
f 885/885 886/886 887/887
f 888/888 889/889 890/890
f 891/891 892/892 893/893
f 894/894 895/895 896/896
f 897/897 898/898 899/899
f 900/900 901/901 902/902
f 903/903 904/904 905/905
f 906/906 907/907 908/908
f 909/909 910/910 911/911
f 912/912 913/913 914/914
f 915/915 916/916 917/917
f 918/918 919/919 920/920
f 921/921 922/922 923/923
f 924/924 925/925 926/926
f 927/927 928/928 929/929
f 930/930 931/931 932/932
f 931/931 930/930 933/933
f 934/934 935/935 936/936
f 937/937 938/938 939/939
f 940/940 941/941 942/942
f 943/943 944/944 945/945
f 946/946 947/947 948/948
f 949/949 950/950 951/951
f 952/952 953/953 954/954
f 955/955 956/956 957/957
f 958/958 959/959 960/960
f 961/961 962/962 963/963
f 964/964 965/965 966/966
f 967/967 968/968 969/969
f 970/970 971/971 972/972
f 973/973 974/974 975/975
f 976/976 977/977 978/978
f 979/979 980/980 981/981
f 982/982 983/983 984/984
f 985/985 986/986 987/987
f 988/988 989/989 990/990
f 991/991 992/992 993/993
f 994/994 995/995 996/996
f 997/997 998/998 999/999
f 1000/1000 1001/1001 1002/1002
f 1003/1003 1004/1004 1005/1005
f 1006/1006 1007/1007 1008/1008
f 1009/1009 1010/1010 1011/1011
f 1012/1012 1013/1013 1014/1014
f 1015/1015 1016/1016 1017/1017
f 1018/1018 1019/1019 1020/1020
f 1021/1021 1022/1022 1023/1023
f 1024/1024 1025/1025 1026/1026
f 1027/1027 1028/1028 1029/1029
f 1030/1030 1031/1031 1032/1032
f 1033/1033 1034/1034 1035/1035
f 1036/1036 1037/1037 1038/1038
f 1039/1039 1040/1040 1041/1041
f 1042/1042 1043/1043 1044/1044
f 1045/1045 1046/1046 1047/1047
f 1048/1048 1049/1049 1050/1050
f 1051/1051 1052/1052 1053/1053
f 1054/1054 1055/1055 1056/1056
f 1057/1057 1058/1058 1059/1059
f 1060/1060 1061/1061 1062/1062
f 1063/1063 1064/1064 1065/1065
f 1066/1066 1067/1067 1068/1068
f 1069/1069 1070/1070 1071/1071
f 1072/1072 1073/1073 1074/1074
f 1075/1075 1076/1076 1077/1077
f 1078/1078 1079/1079 1080/1080
f 1081/1081 1082/1082 1083/1083
f 1084/1084 1085/1085 1086/1086
f 1087/1087 1088/1088 1089/1089
f 1090/1090 1091/1091 1092/1092
f 1093/1093 1094/1094 1095/1095
f 1096/1096 1097/1097 1098/1098
f 1099/1099 1100/1100 1101/1101
f 1102/1102 1103/1103 1104/1104
f 1105/1105 1106/1106 1107/1107
f 1108/1108 1109/1109 1110/1110
f 1111/1111 1112/1112 1113/1113
f 1114/1114 1115/1115 1116/1116
f 1117/1117 1118/1118 1119/1119
f 1120/1120 1121/1121 1122/1122
f 1123/1123 1124/1124 1125/1125
f 1126/1126 1127/1127 1128/1128
f 1129/1129 1130/1130 1131/1131
f 1132/1132 1133/1133 1134/1134
f 1135/1135 1136/1136 1137/1137
f 1138/1138 1139/1139 1140/1140
f 1141/1141 1142/1142 1143/1143
f 1144/1144 1145/1145 1146/1146
f 1147/1147 1148/1148 1149/1149
f 1150/1150 1151/1151 1152/1152
f 1153/1153 1154/1154 1155/1155
f 1156/1156 1157/1157 1158/1158
f 1159/1159 1160/1160 1161/1161
f 1162/1162 1163/1163 1164/1164
f 1165/1165 1166/1166 1167/1167
f 1168/1168 1169/1169 1170/1170
f 1171/1171 1172/1172 1173/1173
f 1174/1174 1175/1175 1176/1176
f 1177/1177 1178/1178 1179/1179
f 1180/1180 1181/1181 1182/1182
f 1183/1183 1184/1184 1185/1185
f 1186/1186 1187/1187 1188/1188
f 1189/1189 1190/1190 1191/1191
f 1192/1192 1193/1193 1194/1194
f 1195/1195 1196/1196 1197/1197
f 1198/1198 1199/1199 1200/1200
f 1201/1201 1202/1202 1203/1203
f 1204/1204 1205/1205 1206/1206
f 1207/1207 1208/1208 1209/1209
f 1210/1210 1211/1211 1212/1212
f 1213/1213 1214/1214 1215/1215
f 1216/1216 1217/1217 1218/1218
f 1219/1219 1220/1220 1221/1221
f 1222/1222 1223/1223 1224/1224
f 1225/1225 1226/1226 1227/1227
f 1228/1228 1229/1229 1230/1230
f 1231/1231 1232/1232 1233/1233
f 1234/1234 1235/1235 1236/1236
f 1237/1237 1238/1238 1239/1239
f 1240/1240 1241/1241 1242/1242
f 1243/1243 1244/1244 1245/1245
f 1246/1246 1247/1247 1248/1248
f 1249/1249 1250/1250 1251/1251
f 1252/1252 1253/1253 1254/1254
f 1255/1255 1256/1256 1257/1257
f 1258/1258 1259/1259 1260/1260
f 1261/1261 1262/1262 1263/1263
f 1264/1264 1265/1265 1266/1266
f 1267/1267 1268/1268 1269/1269
f 1270/1270 1271/1271 1272/1272
f 1273/1273 1274/1274 1275/1275
f 1276/1276 1277/1277 1278/1278
f 1279/1279 1280/1280 1281/1281
f 1282/1282 1283/1283 1284/1284
f 1285/1285 1286/1286 1287/1287
f 1288/1288 1289/1289 1290/1290
f 1291/1291 1292/1292 1293/1293
f 1294/1294 1295/1295 1296/1296
f 1297/1297 1298/1298 1299/1299
f 1300/1300 1301/1301 1302/1302
f 1303/1303 1304/1304 1305/1305
f 1306/1306 1307/1307 1308/1308
f 1309/1309 1310/1310 1311/1311
f 1312/1312 1313/1313 1314/1314
f 1315/1315 1316/1316 1317/1317
f 1318/1318 1319/1319 1320/1320
f 1321/1321 1322/1322 1323/1323
f 1324/1324 1325/1325 1326/1326
f 1327/1327 1328/1328 1329/1329
f 1330/1330 1331/1331 1332/1332
f 1333/1333 1334/1334 1335/1335
f 1336/1336 1337/1337 1338/1338
f 1339/1339 1340/1340 1341/1341
f 1342/1342 1343/1343 1344/1344
f 1345/1345 1346/1346 1347/1347
f 1348/1348 1349/1349 1350/1350
f 1351/1351 1352/1352 1353/1353
f 1354/1354 1355/1355 1356/1356
f 1357/1357 1358/1358 1359/1359
f 1360/1360 1361/1361 1362/1362
f 1363/1363 1364/1364 1365/1365
f 1366/1366 1367/1367 1368/1368
f 1369/1369 1370/1370 1371/1371
f 1372/1372 1373/1373 1374/1374
f 1375/1375 1376/1376 1377/1377
f 1378/1378 1379/1379 1380/1380
f 1381/1381 1382/1382 1383/1383
f 1384/1384 1385/1385 1386/1386
f 1387/1387 1388/1388 1389/1389
f 1390/1390 1391/1391 1392/1392
f 1393/1393 1394/1394 1395/1395
f 1396/1396 1397/1397 1398/1398
f 1399/1399 1400/1400 1401/1401
f 1402/1402 1403/1403 1404/1404
f 1405/1405 1406/1406 1407/1407
f 1408/1408 1409/1409 1410/1410
f 1411/1411 1412/1412 1413/1413
f 1414/1414 1415/1415 1416/1416
f 1417/1417 1418/1418 1419/1419
f 1420/1420 1421/1421 1422/1422
f 1423/1423 1424/1424 1425/1425
f 1426/1426 1427/1427 1428/1428
f 1429/1429 1430/1430 1431/1431
f 1432/1432 1433/1433 1434/1434
f 1435/1435 1436/1436 1437/1437
f 1438/1438 1439/1439 1440/1440
f 1441/1441 1442/1442 1443/1443
f 1444/1444 1445/1445 1446/1446
f 1447/1447 1448/1448 1449/1449
f 1450/1450 1451/1451 1452/1452
f 1453/1453 1454/1454 1455/1455
f 1456/1456 1457/1457 1458/1458
f 1459/1459 1460/1460 1461/1461
f 1462/1462 1463/1463 1464/1464
f 1465/1465 1466/1466 1467/1467
f 1468/1468 1469/1469 1470/1470
f 1471/1471 1472/1472 1473/1473
f 1474/1474 1475/1475 1476/1476
f 1477/1477 1478/1478 1479/1479
f 1480/1480 1481/1481 1482/1482
f 1483/1483 1484/1484 1485/1485
f 1486/1486 1487/1487 1488/1488
f 1489/1489 1490/1490 1491/1491
f 1492/1492 1493/1493 1494/1494
f 1495/1495 1496/1496 1497/1497
f 1498/1498 1499/1499 1500/1500
f 1501/1501 1502/1502 1503/1503
f 1504/1504 1505/1505 1506/1506
f 1507/1507 1508/1508 1509/1509
f 1510/1510 1511/1511 1512/1512
f 1513/1513 1514/1514 1515/1515
f 1516/1516 1517/1517 1518/1518
f 1519/1519 1520/1520 1521/1521
f 1522/1522 1523/1523 1524/1524
f 1525/1525 1526/1526 1527/1527
f 1528/1528 1529/1529 1530/1530
f 1531/1531 1532/1532 1533/1533
f 1534/1534 1535/1535 1536/1536
f 1537/1537 1538/1538 1539/1539
f 1540/1540 1541/1541 1542/1542
f 1543/1543 1544/1544 1545/1545
f 1546/1546 1547/1547 1548/1548
f 1549/1549 1550/1550 1551/1551
f 1552/1552 1553/1553 1554/1554
f 1555/1555 1556/1556 1557/1557
f 1558/1558 1559/1559 1560/1560
f 1561/1561 1562/1562 1563/1563
f 1564/1564 1565/1565 1566/1566
f 1567/1567 1568/1568 1569/1569
f 1570/1570 1571/1571 1572/1572
f 1573/1573 1574/1574 1575/1575
f 1576/1576 1577/1577 1578/1578
f 1579/1579 1580/1580 1581/1581
f 1582/1582 1583/1583 1584/1584
f 1585/1585 1586/1586 1587/1587
f 1588/1588 1589/1589 1590/1590
f 1591/1591 1592/1592 1593/1593
f 1594/1594 1595/1595 1596/1596
f 1597/1597 1598/1598 1599/1599
f 1600/1600 1601/1601 1602/1602
f 1603/1603 1604/1604 1605/1605
f 1606/1606 1607/1607 1608/1608
f 1609/1609 1610/1610 1611/1611
f 1612/1612 1613/1613 1614/1614
f 1615/1615 1616/1616 1617/1617
f 1618/1618 1619/1619 1620/1620
f 1621/1621 1622/1622 1623/1623
f 1624/1624 1625/1625 1626/1626
f 1627/1627 1628/1628 1629/1629
f 1630/1630 1631/1631 1632/1632
f 1633/1633 1634/1634 1635/1635
f 1636/1636 1637/1637 1638/1638
f 1639/1639 1640/1640 1641/1641
f 1642/1642 1643/1643 1644/1644
f 1645/1645 1646/1646 1647/1647
f 1648/1648 1649/1649 1650/1650
f 1651/1651 1652/1652 1653/1653
f 1654/1654 1655/1655 1656/1656
f 1657/1657 1658/1658 1659/1659
f 1660/1660 1661/1661 1662/1662
f 1663/1663 1664/1664 1665/1665
f 1666/1666 1667/1667 1668/1668
f 1669/1669 1670/1670 1671/1671
f 1672/1672 1673/1673 1674/1674
f 1675/1675 1676/1676 1677/1677
f 1678/1678 1679/1679 1680/1680
f 1681/1681 1682/1682 1683/1683
f 1684/1684 1685/1685 1686/1686
f 1687/1687 1688/1688 1689/1689
f 1690/1690 1691/1691 1692/1692
f 1693/1693 1694/1694 1695/1695
f 1696/1696 1697/1697 1698/1698
f 1699/1699 1700/1700 1701/1701
f 1702/1702 1703/1703 1704/1704
f 1705/1705 1706/1706 1707/1707
f 1708/1708 1709/1709 1710/1710
f 1711/1711 1712/1712 1713/1713
f 1714/1714 1715/1715 1716/1716
f 1717/1717 1718/1718 1719/1719
f 1720/1720 1721/1721 1722/1722
f 1723/1723 1724/1724 1725/1725
f 1726/1726 1727/1727 1728/1728
f 1729/1729 1730/1730 1731/1731
f 1732/1732 1733/1733 1734/1734
f 1735/1735 1736/1736 1737/1737
f 1738/1738 1739/1739 1740/1740
f 1741/1741 1742/1742 1743/1743
f 1744/1744 1745/1745 1746/1746
f 1747/1747 1748/1748 1749/1749
f 1750/1750 1751/1751 1752/1752
f 1753/1753 1754/1754 1755/1755
f 1756/1756 1757/1757 1758/1758
f 1759/1759 1760/1760 1761/1761
f 1762/1762 1763/1763 1764/1764
f 1765/1765 1766/1766 1767/1767
f 1768/1768 1769/1769 1770/1770
f 1771/1771 1772/1772 1773/1773
f 1774/1774 1775/1775 1776/1776
f 1777/1777 1778/1778 1779/1779
f 1780/1780 1781/1781 1782/1782
f 1783/1783 1784/1784 1785/1785
f 1786/1786 1787/1787 1788/1788
f 1789/1789 1790/1790 1791/1791
f 1792/1792 1793/1793 1794/1794
f 1795/1795 1796/1796 1797/1797
f 1798/1798 1799/1799 1800/1800
f 1801/1801 1802/1802 1803/1803
f 1804/1804 1805/1805 1806/1806
f 1807/1807 1808/1808 1809/1809
f 1810/1810 1811/1811 1812/1812
f 1813/1813 1814/1814 1815/1815
f 1816/1816 1817/1817 1818/1818
f 1819/1819 1820/1820 1821/1821
f 1822/1822 1823/1823 1824/1824
f 1825/1825 1826/1826 1827/1827
f 1828/1828 1829/1829 1830/1830
f 1831/1831 1832/1832 1833/1833
f 1834/1834 1835/1835 1836/1836
f 1837/1837 1838/1838 1839/1839
f 1840/1840 1841/1841 1842/1842
f 1843/1843 1844/1844 1845/1845
f 1846/1846 1847/1847 1848/1848
f 1849/1849 1850/1850 1851/1851
f 1852/1852 1853/1853 1854/1854
f 1855/1855 1856/1856 1857/1857
f 1858/1858 1859/1859 1860/1860
f 1861/1861 1862/1862 1863/1863
f 1864/1864 1865/1865 1866/1866
f 1867/1867 1868/1868 1869/1869
f 1870/1870 1871/1871 1872/1872
f 1873/1873 1874/1874 1875/1875
f 1876/1876 1877/1877 1878/1878
f 1879/1879 1880/1880 1881/1881
f 1882/1882 1883/1883 1884/1884
f 1885/1885 1886/1886 1887/1887
f 1888/1888 1889/1889 1890/1890
f 1891/1891 1892/1892 1893/1893
f 1894/1894 1895/1895 1896/1896
f 1897/1897 1898/1898 1899/1899
f 1900/1900 1901/1901 1902/1902
f 1903/1903 1904/1904 1905/1905
f 1906/1906 1907/1907 1908/1908
f 1909/1909 1910/1910 1911/1911
f 1912/1912 1913/1913 1914/1914
f 1915/1915 1916/1916 1917/1917
f 1918/1918 1919/1919 1920/1920
f 1921/1921 1922/1922 1923/1923
f 1924/1924 1925/1925 1926/1926
f 1927/1927 1928/1928 1929/1929
f 1930/1930 1931/1931 1932/1932
f 1933/1933 1934/1934 1935/1935
f 1936/1936 1937/1937 1938/1938
f 1939/1939 1940/1940 1941/1941
f 1942/1942 1943/1943 1944/1944
f 1945/1945 1946/1946 1947/1947
f 1948/1948 1949/1949 1950/1950
f 1951/1951 1952/1952 1953/1953
f 1954/1954 1955/1955 1956/1956
f 1957/1957 1958/1958 1959/1959
f 1960/1960 1961/1961 1962/1962
f 1963/1963 1964/1964 1965/1965
f 1966/1966 1967/1967 1968/1968
f 1969/1969 1970/1970 1971/1971
f 1972/1972 1973/1973 1974/1974
f 1975/1975 1976/1976 1977/1977
f 1978/1978 1979/1979 1980/1980
f 1981/1981 1982/1982 1983/1983
f 1984/1984 1985/1985 1986/1986
f 1987/1987 1988/1988 1989/1989
f 1990/1990 1991/1991 1992/1992
f 1993/1993 1994/1994 1995/1995
f 1996/1996 1997/1997 1998/1998
f 1999/1999 2000/2000 2001/2001
f 2002/2002 2003/2003 2004/2004
f 2005/2005 2006/2006 2007/2007
f 2008/2008 2009/2009 2010/2010
f 2011/2011 2012/2012 2013/2013
f 2014/2014 2015/2015 2016/2016
f 2017/2017 2018/2018 2019/2019
f 2020/2020 2021/2021 2022/2022
f 2023/2023 2024/2024 2025/2025
f 2026/2026 2027/2027 2028/2028
f 2029/2029 2030/2030 2031/2031
f 2032/2032 2033/2033 2034/2034
f 2035/2035 2036/2036 2037/2037
f 2038/2038 2039/2039 2040/2040
f 2041/2041 2042/2042 2043/2043
f 2044/2044 2045/2045 2046/2046
f 2047/2047 2048/2048 2049/2049
f 2050/2050 2051/2051 2052/2052
f 2053/2053 2054/2054 2055/2055
f 2056/2056 2057/2057 2058/2058
f 2059/2059 2060/2060 2061/2061
f 2062/2062 2063/2063 2064/2064
f 2065/2065 2066/2066 2067/2067
f 2068/2068 2069/2069 2070/2070
f 2071/2071 2072/2072 2073/2073
f 2074/2074 2075/2075 2076/2076
f 2077/2077 2078/2078 2079/2079
f 2080/2080 2081/2081 2082/2082
f 2083/2083 2084/2084 2085/2085
f 2086/2086 2087/2087 2088/2088
f 2089/2089 2090/2090 2091/2091
f 2092/2092 2093/2093 2094/2094
f 2095/2095 2096/2096 2097/2097
f 2098/2098 2099/2099 2100/2100
f 2101/2101 2102/2102 2103/2103
f 2104/2104 2105/2105 2106/2106
f 2107/2107 2108/2108 2109/2109
f 2110/2110 2111/2111 2112/2112
f 2113/2113 2114/2114 2115/2115
f 2116/2116 2117/2117 2118/2118
f 2119/2119 2120/2120 2121/2121
f 2122/2122 2123/2123 2124/2124
f 2125/2125 2126/2126 2127/2127
f 2128/2128 2129/2129 2130/2130
f 2131/2131 2132/2132 2133/2133
f 2134/2134 2135/2135 2136/2136
f 2137/2137 2138/2138 2139/2139
f 2140/2140 2141/2141 2142/2142
f 2143/2143 2144/2144 2145/2145
f 2146/2146 2147/2147 2148/2148
f 2149/2149 2150/2150 2151/2151
f 2152/2152 2153/2153 2154/2154
f 2155/2155 2156/2156 2157/2157
f 2158/2158 2159/2159 2160/2160
f 2161/2161 2162/2162 2163/2163
f 2164/2164 2165/2165 2166/2166
f 2167/2167 2168/2168 2169/2169
f 2170/2170 2171/2171 2172/2172
f 2173/2173 2174/2174 2175/2175
f 2176/2176 2177/2177 2178/2178
f 2179/2179 2180/2180 2181/2181
f 2182/2182 2183/2183 2184/2184
f 2185/2185 2186/2186 2187/2187
f 2188/2188 2189/2189 2190/2190
f 2191/2191 2192/2192 2193/2193
f 2194/2194 2195/2195 2196/2196
f 2197/2197 2198/2198 2199/2199
f 2200/2200 2201/2201 2202/2202
f 2203/2203 2204/2204 2205/2205
f 2206/2206 2207/2207 2208/2208
f 2209/2209 2210/2210 2211/2211
f 2212/2212 2213/2213 2214/2214
f 2215/2215 2216/2216 2217/2217
f 2218/2218 2219/2219 2220/2220
f 2221/2221 2222/2222 2223/2223
f 2224/2224 2225/2225 2226/2226
f 2227/2227 2228/2228 2229/2229
f 2230/2230 2231/2231 2232/2232
f 2233/2233 2234/2234 2235/2235
f 2236/2236 2237/2237 2238/2238
f 2239/2239 2240/2240 2241/2241
f 2242/2242 2243/2243 2244/2244
f 2245/2245 2246/2246 2247/2247
f 2248/2248 2249/2249 2250/2250
f 2251/2251 2252/2252 2253/2253
f 2254/2254 2255/2255 2256/2256
f 2257/2257 2258/2258 2259/2259
f 2260/2260 2261/2261 2262/2262
f 2263/2263 2264/2264 2265/2265
f 2266/2266 2267/2267 2268/2268
f 2269/2269 2270/2270 2271/2271
f 2272/2272 2273/2273 2274/2274
f 2275/2275 2276/2276 2277/2277
f 2278/2278 2279/2279 2280/2280
f 2281/2281 2282/2282 2283/2283
f 2284/2284 2285/2285 2286/2286
f 2287/2287 2288/2288 2289/2289
f 2290/2290 2291/2291 2292/2292
f 2293/2293 2294/2294 2295/2295
f 2296/2296 2297/2297 2298/2298
f 2299/2299 2300/2300 2301/2301
f 2302/2302 2303/2303 2304/2304
f 2305/2305 2306/2306 2307/2307
f 2308/2308 2309/2309 2310/2310
f 2311/2311 2312/2312 2313/2313
f 2314/2314 2315/2315 2316/2316
f 2317/2317 2318/2318 2319/2319
f 2320/2320 2321/2321 2322/2322
f 2323/2323 2324/2324 2325/2325
f 2326/2326 2327/2327 2328/2328
f 2329/2329 2330/2330 2331/2331
f 2332/2332 2333/2333 2334/2334
f 2335/2335 2336/2336 2337/2337
f 2338/2338 2339/2339 2340/2340
f 2341/2341 2342/2342 2343/2343
f 2344/2344 2345/2345 2346/2346
f 2347/2347 2348/2348 2349/2349
f 2350/2350 2351/2351 2352/2352
f 2353/2353 2354/2354 2355/2355
f 2356/2356 2357/2357 2358/2358
f 2359/2359 2360/2360 2361/2361
f 2362/2362 2363/2363 2364/2364
f 2365/2365 2366/2366 2367/2367
f 2368/2368 2369/2369 2370/2370
f 2371/2371 2372/2372 2373/2373
f 2374/2374 2375/2375 2376/2376
f 2377/2377 2378/2378 2379/2379
f 2380/2380 2381/2381 2382/2382
f 2383/2383 2384/2384 2385/2385
f 2386/2386 2387/2387 2388/2388
f 2389/2389 2390/2390 2391/2391
f 2392/2392 2393/2393 2394/2394
f 2395/2395 2396/2396 2397/2397
f 2398/2398 2399/2399 2400/2400
f 2401/2401 2402/2402 2403/2403
f 2404/2404 2405/2405 2406/2406
f 2407/2407 2408/2408 2409/2409
f 2410/2410 2411/2411 2412/2412
f 2413/2413 2414/2414 2415/2415
f 2416/2416 2417/2417 2418/2418
f 2419/2419 2420/2420 2421/2421
f 2422/2422 2423/2423 2424/2424
f 2425/2425 2426/2426 2427/2427
f 2428/2428 2429/2429 2430/2430
f 2431/2431 2432/2432 2433/2433
f 2434/2434 2435/2435 2436/2436
f 2437/2437 2438/2438 2439/2439
f 2440/2440 2441/2441 2442/2442
f 2443/2443 2444/2444 2445/2445
f 2446/2446 2447/2447 2448/2448
f 2449/2449 2450/2450 2451/2451
f 2452/2452 2453/2453 2454/2454
f 2455/2455 2456/2456 2457/2457
f 2458/2458 2459/2459 2460/2460
f 2461/2461 2462/2462 2463/2463
f 2464/2464 2465/2465 2466/2466
f 2467/2467 2468/2468 2469/2469
f 2470/2470 2471/2471 2472/2472
f 2473/2473 2474/2474 2475/2475
f 2476/2476 2477/2477 2478/2478
f 2479/2479 2480/2480 2481/2481
f 2482/2482 2483/2483 2484/2484
f 2485/2485 2486/2486 2487/2487
f 2488/2488 2489/2489 2490/2490
f 2491/2491 2492/2492 2493/2493
f 2494/2494 2495/2495 2496/2496
f 2497/2497 2498/2498 2499/2499
f 2500/2500 2501/2501 2502/2502
f 2503/2503 2504/2504 2505/2505
f 2506/2506 2507/2507 2508/2508
f 2509/2509 2510/2510 2511/2511
f 2512/2512 2513/2513 2514/2514
f 2515/2515 2516/2516 2517/2517
f 2518/2518 2519/2519 2520/2520
f 2521/2521 2522/2522 2523/2523
f 2524/2524 2525/2525 2526/2526
f 2527/2527 2528/2528 2529/2529
f 2530/2530 2531/2531 2532/2532
f 2533/2533 2534/2534 2535/2535
f 2536/2536 2537/2537 2538/2538
f 2539/2539 2540/2540 2541/2541
f 2542/2542 2543/2543 2544/2544
f 2545/2545 2546/2546 2547/2547
f 2548/2548 2549/2549 2550/2550
f 2551/2551 2552/2552 2553/2553
f 2554/2554 2555/2555 2556/2556
f 2557/2557 2558/2558 2559/2559
f 2560/2560 2561/2561 2562/2562
f 2563/2563 2564/2564 2565/2565
f 2566/2566 2567/2567 2568/2568
f 2569/2569 2570/2570 2571/2571
f 2572/2572 2573/2573 2574/2574
f 2575/2575 2576/2576 2577/2577
f 2578/2578 2579/2579 2580/2580
f 2581/2581 2582/2582 2583/2583
f 2584/2584 2585/2585 2586/2586
f 2587/2587 2588/2588 2589/2589
f 2590/2590 2591/2591 2592/2592
f 2593/2593 2594/2594 2595/2595
f 2596/2596 2597/2597 2598/2598
f 2599/2599 2600/2600 2601/2601
f 2602/2602 2603/2603 2604/2604
f 2605/2605 2606/2606 2607/2607
f 2608/2608 2609/2609 2610/2610
f 2611/2611 2612/2612 2613/2613
f 2614/2614 2615/2615 2616/2616
f 2617/2617 2618/2618 2619/2619
f 2620/2620 2621/2621 2622/2622
f 2623/2623 2624/2624 2625/2625
f 2626/2626 2627/2627 2628/2628
f 2629/2629 2630/2630 2631/2631
f 2632/2632 2633/2633 2634/2634
f 2635/2635 2636/2636 2637/2637
f 2638/2638 2639/2639 2640/2640
f 2641/2641 2642/2642 2643/2643
f 2644/2644 2645/2645 2646/2646
f 2647/2647 2648/2648 2649/2649
f 2650/2650 2651/2651 2652/2652
f 2653/2653 2654/2654 2655/2655
f 2656/2656 2657/2657 2658/2658
f 2659/2659 2660/2660 2661/2661
f 2662/2662 2663/2663 2664/2664
f 2665/2665 2666/2666 2667/2667
f 2668/2668 2669/2669 2670/2670
f 2671/2671 2672/2672 2673/2673
f 2674/2674 2675/2675 2676/2676
f 2677/2677 2678/2678 2679/2679
f 2680/2680 2681/2681 2682/2682
f 2683/2683 2684/2684 2685/2685
f 2686/2686 2687/2687 2688/2688
f 2689/2689 2690/2690 2691/2691
f 2692/2692 2693/2693 2694/2694
f 2695/2695 2696/2696 2697/2697
f 2698/2698 2699/2699 2700/2700
f 2701/2701 2702/2702 2703/2703
f 2704/2704 2705/2705 2706/2706
f 2707/2707 2708/2708 2709/2709
f 2710/2710 2711/2711 2712/2712
f 2713/2713 2714/2714 2715/2715
f 2716/2716 2717/2717 2718/2718
f 2719/2719 2720/2720 2721/2721
f 2722/2722 2723/2723 2724/2724
f 2725/2725 2726/2726 2727/2727
f 2728/2728 2729/2729 2730/2730
f 2731/2731 2732/2732 2733/2733
f 2734/2734 2735/2735 2736/2736
f 2737/2737 2738/2738 2739/2739
f 2740/2740 2741/2741 2742/2742
f 2743/2743 2744/2744 2745/2745
f 2746/2746 2747/2747 2748/2748
f 2749/2749 2750/2750 2751/2751
f 2752/2752 2753/2753 2754/2754
f 2755/2755 2756/2756 2757/2757
f 2758/2758 2759/2759 2760/2760
f 2761/2761 2762/2762 2763/2763
f 2764/2764 2765/2765 2766/2766
f 2767/2767 2768/2768 2769/2769
f 2770/2770 2771/2771 2772/2772
f 2773/2773 2774/2774 2775/2775
f 2776/2776 2777/2777 2778/2778
f 2779/2779 2780/2780 2781/2781
f 2782/2782 2783/2783 2784/2784
f 2785/2785 2786/2786 2787/2787
f 2788/2788 2789/2789 2790/2790
f 2791/2791 2792/2792 2793/2793
f 2794/2794 2795/2795 2796/2796
