o mesh
v -0.025693 0.001757 0.010500
v -0.025610 0.001663 0.010574
v -0.025531 0.001566 0.010644
v -0.025466 0.001477 0.010701
v -0.025405 0.001387 0.010755
v -0.025349 0.001294 0.010804
v -0.025297 0.001200 0.010851
v -0.025249 0.001104 0.010893
v -0.025205 0.001006 0.010931
v -0.025165 0.000907 0.010966
v -0.025130 0.000807 0.010997
v -0.025099 0.000707 0.011024
v -0.025072 0.000605 0.011048
v -0.025050 0.000503 0.011067
v -0.025031 0.000400 0.011083
v -0.025017 0.000297 0.011096
v -0.025007 0.000193 0.011104
v -0.025002 0.000089 0.011109
v -0.025000 -0.000014 0.011111
v -0.025003 -0.000118 0.011108
v -0.025010 -0.000222 0.011102
v -0.025021 -0.000325 0.011093
v -0.025036 -0.000428 0.011079
v -0.025055 -0.000530 0.011062
v -0.025079 -0.000632 0.011042
v -0.025107 -0.000733 0.011017
v -0.025137 -0.000828 0.010991
v -0.025201 -0.000998 0.010934
v -0.025264 -0.001136 0.010879
v -0.025323 -0.001248 0.010828
v -0.025375 -0.001339 0.010781
v -0.025472 -0.001485 0.010696
v -0.025578 -0.001625 0.010602
v -0.025634 -0.001692 0.010552
v -0.025693 -0.001757 0.010500
v -0.025782 -0.001848 0.010420
v -0.025877 -0.001936 0.010335
v -0.025961 -0.002006 0.010259
v -0.026048 -0.002073 0.010180
v -0.026170 -0.002158 0.010067
v -0.026300 -0.002237 0.009947
v -0.026435 -0.002308 0.009820
v -0.026574 -0.002372 0.009687
v -0.026716 -0.002427 0.009549
v -0.026864 -0.002474 0.009402
v -0.027018 -0.002513 0.009244
v -0.027174 -0.002543 0.009079
v -0.027331 -0.002563 0.008905
v -0.027475 -0.002572 0.008737
v -0.027621 -0.002574 0.008558
v -0.027756 -0.002568 0.008383
v -0.027890 -0.002554 0.008196
v -0.028024 -0.002534 0.007997
v -0.028155 -0.002508 0.007781
v -0.028272 -0.002478 0.007569
v -0.028375 -0.002446 0.007360
v -0.028466 -0.002415 0.007151
v -0.028546 -0.002384 0.006940
v -0.028609 -0.002357 0.006744
v -0.028659 -0.002334 0.006558
v -0.028702 -0.002314 0.006368
v -0.028735 -0.002297 0.006178
v -0.028759 -0.002285 0.005986
v -0.028775 -0.002277 0.005795
v -0.028781 -0.002273 0.005608
v -0.028780 -0.002274 0.005409
v -0.028769 -0.002280 0.005198
v -0.028749 -0.002290 0.004981
v -0.028715 -0.002307 0.004735
v -0.028658 -0.002334 0.004428
v -0.028563 -0.002376 0.004020
v -0.028447 -0.002422 0.003596
v -0.028251 -0.002483 0.002939
v -0.028121 -0.002515 0.002473
v -0.028050 -0.002530 0.002176
v -0.028006 -0.002537 0.001941
v -0.027978 -0.002542 0.001738
v -0.027963 -0.002544 0.001538
v -0.027960 -0.002545 0.001409
v -0.027962 -0.002545 0.001290
v -0.027982 -0.002542 0.001082
v -0.028016 -0.002536 0.000896
v -0.028067 -0.002526 0.000720
v -0.028134 -0.002512 0.000550
v -0.028194 -0.002498 0.000428
v -0.028296 -0.002471 0.000259
v -0.028398 -0.002439 0.000120
v -0.028499 -0.002402 0.000000
v -0.028414 -0.003260 0.000000
v -0.028302 -0.004115 0.000000
v -0.028165 -0.004966 0.000000
v -0.027965 -0.005994 0.000000
v -0.027793 -0.006745 0.000000
v -0.027602 -0.007490 0.000000
v -0.027532 -0.007432 0.000100
v -0.027467 -0.007380 0.000204
v -0.027417 -0.007343 0.000291
v -0.027370 -0.007310 0.000381
v -0.027327 -0.007282 0.000474
v -0.027289 -0.007257 0.000570
v -0.027254 -0.007235 0.000668
v -0.027224 -0.007217 0.000770
v -0.027199 -0.007202 0.000874
v -0.027178 -0.007190 0.000983
v -0.027162 -0.007181 0.001095
v -0.027151 -0.007175 0.001211
v -0.027145 -0.007172 0.001328
v -0.027144 -0.007171 0.001447
v -0.027148 -0.007174 0.001567
v -0.027163 -0.007182 0.001763
v -0.027187 -0.007195 0.001953
v -0.027223 -0.007216 0.002168
v -0.027284 -0.007254 0.002468
v -0.027429 -0.007352 0.003068
v -0.027602 -0.007490 0.003780
v -0.027692 -0.007573 0.004218
v -0.027746 -0.007625 0.004539
v -0.027781 -0.007662 0.004813
v -0.027804 -0.007687 0.005054
v -0.027818 -0.007701 0.005272
v -0.027823 -0.007707 0.005460
v -0.027823 -0.007707 0.005645
v -0.027816 -0.007700 0.005834
v -0.027803 -0.007686 0.006027
v -0.027783 -0.007664 0.006216
v -0.027756 -0.007636 0.006406
v -0.027721 -0.007601 0.006599
v -0.027681 -0.007562 0.006781
v -0.027626 -0.007512 0.006985
v -0.027565 -0.007458 0.007181
v -0.027486 -0.007395 0.007397
v -0.027404 -0.007334 0.007592
v -0.027299 -0.007263 0.007813
v -0.027187 -0.007195 0.008021
v -0.027083 -0.007139 0.008195
v -0.026976 -0.007088 0.008360
v -0.026845 -0.007032 0.008546
v -0.026700 -0.006981 0.008735
v -0.026567 -0.006942 0.008896
v -0.026432 -0.006910 0.009049
v -0.026295 -0.006886 0.009195
v -0.026146 -0.006868 0.009347
v -0.026000 -0.006858 0.009488
v -0.025858 -0.006857 0.009619
v -0.025718 -0.006864 0.009744
v -0.025596 -0.006876 0.009849
v -0.025456 -0.006897 0.009966
v -0.025314 -0.006927 0.010080
v -0.025175 -0.006964 0.010188
v -0.025032 -0.007012 0.010296
v -0.024886 -0.007070 0.010401
v -0.024744 -0.007137 0.010500
v -0.024634 -0.007196 0.010574
v -0.024527 -0.007261 0.010644
v -0.024436 -0.007322 0.010701
v -0.024348 -0.007386 0.010755
v -0.024263 -0.007454 0.010804
v -0.024181 -0.007525 0.010851
v -0.024103 -0.007598 0.010893
v -0.024029 -0.007675 0.010931
v -0.023958 -0.007754 0.010966
v -0.023891 -0.007836 0.010997
v -0.023827 -0.007920 0.011024
v -0.023767 -0.008007 0.011048
v -0.023711 -0.008095 0.011067
v -0.023658 -0.008186 0.011083
v -0.023610 -0.008278 0.011096
v -0.023565 -0.008372 0.011104
v -0.023524 -0.008467 0.011109
v -0.023487 -0.008564 0.011111
v -0.023454 -0.008662 0.011108
v -0.023425 -0.008762 0.011102
v -0.023401 -0.008863 0.011093
v -0.023380 -0.008965 0.011079
v -0.023363 -0.009068 0.011062
v -0.023350 -0.009171 0.011042
v -0.023342 -0.009276 0.011017
v -0.023338 -0.009375 0.010991
v -0.023340 -0.009557 0.010934
v -0.023352 -0.009708 0.010879
v -0.023369 -0.009833 0.010828
v -0.023387 -0.009937 0.010781
v -0.023428 -0.010107 0.010696
v -0.023479 -0.010275 0.010602
v -0.023509 -0.010357 0.010552
v -0.023542 -0.010438 0.010500
v -0.023595 -0.010555 0.010420
v -0.023655 -0.010669 0.010335
v -0.023709 -0.010764 0.010259
v -0.023768 -0.010857 0.010180
v -0.023854 -0.010978 0.010067
v -0.023949 -0.011097 0.009947
v -0.024051 -0.011210 0.009820
v -0.024160 -0.011318 0.009687
v -0.024275 -0.011418 0.009549
v -0.024397 -0.011513 0.009402
v -0.024529 -0.011602 0.009244
v -0.024665 -0.011683 0.009079
v -0.024806 -0.011756 0.008905
v -0.024939 -0.011814 0.008737
v -0.025075 -0.011865 0.008558
v -0.025204 -0.011906 0.008383
v -0.025335 -0.011940 0.008196
v -0.025467 -0.011966 0.007997
v -0.025599 -0.011986 0.007781
v -0.025719 -0.011998 0.007569
v -0.025827 -0.012003 0.007360
v -0.025923 -0.012005 0.007151
v -0.026009 -0.012003 0.006939
v -0.026077 -0.011999 0.006744
v -0.026133 -0.011995 0.006558
v -0.026180 -0.011991 0.006368
v -0.026216 -0.011987 0.006178
v -0.026244 -0.011983 0.005986
v -0.026261 -0.011981 0.005795
v -0.026268 -0.011980 0.005607
v -0.026267 -0.011980 0.005409
v -0.026254 -0.011982 0.005198
v -0.026231 -0.011985 0.004980
v -0.026194 -0.011989 0.004734
v -0.026130 -0.011996 0.004421
v -0.026026 -0.012002 0.004014
v -0.025888 -0.012005 0.003547
v -0.025679 -0.011994 0.002878
v -0.025566 -0.011982 0.002479
v -0.025494 -0.011971 0.002179
v -0.025450 -0.011963 0.001945
v -0.025422 -0.011958 0.001743
v -0.025406 -0.011955 0.001542
v -0.025403 -0.011954 0.001413
v -0.025406 -0.011955 0.001294
v -0.025425 -0.011958 0.001085
v -0.025459 -0.011965 0.000899
v -0.025509 -0.011973 0.000723
v -0.025576 -0.011983 0.000553
v -0.025638 -0.011990 0.000430
v -0.025743 -0.011999 0.000260
v -0.025851 -0.012004 0.000120
v -0.025959 -0.012004 0.000000
v -0.025585 -0.012781 0.000000
v -0.025188 -0.013547 0.000000
v -0.024768 -0.014300 0.000000
v -0.024326 -0.015040 0.000000
v -0.023862 -0.015767 0.000000
v -0.023375 -0.016479 0.000000
v -0.023330 -0.016400 0.000100
v -0.023286 -0.016329 0.000204
v -0.023252 -0.016277 0.000291
v -0.023219 -0.016231 0.000381
v -0.023189 -0.016189 0.000474
v -0.023161 -0.016152 0.000570
v -0.023136 -0.016120 0.000668
v -0.023114 -0.016093 0.000770
v -0.023095 -0.016070 0.000874
v -0.023080 -0.016052 0.000983
v -0.023068 -0.016038 0.001095
v -0.023059 -0.016029 0.001211
v -0.023055 -0.016024 0.001328
v -0.023054 -0.016023 0.001447
v -0.023057 -0.016026 0.001567
v -0.023069 -0.016039 0.001763
v -0.023086 -0.016060 0.001953
v -0.023113 -0.016092 0.002168
v -0.023158 -0.016148 0.002468
v -0.023260 -0.016290 0.003068
v -0.023375 -0.016479 0.003780
v -0.023432 -0.016587 0.004218
v -0.023464 -0.016655 0.004539
v -0.023485 -0.016702 0.004813
v -0.023498 -0.016733 0.005054
v -0.023506 -0.016751 0.005272
v -0.023509 -0.016759 0.005460
v -0.023509 -0.016758 0.005645
v -0.023505 -0.016749 0.005834
v -0.023498 -0.016731 0.006027
v -0.023486 -0.016705 0.006216
v -0.023471 -0.016669 0.006406
v -0.023450 -0.016624 0.006599
v -0.023425 -0.016573 0.006781
v -0.023391 -0.016508 0.006985
v -0.023352 -0.016436 0.007181
v -0.023299 -0.016350 0.007397
v -0.023243 -0.016264 0.007592
v -0.023168 -0.016162 0.007812
v -0.023086 -0.016060 0.008021
v -0.023008 -0.015971 0.008195
v -0.022925 -0.015887 0.008360
v -0.022821 -0.015790 0.008546
v -0.022702 -0.015692 0.008735
v -0.022591 -0.015610 0.008896
v -0.022474 -0.015534 0.009049
v -0.022354 -0.015464 0.009195
v -0.022221 -0.015396 0.009346
v -0.022087 -0.015337 0.009487
v -0.021954 -0.015288 0.009619
v -0.021820 -0.015246 0.009744
v -0.021701 -0.015216 0.009849
v -0.021562 -0.015188 0.009966
v -0.021418 -0.015167 0.010080
v -0.021274 -0.015155 0.010188
v -0.021124 -0.015150 0.010296
v -0.020967 -0.015155 0.010401
v -0.020811 -0.015169 0.010500
v -0.020687 -0.015187 0.010574
v -0.020564 -0.015212 0.010644
v -0.020405 -0.015252 0.010728
v -0.020250 -0.015303 0.010805
v -0.020099 -0.015362 0.010872
v -0.019954 -0.015431 0.010932
v -0.019814 -0.015508 0.010982
v -0.019680 -0.015593 0.011024
v -0.019552 -0.015685 0.011058
v -0.019431 -0.015784 0.011084
v -0.019316 -0.015891 0.011101
v -0.019209 -0.016003 0.011109
v -0.019108 -0.016122 0.011110
v -0.019015 -0.016247 0.011102
v -0.018930 -0.016377 0.011086
v -0.018852 -0.016513 0.011062
v -0.018782 -0.016653 0.011030
v -0.018722 -0.016796 0.010990
v -0.018663 -0.016967 0.010933
v -0.018623 -0.017113 0.010878
v -0.018596 -0.017235 0.010827
v -0.018578 -0.017339 0.010780
v -0.018558 -0.017512 0.010696
v -0.018549 -0.017686 0.010602
v -0.018549 -0.017774 0.010552
v -0.018553 -0.017861 0.010500
v -0.018563 -0.017988 0.010420
v -0.018579 -0.018116 0.010335
v -0.018598 -0.018224 0.010259
v -0.018621 -0.018331 0.010180
v -0.018661 -0.018475 0.010067
v -0.018709 -0.018619 0.009947
v -0.018767 -0.018760 0.009820
v -0.018832 -0.018898 0.009687
v -0.018906 -0.019032 0.009549
v -0.018988 -0.019163 0.009402
v -0.019081 -0.019292 0.009244
v -0.019182 -0.019415 0.009079
v -0.019290 -0.019531 0.008905
v -0.019394 -0.019631 0.008737
v -0.019505 -0.019726 0.008558
v -0.019612 -0.019808 0.008383
v -0.019723 -0.019885 0.008196
v -0.019838 -0.019955 0.007997
v -0.019956 -0.020019 0.007781
v -0.020065 -0.020071 0.007569
v -0.020164 -0.020113 0.007360
v -0.020254 -0.020147 0.007151
v -0.020335 -0.020175 0.006939
v -0.020401 -0.020195 0.006744
v -0.020454 -0.020210 0.006558
v -0.020500 -0.020222 0.006368
v -0.020536 -0.020230 0.006178
v -0.020562 -0.020236 0.005986
v -0.020579 -0.020240 0.005795
v -0.020587 -0.020242 0.005608
v -0.020585 -0.020241 0.005409
v -0.020573 -0.020239 0.005198
v -0.020551 -0.020234 0.004981
v -0.020514 -0.020225 0.004735
v -0.020452 -0.020209 0.004423
v -0.020354 -0.020181 0.004022
v -0.020223 -0.020136 0.003555
v -0.020031 -0.020055 0.002889
v -0.019930 -0.020005 0.002493
v -0.019890 -0.019984 0.002314
v -0.019860 -0.019967 0.002165
v -0.019822 -0.019945 0.001930
v -0.019798 -0.019931 0.001727
v -0.019785 -0.019923 0.001528
v -0.019783 -0.019922 0.001400
v -0.019785 -0.019923 0.001282
v -0.019802 -0.019934 0.001075
v -0.019833 -0.019952 0.000889
v -0.019879 -0.019977 0.000713
v -0.019939 -0.020010 0.000544
v -0.019994 -0.020038 0.000424
v -0.020089 -0.020082 0.000257
v -0.020187 -0.020122 0.000119
v -0.020287 -0.020159 0.000000
v -0.019671 -0.020761 0.000000
v -0.019036 -0.021345 0.000000
v -0.018384 -0.021909 0.000000
v -0.017715 -0.022453 0.000000
v -0.017030 -0.022977 0.000000
v -0.016330 -0.023480 0.000000
v -0.016314 -0.023390 0.000100
v -0.016297 -0.023309 0.000204
v -0.016282 -0.023248 0.000291
v -0.016268 -0.023193 0.000381
v -0.016254 -0.023144 0.000474
v -0.016240 -0.023100 0.000570
v -0.016227 -0.023061 0.000668
v -0.016216 -0.023028 0.000770
v -0.016206 -0.023000 0.000874
v -0.016198 -0.022978 0.000983
v -0.016191 -0.022960 0.001095
v -0.016187 -0.022949 0.001211
v -0.016184 -0.022943 0.001328
v -0.016184 -0.022942 0.001447
v -0.016186 -0.022946 0.001567
v -0.016192 -0.022962 0.001763
v -0.016201 -0.022987 0.001953
v -0.016215 -0.023026 0.002168
v -0.016238 -0.023094 0.002468
v -0.016286 -0.023263 0.003068
v -0.016330 -0.023480 0.003780
v -0.016346 -0.023601 0.004218
v -0.016353 -0.023676 0.004539
v -0.016356 -0.023727 0.004813
v -0.016358 -0.023761 0.005054
v -0.016359 -0.023780 0.005272
v -0.016359 -0.023789 0.005460
v -0.016359 -0.023788 0.005645
v -0.016359 -0.023779 0.005834
v -0.016358 -0.023759 0.006027
v -0.016357 -0.023730 0.006216
v -0.016354 -0.023691 0.006406
v -0.016350 -0.023641 0.006599
v -0.016344 -0.023585 0.006781
v -0.016335 -0.023512 0.006985
v -0.016322 -0.023432 0.007181
v -0.016302 -0.023332 0.007397
v -0.016278 -0.023233 0.007592
v -0.016244 -0.023111 0.007812
v -0.016201 -0.022987 0.008021
v -0.016158 -0.022877 0.008195
v -0.016109 -0.022769 0.008360
v -0.016044 -0.022643 0.008546
v -0.015966 -0.022510 0.008735
v -0.015889 -0.022395 0.008896
v -0.015806 -0.022284 0.009049
v -0.015717 -0.022177 0.009195
v -0.015615 -0.022067 0.009346
v -0.015509 -0.021967 0.009487
v -0.015401 -0.021875 0.009619
v -0.015289 -0.021790 0.009744
v -0.015188 -0.021720 0.009849
v -0.015067 -0.021647 0.009966
v -0.014939 -0.021578 0.010080
v -0.014808 -0.021517 0.010188
v -0.014668 -0.021461 0.010296
v -0.014519 -0.021412 0.010401
v -0.014368 -0.021372 0.010500
v -0.014245 -0.021347 0.010574
v -0.014121 -0.021328 0.010644
v -0.014013 -0.021316 0.010701
v -0.013904 -0.021308 0.010755
v -0.013795 -0.021306 0.010804
v -0.013687 -0.021308 0.010851
v -0.013580 -0.021314 0.010893
v -0.013474 -0.021325 0.010931
v -0.013368 -0.021340 0.010966
v -0.013264 -0.021359 0.010997
v -0.013161 -0.021383 0.011024
v -0.013060 -0.021411 0.011048
v -0.012960 -0.021442 0.011067
v -0.012862 -0.021478 0.011083
v -0.012765 -0.021517 0.011096
v -0.012671 -0.021560 0.011104
v -0.012578 -0.021607 0.011109
v -0.012488 -0.021658 0.011111
v -0.012399 -0.021712 0.011108
v -0.012313 -0.021770 0.011102
v -0.012229 -0.021831 0.011093
v -0.012147 -0.021896 0.011079
v -0.012068 -0.021964 0.011062
v -0.011992 -0.022035 0.011042
v -0.011918 -0.022110 0.011017
v -0.011852 -0.022183 0.010991
v -0.011737 -0.022324 0.010934
v -0.011649 -0.022447 0.010879
v -0.011581 -0.022554 0.010828
v -0.011528 -0.022645 0.010781
v -0.011450 -0.022802 0.010696
v -0.011382 -0.022963 0.010602
v -0.011352 -0.023046 0.010552
v -0.011325 -0.023129 0.010500
v -0.011291 -0.023252 0.010420
v -0.011262 -0.023378 0.010335
v -0.011243 -0.023486 0.010259
v -0.011229 -0.023594 0.010180
v -0.011217 -0.023743 0.010067
v -0.011213 -0.023895 0.009947
v -0.011218 -0.024048 0.009820
v -0.011233 -0.024200 0.009687
v -0.011256 -0.024351 0.009549
v -0.011289 -0.024502 0.009402
v -0.011332 -0.024655 0.009244
v -0.011385 -0.024804 0.009079
v -0.011446 -0.024951 0.008905
v -0.011510 -0.025080 0.008737
v -0.011582 -0.025208 0.008558
v -0.011655 -0.025321 0.008383
v -0.011733 -0.025431 0.008196
v -0.011817 -0.025536 0.007997
v -0.011906 -0.025637 0.007781
v -0.011990 -0.025723 0.007569
v -0.012069 -0.025796 0.007360
v -0.012142 -0.025859 0.007151
v -0.012209 -0.025913 0.006939
v -0.012263 -0.025954 0.006744
v -0.012309 -0.025987 0.006558
v -0.012347 -0.026013 0.006368
v -0.012378 -0.026034 0.006178
v -0.012401 -0.026049 0.005986
v -0.012416 -0.026058 0.005795
v -0.012422 -0.026062 0.005608
v -0.012421 -0.026061 0.005409
v -0.012410 -0.026055 0.005198
v -0.012391 -0.026042 0.004981
v -0.012359 -0.026022 0.004735
v -0.012307 -0.025986 0.004423
v -0.012224 -0.025925 0.004021
v -0.012116 -0.025838 0.003554
v -0.011964 -0.025697 0.002888
v -0.011885 -0.025615 0.002492
v -0.011838 -0.025561 0.002198
v -0.011809 -0.025526 0.001968
v -0.011790 -0.025504 0.001770
v -0.011779 -0.025490 0.001567
v -0.011776 -0.025486 0.001435
v -0.011777 -0.025488 0.001314
v -0.011781 -0.025493 0.001203
v -0.011798 -0.025513 0.001006
v -0.011824 -0.025545 0.000824
v -0.011862 -0.025589 0.000651
v -0.011908 -0.025639 0.000498
v -0.011948 -0.025681 0.000391
v -0.011996 -0.025729 0.000284
v -0.012055 -0.025784 0.000172
v -0.012111 -0.025834 0.000082
v -0.012169 -0.025882 0.000000
v -0.011384 -0.026237 0.000000
v -0.010587 -0.026568 0.000000
v -0.009782 -0.026875 0.000000
v -0.008967 -0.027158 0.000000
v -0.008144 -0.027416 0.000000
v -0.007314 -0.027649 0.000000
v -0.007330 -0.027559 0.000100
v -0.007342 -0.027477 0.000204
v -0.007349 -0.027415 0.000291
v -0.007354 -0.027358 0.000381
v -0.007358 -0.027307 0.000474
v -0.007360 -0.027261 0.000570
v -0.007361 -0.027221 0.000668
v -0.007362 -0.027185 0.000770
v -0.007362 -0.027156 0.000874
v -0.007362 -0.027132 0.000983
v -0.007362 -0.027113 0.001095
v -0.007362 -0.027101 0.001211
v -0.007361 -0.027094 0.001328
v -0.007361 -0.027093 0.001447
v -0.007362 -0.027098 0.001567
v -0.007362 -0.027115 0.001763
v -0.007362 -0.027142 0.001953
v -0.007362 -0.027184 0.002168
v -0.007360 -0.027255 0.002468
v -0.007347 -0.027430 0.003068
v -0.007314 -0.027649 0.003780
v -0.007288 -0.027768 0.004218
v -0.007269 -0.027841 0.004539
v -0.007255 -0.027891 0.004813
v -0.007245 -0.027923 0.005054
v -0.007239 -0.027941 0.005272
v -0.007237 -0.027949 0.005460
v -0.007237 -0.027949 0.005645
v -0.007240 -0.027940 0.005834
v -0.007246 -0.027921 0.006027
v -0.007254 -0.027893 0.006216
v -0.007265 -0.027856 0.006406
v -0.007278 -0.027808 0.006599
v -0.007292 -0.027753 0.006781
v -0.007308 -0.027681 0.006985
v -0.007323 -0.027601 0.007181
v -0.007339 -0.027501 0.007397
v -0.007351 -0.027399 0.007592
v -0.007359 -0.027273 0.007812
v -0.007362 -0.027142 0.008021
v -0.007359 -0.027024 0.008195
v -0.007350 -0.026906 0.008360
v -0.007332 -0.026765 0.008546
v -0.007305 -0.026613 0.008735
v -0.007272 -0.026479 0.008896
v -0.007232 -0.026346 0.009049
v -0.007184 -0.026215 0.009195
v -0.007126 -0.026077 0.009347
v -0.007061 -0.025946 0.009488
v -0.006991 -0.025823 0.009619
v -0.006915 -0.025705 0.009744
v -0.006843 -0.025605 0.009849
v -0.006755 -0.025494 0.009966
v -0.006658 -0.025386 0.010080
v -0.006556 -0.025284 0.010188
v -0.006443 -0.025184 0.010296
v -0.006320 -0.025087 0.010401
v -0.006192 -0.024997 0.010500
v -0.006085 -0.024932 0.010574
v -0.005975 -0.024871 0.010644
v -0.005877 -0.024823 0.010701
v -0.005777 -0.024779 0.010755
v -0.005676 -0.024739 0.010804
v -0.005574 -0.024704 0.010851
v -0.005471 -0.024673 0.010893
v -0.005368 -0.024647 0.010931
v -0.005263 -0.024625 0.010966
v -0.005159 -0.024608 0.010997
v -0.005054 -0.024595 0.011024
v -0.004949 -0.024586 0.011048
v -0.004845 -0.024582 0.011067
v -0.004740 -0.024582 0.011083
v -0.004636 -0.024586 0.011096
v -0.004533 -0.024594 0.011104
v -0.004429 -0.024606 0.011109
v -0.004327 -0.024623 0.011111
v -0.004225 -0.024643 0.011108
v -0.004125 -0.024668 0.011102
v -0.004025 -0.024697 0.011093
v -0.003926 -0.024730 0.011079
v -0.003829 -0.024767 0.011062
v -0.003732 -0.024808 0.011042
v -0.003638 -0.024853 0.011017
v -0.003550 -0.024899 0.010991
v -0.003394 -0.024992 0.010934
v -0.003269 -0.025077 0.010879
v -0.003169 -0.025154 0.010828
v -0.003088 -0.025222 0.010781
v -0.002961 -0.025343 0.010696
v -0.002841 -0.025471 0.010602
v -0.002785 -0.025538 0.010552
v -0.002731 -0.025607 0.010500
v -0.002657 -0.025712 0.010420
v -0.002587 -0.025820 0.010335
v -0.002533 -0.025915 0.010259
v -0.002482 -0.026012 0.010180
v -0.002420 -0.026147 0.010067
v -0.002364 -0.026289 0.009947
v -0.002317 -0.026434 0.009820
v -0.002279 -0.026582 0.009687
v -0.002249 -0.026732 0.009549
v -0.002228 -0.026885 0.009402
v -0.002217 -0.027044 0.009244
v -0.002215 -0.027202 0.009079
v -0.002222 -0.027361 0.008905
v -0.002238 -0.027504 0.008737
v -0.002262 -0.027649 0.008558
v -0.002291 -0.027780 0.008383
v -0.002327 -0.027910 0.008196
v -0.002370 -0.028038 0.007997
v -0.002420 -0.028163 0.007781
v -0.002469 -0.028272 0.007569
v -0.002518 -0.028368 0.007360
v -0.002565 -0.028453 0.007151
v -0.002610 -0.028526 0.006939
v -0.002647 -0.028583 0.006744
v -0.002678 -0.028629 0.006558
v -0.002705 -0.028668 0.006368
v -0.002727 -0.028697 0.006178
v -0.002744 -0.028719 0.005986
v -0.002754 -0.028733 0.005795
v -0.002759 -0.028739 0.005607
v -0.002758 -0.028738 0.005409
v -0.002751 -0.028728 0.005198
v -0.002737 -0.028710 0.004980
v -0.002714 -0.028679 0.004734
v -0.002677 -0.028627 0.004421
v -0.002619 -0.028542 0.004018
v -0.002548 -0.028423 0.003551
v -0.002453 -0.028237 0.002883
v -0.002407 -0.028133 0.002485
v -0.002381 -0.028067 0.002191
v -0.002365 -0.028024 0.001959
v -0.002356 -0.027997 0.001759
v -0.002350 -0.027981 0.001557
v -0.002349 -0.027977 0.001426
v -0.002350 -0.027979 0.001306
v -0.002352 -0.027986 0.001195
v -0.002361 -0.028011 0.000999
v -0.002375 -0.028050 0.000818
v -0.002396 -0.028105 0.000645
v -0.002422 -0.028167 0.000494
v -0.002445 -0.028220 0.000388
v -0.002473 -0.028281 0.000282
v -0.002510 -0.028353 0.000171
v -0.002545 -0.028418 0.000081
v -0.002583 -0.028483 0.000000
v -0.001723 -0.028548 0.000000
v -0.000862 -0.028587 0.000000
v 0.000000 -0.028600 0.000000
v 0.001047 -0.028581 0.000000
v 0.001816 -0.028542 0.000000
v 0.002583 -0.028483 0.000000
v 0.002538 -0.028404 0.000100
v 0.002498 -0.028331 0.000204
v 0.002471 -0.028275 0.000291
v 0.002446 -0.028224 0.000381
v 0.002426 -0.028177 0.000474
v 0.002408 -0.028134 0.000570
v 0.002393 -0.028097 0.000668
v 0.002380 -0.028064 0.000770
v 0.002370 -0.028036 0.000874
v 0.002362 -0.028014 0.000983
v 0.002355 -0.027996 0.001095
v 0.002351 -0.027984 0.001211
v 0.002349 -0.027978 0.001328
v 0.002349 -0.027977 0.001447
v 0.002350 -0.027981 0.001567
v 0.002356 -0.027998 0.001763
v 0.002365 -0.028023 0.001953
v 0.002379 -0.028062 0.002168
v 0.002406 -0.028129 0.002468
v 0.002477 -0.028289 0.003068
v 0.002583 -0.028483 0.003780
v 0.002649 -0.028586 0.004218
v 0.002692 -0.028648 0.004539
v 0.002722 -0.028690 0.004813
v 0.002742 -0.028717 0.005054
v 0.002754 -0.028732 0.005272
v 0.002759 -0.028739 0.005460
v 0.002759 -0.028738 0.005645
v 0.002753 -0.028731 0.005834
v 0.002741 -0.028715 0.006027
v 0.002723 -0.028692 0.006216
v 0.002700 -0.028661 0.006406
v 0.002672 -0.028620 0.006599
v 0.002640 -0.028573 0.006781
v 0.002600 -0.028511 0.006985
v 0.002559 -0.028441 0.007181
v 0.002510 -0.028352 0.007397
v 0.002464 -0.028261 0.007592
v 0.002412 -0.028145 0.007812
v 0.002365 -0.028023 0.008021
v 0.002328 -0.027911 0.008195
v 0.002296 -0.027797 0.008360
v 0.002264 -0.027658 0.008546
v 0.002238 -0.027507 0.008735
v 0.002223 -0.027369 0.008896
v 0.002215 -0.027230 0.009049
v 0.002215 -0.027091 0.009195
v 0.002223 -0.026941 0.009347
v 0.002239 -0.026796 0.009488
v 0.002263 -0.026656 0.009619
v 0.002294 -0.026519 0.009744
v 0.002327 -0.026401 0.009849
v 0.002372 -0.026267 0.009966
v 0.002426 -0.026132 0.010080
v 0.002487 -0.026001 0.010188
v 0.002559 -0.025869 0.010296
v 0.002641 -0.025735 0.010401
v 0.002731 -0.025607 0.010500
v 0.002809 -0.025509 0.010574
v 0.002891 -0.025415 0.010644
v 0.002967 -0.025336 0.010701
v 0.003046 -0.025260 0.010755
v 0.003127 -0.025189 0.010804
v 0.003211 -0.025121 0.010851
v 0.003297 -0.025057 0.010893
v 0.003386 -0.024997 0.010931
v 0.003476 -0.024940 0.010966
v 0.003569 -0.024888 0.010997
v 0.003663 -0.024840 0.011024
v 0.003758 -0.024796 0.011048
v 0.003855 -0.024756 0.011067
v 0.003953 -0.024720 0.011083
v 0.004052 -0.024689 0.011096
v 0.004152 -0.024661 0.011104
v 0.004253 -0.024637 0.011109
v 0.004355 -0.024618 0.011111
v 0.004458 -0.024602 0.011108
v 0.004561 -0.024591 0.011102
v 0.004665 -0.024584 0.011093
v 0.004769 -0.024581 0.011079
v 0.004873 -0.024582 0.011062
v 0.004977 -0.024588 0.011042
v 0.005082 -0.024598 0.011017
v 0.005180 -0.024611 0.010991
v 0.005359 -0.024645 0.010934
v 0.005505 -0.024683 0.010879
v 0.005626 -0.024721 0.010828
v 0.005725 -0.024757 0.010781
v 0.005886 -0.024827 0.010696
v 0.006041 -0.024907 0.010602
v 0.006117 -0.024951 0.010552
v 0.006192 -0.024997 0.010500
v 0.006297 -0.025070 0.010420
v 0.006400 -0.025148 0.010335
v 0.006483 -0.025218 0.010259
v 0.006564 -0.025292 0.010180
v 0.006669 -0.025398 0.010067
v 0.006770 -0.025512 0.009947
v 0.006864 -0.025633 0.009820
v 0.006950 -0.025758 0.009687
v 0.007029 -0.025889 0.009549
v 0.007101 -0.026026 0.009402
v 0.007167 -0.026171 0.009244
v 0.007223 -0.026319 0.009079
v 0.007270 -0.026471 0.008905
v 0.007304 -0.026611 0.008737
v 0.007331 -0.026755 0.008558
v 0.007348 -0.026889 0.008383
v 0.007359 -0.027023 0.008196
v 0.007362 -0.027158 0.007997
v 0.007359 -0.027292 0.007781
v 0.007349 -0.027412 0.007569
v 0.007336 -0.027519 0.007360
v 0.007321 -0.027614 0.007151
v 0.007304 -0.027698 0.006939
v 0.007289 -0.027765 0.006744
v 0.007275 -0.027819 0.006558
v 0.007263 -0.027864 0.006368
v 0.007252 -0.027900 0.006178
v 0.007244 -0.027926 0.005986
v 0.007239 -0.027942 0.005795
v 0.007237 -0.027949 0.005607
v 0.007237 -0.027948 0.005409
v 0.007241 -0.027936 0.005198
v 0.007248 -0.027914 0.004980
v 0.007259 -0.027878 0.004734
v 0.007276 -0.027817 0.004425
v 0.007292 -0.027751 0.004149
v 0.007312 -0.027660 0.003818
v 0.007357 -0.027311 0.002672
v 0.007361 -0.027229 0.002364
v 0.007362 -0.027166 0.002084
v 0.007362 -0.027130 0.001879
v 0.007362 -0.027108 0.001703
v 0.007361 -0.027095 0.001507
v 0.007361 -0.027093 0.001381
v 0.007362 -0.027097 0.001264
v 0.007362 -0.027119 0.001060
v 0.007362 -0.027156 0.000875
v 0.007362 -0.027209 0.000700
v 0.007359 -0.027279 0.000531
v 0.007356 -0.027339 0.000414
v 0.007346 -0.027442 0.000252
v 0.007332 -0.027545 0.000116
v 0.007314 -0.027649 0.000000
v 0.008144 -0.027416 0.000000
v 0.008967 -0.027158 0.000000
v 0.009782 -0.026875 0.000000
v 0.010587 -0.026568 0.000000
v 0.011384 -0.026237 0.000000
v 0.012169 -0.025882 0.000000
v 0.012100 -0.025824 0.000100
v 0.012037 -0.025768 0.000204
v 0.011992 -0.025725 0.000291
v 0.011952 -0.025685 0.000381
v 0.011916 -0.025648 0.000474
v 0.011885 -0.025614 0.000570
v 0.011858 -0.025584 0.000668
v 0.011835 -0.025557 0.000770
v 0.011816 -0.025535 0.000874
v 0.011800 -0.025516 0.000983
v 0.011789 -0.025502 0.001095
v 0.011781 -0.025492 0.001211
v 0.011777 -0.025487 0.001328
v 0.011776 -0.025487 0.001447
v 0.011779 -0.025490 0.001567
v 0.011790 -0.025503 0.001763
v 0.011807 -0.025524 0.001953
v 0.011834 -0.025556 0.002168
v 0.011881 -0.025610 0.002468
v 0.012003 -0.025735 0.003068
v 0.012169 -0.025882 0.003780
v 0.012266 -0.025957 0.004218
v 0.012328 -0.026000 0.004539
v 0.012370 -0.026029 0.004813
v 0.012398 -0.026047 0.005054
v 0.012415 -0.026058 0.005272
v 0.012422 -0.026062 0.005460
v 0.012421 -0.026062 0.005645
v 0.012413 -0.026057 0.005834
v 0.012397 -0.026046 0.006027
v 0.012372 -0.026030 0.006216
v 0.012340 -0.026009 0.006406
v 0.012299 -0.025980 0.006599
v 0.012254 -0.025947 0.006781
v 0.012195 -0.025902 0.006985
v 0.012132 -0.025851 0.007181
v 0.012055 -0.025784 0.007397
v 0.011981 -0.025714 0.007592
v 0.011893 -0.025623 0.007813
v 0.011807 -0.025524 0.008021
v 0.011733 -0.025432 0.008195
v 0.011664 -0.025336 0.008360
v 0.011587 -0.025216 0.008546
v 0.011511 -0.025082 0.008735
v 0.011450 -0.024958 0.008896
v 0.011395 -0.024830 0.009049
v 0.011347 -0.024700 0.009195
v 0.011303 -0.024556 0.009347
v 0.011269 -0.024414 0.009488
v 0.011243 -0.024275 0.009619
v 0.011226 -0.024135 0.009744
v 0.011216 -0.024013 0.009849
v 0.011213 -0.023872 0.009966
v 0.011218 -0.023726 0.010080
v 0.011230 -0.023583 0.010188
v 0.011252 -0.023434 0.010296
v 0.011284 -0.023280 0.010401
v 0.011325 -0.023129 0.010500
v 0.011364 -0.023010 0.010574
v 0.011410 -0.022893 0.010644
v 0.011454 -0.022793 0.010701
v 0.011502 -0.022695 0.010755
v 0.011554 -0.022600 0.010804
v 0.011609 -0.022507 0.010851
v 0.011669 -0.022418 0.010893
v 0.011731 -0.022331 0.010931
v 0.011797 -0.022247 0.010966
v 0.011866 -0.022167 0.010997
v 0.011938 -0.022090 0.011024
v 0.012012 -0.022016 0.011048
v 0.012089 -0.021945 0.011067
v 0.012169 -0.021878 0.011083
v 0.012252 -0.021814 0.011096
v 0.012336 -0.021753 0.011104
v 0.012423 -0.021697 0.011109
v 0.012512 -0.021643 0.011111
v 0.012604 -0.021594 0.011108
v 0.012697 -0.021548 0.011102
v 0.012792 -0.021506 0.011093
v 0.012888 -0.021468 0.011079
v 0.012987 -0.021433 0.011062
v 0.013087 -0.021403 0.011042
v 0.013188 -0.021376 0.011017
v 0.013285 -0.021355 0.010991
v 0.013465 -0.021326 0.010934
v 0.013616 -0.021312 0.010879
v 0.013742 -0.021306 0.010828
v 0.013847 -0.021306 0.010781
v 0.014022 -0.021317 0.010696
v 0.014196 -0.021338 0.010602
v 0.014282 -0.021354 0.010552
v 0.014368 -0.021372 0.010500
v 0.014492 -0.021404 0.010420
v 0.014615 -0.021443 0.010335
v 0.014717 -0.021480 0.010259
v 0.014819 -0.021522 0.010180
v 0.014954 -0.021585 0.010067
v 0.015087 -0.021658 0.009947
v 0.015217 -0.021739 0.009820
v 0.015341 -0.021828 0.009687
v 0.015460 -0.021924 0.009549
v 0.015574 -0.022028 0.009402
v 0.015685 -0.022141 0.009244
v 0.015789 -0.022262 0.009079
v 0.015885 -0.022388 0.008905
v 0.015965 -0.022508 0.008737
v 0.016039 -0.022634 0.008558
v 0.016102 -0.022754 0.008383
v 0.016157 -0.022877 0.008196
v 0.016207 -0.023002 0.007997
v 0.016249 -0.023129 0.007781
v 0.016282 -0.023245 0.007569
v 0.016306 -0.023350 0.007360
v 0.016324 -0.023445 0.007151
v 0.016337 -0.023529 0.006939
v 0.016345 -0.023597 0.006744
v 0.016351 -0.023653 0.006558
v 0.016355 -0.023700 0.006368
v 0.016357 -0.023737 0.006178
v 0.016358 -0.023764 0.005986
v 0.016359 -0.023781 0.005795
v 0.016359 -0.023789 0.005607
v 0.016359 -0.023787 0.005409
v 0.016359 -0.023775 0.005198
v 0.016358 -0.023752 0.004980
v 0.016356 -0.023714 0.004734
v 0.016351 -0.023650 0.004421
v 0.016340 -0.023548 0.004018
v 0.016318 -0.023411 0.003551
v 0.016272 -0.023208 0.002883
v 0.016240 -0.023099 0.002486
v 0.016217 -0.023031 0.002192
v 0.016202 -0.022989 0.001960
v 0.016192 -0.022962 0.001761
v 0.016185 -0.022945 0.001558
v 0.016184 -0.022941 0.001427
v 0.016185 -0.022943 0.001307
v 0.016187 -0.022950 0.001196
v 0.016197 -0.022975 0.001000
v 0.016211 -0.023014 0.000819
v 0.016230 -0.023069 0.000646
v 0.016251 -0.023134 0.000495
v 0.016267 -0.023189 0.000388
v 0.016284 -0.023254 0.000282
v 0.016302 -0.023333 0.000171
v 0.016317 -0.023406 0.000081
v 0.016330 -0.023480 0.000000
v 0.017030 -0.022977 0.000000
v 0.017715 -0.022453 0.000000
v 0.018384 -0.021909 0.000000
v 0.019036 -0.021345 0.000000
v 0.019671 -0.020761 0.000000
v 0.020287 -0.020159 0.000000
v 0.020202 -0.020128 0.000100
v 0.020125 -0.020097 0.000204
v 0.020068 -0.020072 0.000291
v 0.020016 -0.020048 0.000381
v 0.019970 -0.020025 0.000474
v 0.019929 -0.020004 0.000570
v 0.019893 -0.019985 0.000668
v 0.019862 -0.019968 0.000770
v 0.019837 -0.019954 0.000874
v 0.019816 -0.019942 0.000983
v 0.019800 -0.019932 0.001095
v 0.019789 -0.019926 0.001211
v 0.019784 -0.019922 0.001328
v 0.019783 -0.019922 0.001447
v 0.019786 -0.019924 0.001567
v 0.019801 -0.019933 0.001763
v 0.019825 -0.019947 0.001953
v 0.019861 -0.019967 0.002168
v 0.019924 -0.020002 0.002468
v 0.020081 -0.020078 0.003068
v 0.020287 -0.020159 0.003780
v 0.020404 -0.020196 0.004218
v 0.020477 -0.020216 0.004539
v 0.020527 -0.020228 0.004813
v 0.020559 -0.020236 0.005054
v 0.020578 -0.020240 0.005272
v 0.020586 -0.020242 0.005460
v 0.020586 -0.020242 0.005645
v 0.020577 -0.020240 0.005834
v 0.020557 -0.020235 0.006027
v 0.020529 -0.020229 0.006216
v 0.020491 -0.020220 0.006406
v 0.020443 -0.020207 0.006599
v 0.020389 -0.020191 0.006781
v 0.020319 -0.020169 0.006985
v 0.020242 -0.020143 0.007181
v 0.020147 -0.020106 0.007397
v 0.020053 -0.020065 0.007592
v 0.019939 -0.020010 0.007813
v 0.019825 -0.019947 0.008021
v 0.019724 -0.019885 0.008195
v 0.019626 -0.019818 0.008360
v 0.019513 -0.019732 0.008546
v 0.019395 -0.019632 0.008735
v 0.019295 -0.019537 0.008896
v 0.019200 -0.019436 0.009049
v 0.019111 -0.019329 0.009195
v 0.019021 -0.019209 0.009347
v 0.018940 -0.019088 0.009488
v 0.018868 -0.018965 0.009619
v 0.018804 -0.018840 0.009744
v 0.018753 -0.018728 0.009849
v 0.018701 -0.018597 0.009966
v 0.018656 -0.018459 0.010080
v 0.018619 -0.018320 0.010188
v 0.018588 -0.018172 0.010296
v 0.018566 -0.018017 0.010401
v 0.018553 -0.017861 0.010500
v 0.018549 -0.017736 0.010574
v 0.018551 -0.017610 0.010644
v 0.018564 -0.017447 0.010728
v 0.018587 -0.017285 0.010805
v 0.018619 -0.017126 0.010872
v 0.018661 -0.016971 0.010932
v 0.018713 -0.016820 0.010982
v 0.018773 -0.016673 0.011024
v 0.018842 -0.016532 0.011058
v 0.018919 -0.016395 0.011084
v 0.019004 -0.016264 0.011101
v 0.019096 -0.016138 0.011109
v 0.019195 -0.016018 0.011110
v 0.019302 -0.015905 0.011102
v 0.019415 -0.015798 0.011086
v 0.019535 -0.015698 0.011062
v 0.019662 -0.015605 0.011030
v 0.019792 -0.015521 0.010990
v 0.019950 -0.015433 0.010933
v 0.020086 -0.015368 0.010878
v 0.020203 -0.015320 0.010827
v 0.020301 -0.015285 0.010780
v 0.020468 -0.015235 0.010696
v 0.020639 -0.015196 0.010602
v 0.020725 -0.015181 0.010552
v 0.020811 -0.015169 0.010500
v 0.020938 -0.015157 0.010420
v 0.021067 -0.015151 0.010335
v 0.021176 -0.015151 0.010259
v 0.021286 -0.015155 0.010180
v 0.021435 -0.015169 0.010067
v 0.021585 -0.015192 0.009947
v 0.021734 -0.015224 0.009820
v 0.021881 -0.015265 0.009687
v 0.022026 -0.015314 0.009549
v 0.022169 -0.015372 0.009402
v 0.022312 -0.015441 0.009244
v 0.022451 -0.015519 0.009079
v 0.022584 -0.015605 0.008905
v 0.022701 -0.015690 0.008737
v 0.022813 -0.015783 0.008558
v 0.022913 -0.015875 0.008383
v 0.023007 -0.015971 0.008196
v 0.023096 -0.016072 0.007997
v 0.023180 -0.016177 0.007781
v 0.023250 -0.016275 0.007569
v 0.023309 -0.016365 0.007360
v 0.023358 -0.016448 0.007151
v 0.023399 -0.016523 0.006939
v 0.023430 -0.016584 0.006744
v 0.023455 -0.016634 0.006558
v 0.023474 -0.016677 0.006368
v 0.023489 -0.016711 0.006178
v 0.023500 -0.016736 0.005986
v 0.023506 -0.016752 0.005795
v 0.023509 -0.016759 0.005607
v 0.023508 -0.016757 0.005409
v 0.023504 -0.016746 0.005198
v 0.023495 -0.016725 0.004980
v 0.023480 -0.016690 0.004734
v 0.023453 -0.016632 0.004421
v 0.023407 -0.016538 0.004014
v 0.023340 -0.016417 0.003547
v 0.023227 -0.016242 0.002878
v 0.023159 -0.016150 0.002479
v 0.023114 -0.016093 0.002178
v 0.023086 -0.016059 0.001945
v 0.023067 -0.016037 0.001743
v 0.023056 -0.016025 0.001542
v 0.023054 -0.016023 0.001412
v 0.023056 -0.016025 0.001294
v 0.023069 -0.016039 0.001085
v 0.023091 -0.016066 0.000899
v 0.023124 -0.016105 0.000722
v 0.023166 -0.016158 0.000553
v 0.023203 -0.016208 0.000430
v 0.023264 -0.016295 0.000260
v 0.023321 -0.016385 0.000120
v 0.023375 -0.016479 0.000000
v 0.023862 -0.015767 0.000000
v 0.024326 -0.015040 0.000000
v 0.024768 -0.014300 0.000000
v 0.025188 -0.013547 0.000000
v 0.025585 -0.012781 0.000000
v 0.025959 -0.012004 0.000000
v 0.025868 -0.012005 0.000100
v 0.025784 -0.012002 0.000204
v 0.025722 -0.011998 0.000291
v 0.025666 -0.011993 0.000381
v 0.025615 -0.011988 0.000474
v 0.025569 -0.011982 0.000570
v 0.025529 -0.011976 0.000668
v 0.025494 -0.011971 0.000770
v 0.025465 -0.011966 0.000874
v 0.025441 -0.011962 0.000983
v 0.025423 -0.011958 0.001095
v 0.025411 -0.011956 0.001211
v 0.025404 -0.011955 0.001328
v 0.025403 -0.011954 0.001447
v 0.025408 -0.011955 0.001567
v 0.025425 -0.011958 0.001763
v 0.025452 -0.011964 0.001953
v 0.025492 -0.011971 0.002168
v 0.025563 -0.011981 0.002468
v 0.025738 -0.011999 0.003068
v 0.025959 -0.012004 0.003780
v 0.026081 -0.011999 0.004218
v 0.026156 -0.011993 0.004539
v 0.026207 -0.011988 0.004813
v 0.026240 -0.011984 0.005054
v 0.026260 -0.011981 0.005272
v 0.026268 -0.011980 0.005460
v 0.026268 -0.011980 0.005645
v 0.026258 -0.011981 0.005834
v 0.026239 -0.011984 0.006027
v 0.026210 -0.011987 0.006216
v 0.026171 -0.011992 0.006406
v 0.026121 -0.011996 0.006599
v 0.026065 -0.012000 0.006781
v 0.025992 -0.012004 0.006985
v 0.025910 -0.012005 0.007181
v 0.025809 -0.012003 0.007397
v 0.025707 -0.011997 0.007592
v 0.025581 -0.011984 0.007812
v 0.025451 -0.011963 0.008021
v 0.025336 -0.011940 0.008195
v 0.025221 -0.011911 0.008360
v 0.025085 -0.011869 0.008546
v 0.024941 -0.011815 0.008735
v 0.024814 -0.011759 0.008895
v 0.024690 -0.011697 0.009049
v 0.024569 -0.011628 0.009195
v 0.024444 -0.011546 0.009346
v 0.024326 -0.011459 0.009487
v 0.024217 -0.011369 0.009619
v 0.024114 -0.011273 0.009744
v 0.024028 -0.011185 0.009849
v 0.023934 -0.011079 0.009965
v 0.023844 -0.010965 0.010080
v 0.023762 -0.010847 0.010188
v 0.023682 -0.010719 0.010296
v 0.023608 -0.010580 0.010401
v 0.023542 -0.010438 0.010500
v 0.023496 -0.010322 0.010574
v 0.023456 -0.010203 0.010644
v 0.023425 -0.010098 0.010701
v 0.023399 -0.009992 0.010755
v 0.023378 -0.009886 0.010805
v 0.023361 -0.009779 0.010851
v 0.023348 -0.009673 0.010893
v 0.023341 -0.009566 0.010931
v 0.023337 -0.009460 0.010966
v 0.023338 -0.009354 0.010997
v 0.023344 -0.009248 0.011024
v 0.023353 -0.009144 0.011048
v 0.023367 -0.009040 0.011067
v 0.023385 -0.008937 0.011083
v 0.023407 -0.008835 0.011096
v 0.023433 -0.008734 0.011104
v 0.023463 -0.008635 0.011109
v 0.023497 -0.008537 0.011111
v 0.023535 -0.008440 0.011108
v 0.023577 -0.008346 0.011102
v 0.023623 -0.008252 0.011093
v 0.023672 -0.008161 0.011079
v 0.023726 -0.008071 0.011062
v 0.023783 -0.007984 0.011042
v 0.023843 -0.007898 0.011017
v 0.023904 -0.007819 0.010991
v 0.024023 -0.007682 0.010934
v 0.024129 -0.007574 0.010879
v 0.024222 -0.007488 0.010828
v 0.024303 -0.007421 0.010781
v 0.024443 -0.007316 0.010696
v 0.024591 -0.007221 0.010602
v 0.024667 -0.007178 0.010552
v 0.024744 -0.007137 0.010500
v 0.024860 -0.007081 0.010420
v 0.024979 -0.007032 0.010335
v 0.025081 -0.006994 0.010259
v 0.025186 -0.006961 0.010180
v 0.025330 -0.006923 0.010067
v 0.025479 -0.006893 0.009947
v 0.025630 -0.006872 0.009820
v 0.025783 -0.006860 0.009687
v 0.025935 -0.006857 0.009549
v 0.026090 -0.006863 0.009402
v 0.026248 -0.006879 0.009244
v 0.026405 -0.006905 0.009079
v 0.026559 -0.006940 0.008905
v 0.026698 -0.006980 0.008737
v 0.026836 -0.007029 0.008558
v 0.026961 -0.007081 0.008383
v 0.027082 -0.007139 0.008196
v 0.027200 -0.007203 0.007996
v 0.027315 -0.007273 0.007781
v 0.027414 -0.007341 0.007569
v 0.027500 -0.007406 0.007360
v 0.027575 -0.007467 0.007151
v 0.027639 -0.007523 0.006939
v 0.027690 -0.007570 0.006744
v 0.027729 -0.007609 0.006558
v 0.027762 -0.007643 0.006368
v 0.027788 -0.007669 0.006177
v 0.027806 -0.007689 0.005986
v 0.027818 -0.007702 0.005795
v 0.027823 -0.007708 0.005607
v 0.027822 -0.007707 0.005409
v 0.027814 -0.007697 0.005198
v 0.027798 -0.007680 0.004981
v 0.027772 -0.007653 0.004735
v 0.027728 -0.007607 0.004422
v 0.027653 -0.007536 0.004019
v 0.027549 -0.007445 0.003552
v 0.027383 -0.007319 0.002885
v 0.027288 -0.007256 0.002488
v 0.027227 -0.007219 0.002193
v 0.027188 -0.007196 0.001963
v 0.027163 -0.007182 0.001764
v 0.027148 -0.007173 0.001561
v 0.027144 -0.007171 0.001429
v 0.027146 -0.007172 0.001309
v 0.027152 -0.007176 0.001198
v 0.027175 -0.007188 0.001002
v 0.027211 -0.007209 0.000820
v 0.027261 -0.007239 0.000647
v 0.027318 -0.007276 0.000496
v 0.027367 -0.007308 0.000389
v 0.027421 -0.007347 0.000282
v 0.027486 -0.007395 0.000172
v 0.027544 -0.007442 0.000082
v 0.027602 -0.007490 0.000000
v 0.027815 -0.006655 0.000000
v 0.028003 -0.005813 0.000000
v 0.028166 -0.004966 0.000000
v 0.028329 -0.003932 0.000000
v 0.028424 -0.003168 0.000000
v 0.028499 -0.002402 0.000000
v 0.028414 -0.002433 0.000100
v 0.028334 -0.002459 0.000204
v 0.028275 -0.002477 0.000291
v 0.028220 -0.002492 0.000381
v 0.028170 -0.002504 0.000474
v 0.028125 -0.002514 0.000570
v 0.028085 -0.002523 0.000668
v 0.028051 -0.002529 0.000770
v 0.028022 -0.002535 0.000874
v 0.027998 -0.002539 0.000983
v 0.027980 -0.002542 0.001095
v 0.027968 -0.002544 0.001211
v 0.027961 -0.002545 0.001328
v 0.027960 -0.002545 0.001447
v 0.027964 -0.002544 0.001567
v 0.027981 -0.002542 0.001763
v 0.028008 -0.002537 0.001953
v 0.028049 -0.002530 0.002168
v 0.028119 -0.002516 0.002468
v 0.028289 -0.002473 0.003068
v 0.028499 -0.002402 0.003780
v 0.028612 -0.002355 0.004218
v 0.028681 -0.002324 0.004539
v 0.028727 -0.002301 0.004813
v 0.028757 -0.002286 0.005054
v 0.028774 -0.002277 0.005272
v 0.028781 -0.002273 0.005460
v 0.028781 -0.002274 0.005645
v 0.028772 -0.002278 0.005834
v 0.028755 -0.002287 0.006027
v 0.028729 -0.002300 0.006216
v 0.028694 -0.002318 0.006406
v 0.028649 -0.002339 0.006599
v 0.028598 -0.002362 0.006781
v 0.028530 -0.002390 0.006985
v 0.028454 -0.002419 0.007181
v 0.028358 -0.002452 0.007397
v 0.028260 -0.002481 0.007592
v 0.028137 -0.002512 0.007812
v 0.028008 -0.002537 0.008021
v 0.027891 -0.002554 0.008195
v 0.027773 -0.002566 0.008360
v 0.027631 -0.002573 0.008546
v 0.027477 -0.002572 0.008735
v 0.027339 -0.002563 0.008896
v 0.027201 -0.002547 0.009049
v 0.027064 -0.002523 0.009195
v 0.026918 -0.002489 0.009347
v 0.026778 -0.002448 0.009488
v 0.026644 -0.002400 0.009619
v 0.026515 -0.002346 0.009744
v 0.026404 -0.002293 0.009849
v 0.026280 -0.002225 0.009966
v 0.026156 -0.002148 0.010080
v 0.026038 -0.002066 0.010188
v 0.025920 -0.001972 0.010296
v 0.025803 -0.001868 0.010401
v 0.025693 -0.001757 0.010500
v 0.025587 -0.001636 0.010594
v 0.025488 -0.001508 0.010682
v 0.025397 -0.001373 0.010763
v 0.025314 -0.001232 0.010835
v 0.025242 -0.001089 0.010899
v 0.025186 -0.000960 0.010948
v 0.025130 -0.000806 0.010997
v 0.025090 -0.000675 0.011032
v 0.025054 -0.000526 0.011063
v 0.025031 -0.000396 0.011084
v 0.025011 -0.000236 0.011101
v 0.025003 -0.000118 0.011108
v 0.025000 -0.000000 0.011111
v 0.022012 -0.000000 0.013422
v 0.020589 -0.000000 0.014590
v 0.019849 -0.000000 0.015262
v 0.019350 -0.000000 0.015763
v 0.019012 -0.000000 0.016136
v 0.018758 -0.000000 0.016445
v 0.018585 -0.000000 0.016675
v 0.018431 -0.000000 0.016901
v 0.018303 -0.000000 0.017108
v 0.018208 -0.000000 0.017281
v 0.018120 -0.000000 0.017461
v 0.018046 -0.000000 0.017634
v 0.018000 -0.000000 0.017757
v 0.017962 -0.000000 0.017877
v 0.017931 -0.000000 0.017995
v 0.017906 -0.000000 0.018109
v 0.017887 -0.000000 0.018221
v 0.017874 -0.000000 0.018330
v 0.017867 -0.000000 0.018437
v 0.017866 -0.000000 0.018543
v 0.017870 -0.000000 0.018646
v 0.017880 -0.000000 0.018748
v 0.017896 -0.000000 0.018849
v 0.017917 -0.000000 0.018948
v 0.017943 -0.000000 0.019046
v 0.017975 -0.000000 0.019144
v 0.018013 -0.000000 0.019241
v 0.018056 -0.000000 0.019337
v 0.018105 -0.000000 0.019433
v 0.018161 -0.000000 0.019528
v 0.018223 -0.000000 0.019624
v 0.018291 -0.000000 0.019719
v 0.018367 -0.000000 0.019814
v 0.018449 -0.000000 0.019909
v 0.018539 -0.000000 0.020004
v 0.018685 -0.000000 0.020143
v 0.018823 -0.000000 0.020263
v 0.018981 -0.000000 0.020387
v 0.019179 -0.000000 0.020528
v 0.019416 -0.000000 0.020680
v 0.019695 -0.000000 0.020841
v 0.020000 0.000000 0.021000
v 0.019975 0.001000 0.021000
v 0.019900 0.001997 0.021000
v 0.019790 0.002890 0.021000
v 0.019657 0.003689 0.021000
v 0.019491 0.004482 0.021000
v 0.019294 0.005268 0.021000
v 0.019065 0.006045 0.021000
v 0.018804 0.006812 0.021000
v 0.018513 0.007568 0.021000
v 0.018191 0.008311 0.021000
v 0.017840 0.009041 0.021000
v 0.017459 0.009756 0.021000
v 0.017050 0.010455 0.021000
v 0.016613 0.011137 0.021000
v 0.016148 0.011800 0.021000
v 0.015657 0.012444 0.021000
v 0.015140 0.013068 0.021000
v 0.014599 0.013671 0.021000
v 0.014033 0.014250 0.021000
v 0.013444 0.014807 0.021000
v 0.012834 0.015339 0.021000
v 0.012202 0.015846 0.021000
v 0.011550 0.016327 0.021000
v 0.010880 0.016782 0.021000
v 0.010191 0.017209 0.021000
v 0.009486 0.017607 0.021000
v 0.008765 0.017977 0.021000
v 0.008030 0.018317 0.021000
v 0.007282 0.018627 0.021000
v 0.006522 0.018907 0.021000
v 0.005751 0.019155 0.021000
v 0.004970 0.019373 0.021000
v 0.004182 0.019558 0.021000
v 0.003387 0.019711 0.021000
v 0.002586 0.019832 0.021000
v 0.001780 0.019921 0.021000
v 0.000972 0.019976 0.021000
v 0.000163 0.019999 0.021000
v -0.000647 0.019990 0.021000
v -0.001456 0.019947 0.021000
v -0.002263 0.019872 0.021000
v -0.003066 0.019764 0.021000
v -0.003863 0.019623 0.021000
v -0.004655 0.019451 0.021000
v -0.005439 0.019246 0.021000
v -0.006214 0.019010 0.021000
v -0.006978 0.018743 0.021000
v -0.007732 0.018445 0.021000
v -0.008472 0.018117 0.021000
v -0.009199 0.017759 0.021000
v -0.009910 0.017372 0.021000
v -0.010606 0.016956 0.021000
v -0.011284 0.016513 0.021000
v -0.011943 0.016043 0.021000
v -0.012583 0.015546 0.021000
v -0.013202 0.015024 0.021000
v -0.013800 0.014477 0.021000
v -0.014374 0.013906 0.021000
v -0.014926 0.013313 0.021000
v -0.015453 0.012697 0.021000
v -0.015954 0.012061 0.021000
v -0.016429 0.011405 0.021000
v -0.016878 0.010731 0.021000
v -0.017298 0.010038 0.021000
v -0.017691 0.009330 0.021000
v -0.018054 0.008606 0.021000
v -0.018388 0.007867 0.021000
v -0.018691 0.007116 0.021000
v -0.018964 0.006354 0.021000
v -0.019206 0.005581 0.021000
v -0.019416 0.004798 0.021000
v -0.019594 0.004008 0.021000
v -0.019740 0.003211 0.021000
v -0.019854 0.002409 0.021000
v -0.019936 0.001604 0.021000
v -0.019984 0.000795 0.021000
v -0.020000 -0.000015 0.021000
v -0.019983 -0.000825 0.021000
v -0.019933 -0.001633 0.021000
v -0.019851 -0.002439 0.021000
v -0.019736 -0.003241 0.021000
v -0.019588 -0.004037 0.021000
v -0.019409 -0.004827 0.021000
v -0.019197 -0.005609 0.021000
v -0.018954 -0.006382 0.021000
v -0.018680 -0.007144 0.021000
v -0.018376 -0.007895 0.021000
v -0.018041 -0.008632 0.021000
v -0.017677 -0.009356 0.021000
v -0.017283 -0.010064 0.021000
v -0.016862 -0.010756 0.021000
v -0.016412 -0.011430 0.021000
v -0.015936 -0.012085 0.021000
v -0.015434 -0.012720 0.021000
v -0.014906 -0.013335 0.021000
v -0.014354 -0.013927 0.021000
v -0.013778 -0.014497 0.021000
v -0.013180 -0.015043 0.021000
v -0.012560 -0.015565 0.021000
v -0.011919 -0.016060 0.021000
v -0.011259 -0.016530 0.021000
v -0.010580 -0.016972 0.021000
v -0.009884 -0.017387 0.021000
v -0.009172 -0.017773 0.021000
v -0.008445 -0.018130 0.021000
v -0.007704 -0.018457 0.021000
v -0.006950 -0.018753 0.021000
v -0.006185 -0.019020 0.021000
v -0.005410 -0.019254 0.021000
v -0.004626 -0.019458 0.021000
v -0.003834 -0.019629 0.021000
v -0.003036 -0.019768 0.021000
v -0.002233 -0.019875 0.021000
v -0.001427 -0.019949 0.021000
v -0.000618 -0.019990 0.021000
v 0.000192 -0.019999 0.021000
v 0.001002 -0.019975 0.021000
v 0.001810 -0.019918 0.021000
v 0.002615 -0.019828 0.021000
v 0.003416 -0.019706 0.021000
v 0.004211 -0.019552 0.021000
v 0.004999 -0.019365 0.021000
v 0.005779 -0.019147 0.021000
v 0.006550 -0.018897 0.021000
v 0.007310 -0.018616 0.021000
v 0.008058 -0.018305 0.021000
v 0.008792 -0.017964 0.021000
v 0.009512 -0.017593 0.021000
v 0.010217 -0.017193 0.021000
v 0.010905 -0.016766 0.021000
v 0.011575 -0.016310 0.021000
v 0.012226 -0.015828 0.021000
v 0.012857 -0.015320 0.021000
v 0.013466 -0.014787 0.021000
v 0.014054 -0.014229 0.021000
v 0.014619 -0.013649 0.021000
v 0.015160 -0.013046 0.021000
v 0.015675 -0.012421 0.021000
v 0.016166 -0.011776 0.021000
v 0.016629 -0.011112 0.021000
v 0.017065 -0.010429 0.021000
v 0.017474 -0.009730 0.021000
v 0.017853 -0.009014 0.021000
v 0.018204 -0.008284 0.021000
v 0.018524 -0.007540 0.021000
v 0.018814 -0.006784 0.021000
v 0.019074 -0.006016 0.021000
v 0.019302 -0.005239 0.021000
v 0.019498 -0.004453 0.021000
v 0.019662 -0.003660 0.021000
v 0.019794 -0.002861 0.021000
v 0.019894 -0.002057 0.021000
v 0.019961 -0.001250 0.021000
v 0.019990 -0.000625 0.021000
v 0.025693 0.001757 0.010500
v 0.025587 0.001636 0.010594
v 0.025488 0.001508 0.010682
v 0.025397 0.001373 0.010763
v 0.025314 0.001232 0.010835
v 0.025242 0.001089 0.010899
v 0.025186 0.000960 0.010948
v 0.025130 0.000806 0.010997
v 0.025090 0.000675 0.011032
v 0.025054 0.000526 0.011063
v 0.025031 0.000396 0.011084
v 0.025011 0.000236 0.011101
v 0.025003 0.000118 0.011108
v 0.028499 0.002402 0.000000
v 0.028414 0.002433 0.000100
v 0.028334 0.002459 0.000204
v 0.028275 0.002477 0.000291
v 0.028220 0.002492 0.000381
v 0.028170 0.002504 0.000474
v 0.028125 0.002514 0.000570
v 0.028085 0.002523 0.000668
v 0.028051 0.002529 0.000770
v 0.028022 0.002535 0.000874
v 0.027998 0.002539 0.000983
v 0.027980 0.002542 0.001095
v 0.027968 0.002544 0.001211
v 0.027961 0.002545 0.001328
v 0.027960 0.002545 0.001447
v 0.027964 0.002544 0.001567
v 0.027981 0.002542 0.001763
v 0.028008 0.002537 0.001953
v 0.028049 0.002530 0.002168
v 0.028119 0.002516 0.002468
v 0.028289 0.002473 0.003068
v 0.028499 0.002402 0.003780
v 0.028612 0.002355 0.004218
v 0.028681 0.002324 0.004539
v 0.028727 0.002301 0.004813
v 0.028757 0.002286 0.005054
v 0.028774 0.002277 0.005272
v 0.028781 0.002273 0.005460
v 0.028781 0.002274 0.005645
v 0.028772 0.002278 0.005834
v 0.028755 0.002287 0.006027
v 0.028729 0.002300 0.006216
v 0.028694 0.002318 0.006406
v 0.028649 0.002339 0.006599
v 0.028598 0.002362 0.006781
v 0.028530 0.002390 0.006985
v 0.028454 0.002419 0.007181
v 0.028358 0.002452 0.007397
v 0.028260 0.002481 0.007592
v 0.028137 0.002512 0.007812
v 0.028008 0.002537 0.008021
v 0.027891 0.002554 0.008195
v 0.027773 0.002566 0.008360
v 0.027631 0.002573 0.008546
v 0.027477 0.002572 0.008735
v 0.027339 0.002563 0.008896
v 0.027201 0.002547 0.009049
v 0.027064 0.002523 0.009195
v 0.026918 0.002489 0.009347
v 0.026778 0.002448 0.009488
v 0.026644 0.002400 0.009619
v 0.026515 0.002346 0.009744
v 0.026404 0.002293 0.009849
v 0.026280 0.002225 0.009966
v 0.026156 0.002148 0.010080
v 0.026038 0.002066 0.010188
v 0.025920 0.001972 0.010296
v 0.025803 0.001868 0.010401
v 0.028414 0.003260 0.000000
v 0.028302 0.004115 0.000000
v 0.028166 0.004966 0.000000
v 0.027965 0.005995 0.000000
v 0.027793 0.006745 0.000000
v 0.027602 0.007490 0.000000
v 0.027532 0.007432 0.000100
v 0.027467 0.007380 0.000204
v 0.027417 0.007343 0.000291
v 0.027370 0.007310 0.000381
v 0.027328 0.007282 0.000474
v 0.027289 0.007257 0.000570
v 0.027254 0.007235 0.000668
v 0.027224 0.007217 0.000770
v 0.027199 0.007202 0.000874
v 0.027178 0.007190 0.000983
v 0.027162 0.007181 0.001095
v 0.027151 0.007175 0.001211
v 0.027145 0.007172 0.001328
v 0.027144 0.007171 0.001447
v 0.027148 0.007174 0.001567
v 0.027163 0.007182 0.001763
v 0.027187 0.007195 0.001953
v 0.027223 0.007216 0.002168
v 0.027284 0.007254 0.002468
v 0.027429 0.007352 0.003068
v 0.027602 0.007490 0.003780
v 0.027692 0.007573 0.004218
v 0.027746 0.007625 0.004539
v 0.027781 0.007663 0.004813
v 0.027804 0.007687 0.005054
v 0.027818 0.007702 0.005272
v 0.027823 0.007708 0.005460
v 0.027823 0.007707 0.005645
v 0.027816 0.007700 0.005834
v 0.027803 0.007686 0.006027
v 0.027783 0.007664 0.006216
v 0.027756 0.007636 0.006406
v 0.027721 0.007601 0.006599
v 0.027681 0.007562 0.006781
v 0.027627 0.007512 0.006985
v 0.027565 0.007459 0.007181
v 0.027486 0.007395 0.007397
v 0.027404 0.007334 0.007592
v 0.027299 0.007263 0.007812
v 0.027187 0.007195 0.008021
v 0.027083 0.007139 0.008195
v 0.026976 0.007088 0.008360
v 0.026845 0.007032 0.008546
v 0.026700 0.006981 0.008735
v 0.026567 0.006942 0.008895
v 0.026432 0.006910 0.009049
v 0.026295 0.006886 0.009195
v 0.026146 0.006868 0.009346
v 0.026001 0.006858 0.009487
v 0.025859 0.006857 0.009619
v 0.025718 0.006864 0.009744
v 0.025596 0.006876 0.009849
v 0.025457 0.006897 0.009965
v 0.025314 0.006927 0.010080
v 0.025175 0.006964 0.010188
v 0.025032 0.007012 0.010296
v 0.024886 0.007070 0.010401
v 0.024744 0.007137 0.010500
v 0.024634 0.007196 0.010574
v 0.024527 0.007261 0.010644
v 0.024436 0.007322 0.010701
v 0.024348 0.007386 0.010755
v 0.024263 0.007454 0.010805
v 0.024181 0.007525 0.010851
v 0.024103 0.007598 0.010893
v 0.024029 0.007675 0.010931
v 0.023958 0.007754 0.010966
v 0.023891 0.007836 0.010997
v 0.023827 0.007920 0.011024
v 0.023767 0.008007 0.011048
v 0.023711 0.008095 0.011067
v 0.023658 0.008185 0.011083
v 0.023610 0.008278 0.011096
v 0.023565 0.008372 0.011104
v 0.023524 0.008467 0.011109
v 0.023487 0.008564 0.011111
v 0.023454 0.008662 0.011108
v 0.023426 0.008762 0.011102
v 0.023401 0.008863 0.011093
v 0.023380 0.008965 0.011079
v 0.023363 0.009068 0.011062
v 0.023350 0.009171 0.011042
v 0.023342 0.009276 0.011017
v 0.023338 0.009375 0.010991
v 0.023340 0.009557 0.010934
v 0.023352 0.009708 0.010879
v 0.023369 0.009833 0.010828
v 0.023387 0.009937 0.010781
v 0.023428 0.010107 0.010696
v 0.023479 0.010275 0.010602
v 0.023509 0.010357 0.010552
v 0.023542 0.010438 0.010500
v 0.023595 0.010555 0.010420
v 0.023655 0.010669 0.010335
v 0.023709 0.010764 0.010259
v 0.023768 0.010857 0.010180
v 0.023854 0.010978 0.010067
v 0.023949 0.011097 0.009947
v 0.024051 0.011210 0.009820
v 0.024160 0.011318 0.009687
v 0.024275 0.011418 0.009549
v 0.024397 0.011513 0.009402
v 0.024529 0.011602 0.009244
v 0.024665 0.011683 0.009079
v 0.024806 0.011756 0.008905
v 0.024939 0.011814 0.008737
v 0.025075 0.011865 0.008558
v 0.025204 0.011906 0.008383
v 0.025335 0.011940 0.008196
v 0.025467 0.011966 0.007996
v 0.025600 0.011986 0.007781
v 0.025719 0.011998 0.007569
v 0.025827 0.012003 0.007360
v 0.025923 0.012005 0.007151
v 0.026009 0.012003 0.006939
v 0.026077 0.011999 0.006744
v 0.026133 0.011995 0.006557
v 0.026180 0.011991 0.006368
v 0.026217 0.011987 0.006177
v 0.026244 0.011983 0.005986
v 0.026261 0.011981 0.005795
v 0.026268 0.011980 0.005607
v 0.026267 0.011980 0.005409
v 0.026255 0.011982 0.005198
v 0.026232 0.011985 0.004981
v 0.026194 0.011989 0.004735
v 0.026131 0.011995 0.004423
v 0.026028 0.012002 0.004021
v 0.025890 0.012005 0.003555
v 0.025683 0.011995 0.002889
v 0.025570 0.011982 0.002493
v 0.025499 0.011972 0.002199
v 0.025454 0.011964 0.001970
v 0.025426 0.011959 0.001772
v 0.025408 0.011955 0.001568
v 0.025403 0.011954 0.001436
v 0.025405 0.011955 0.001316
v 0.025411 0.011956 0.001204
v 0.025437 0.011961 0.001007
v 0.025478 0.011968 0.000825
v 0.025535 0.011977 0.000652
v 0.025602 0.011986 0.000499
v 0.025660 0.011993 0.000391
v 0.025727 0.011998 0.000284
v 0.025808 0.012003 0.000173
v 0.025883 0.012005 0.000082
v 0.025959 0.012004 0.000000
v 0.025585 0.012781 0.000000
v 0.025188 0.013547 0.000000
v 0.024768 0.014300 0.000000
v 0.024326 0.015040 0.000000
v 0.023862 0.015767 0.000000
v 0.023375 0.016479 0.000000
v 0.023330 0.016400 0.000100
v 0.023286 0.016329 0.000204
v 0.023252 0.016277 0.000291
v 0.023219 0.016231 0.000381
v 0.023189 0.016189 0.000474
v 0.023161 0.016152 0.000570
v 0.023136 0.016120 0.000668
v 0.023114 0.016093 0.000770
v 0.023095 0.016070 0.000874
v 0.023080 0.016052 0.000983
v 0.023068 0.016038 0.001095
v 0.023059 0.016029 0.001211
v 0.023055 0.016024 0.001328
v 0.023054 0.016023 0.001447
v 0.023057 0.016026 0.001567
v 0.023069 0.016039 0.001763
v 0.023086 0.016060 0.001953
v 0.023113 0.016092 0.002168
v 0.023158 0.016148 0.002468
v 0.023260 0.016290 0.003068
v 0.023375 0.016479 0.003780
v 0.023432 0.016587 0.004218
v 0.023464 0.016655 0.004539
v 0.023485 0.016702 0.004813
v 0.023498 0.016733 0.005054
v 0.023506 0.016751 0.005272
v 0.023509 0.016759 0.005460
v 0.023509 0.016758 0.005645
v 0.023505 0.016749 0.005834
v 0.023498 0.016731 0.006027
v 0.023486 0.016705 0.006216
v 0.023471 0.016669 0.006406
v 0.023450 0.016624 0.006599
v 0.023425 0.016573 0.006781
v 0.023391 0.016508 0.006985
v 0.023352 0.016436 0.007181
v 0.023299 0.016350 0.007397
v 0.023243 0.016264 0.007592
v 0.023168 0.016162 0.007813
v 0.023086 0.016060 0.008021
v 0.023008 0.015971 0.008195
v 0.022925 0.015887 0.008360
v 0.022821 0.015790 0.008546
v 0.022702 0.015692 0.008735
v 0.022590 0.015610 0.008896
v 0.022474 0.015534 0.009049
v 0.022354 0.015464 0.009195
v 0.022220 0.015396 0.009347
v 0.022087 0.015337 0.009488
v 0.021954 0.015288 0.009619
v 0.021819 0.015246 0.009744
v 0.021700 0.015216 0.009849
v 0.021562 0.015188 0.009966
v 0.021418 0.015167 0.010080
v 0.021274 0.015155 0.010188
v 0.021124 0.015150 0.010296
v 0.020967 0.015155 0.010401
v 0.020811 0.015169 0.010500
v 0.020687 0.015187 0.010574
v 0.020564 0.015212 0.010644
v 0.020405 0.015252 0.010728
v 0.020250 0.015303 0.010805
v 0.020099 0.015362 0.010872
v 0.019954 0.015431 0.010932
v 0.019814 0.015508 0.010982
v 0.019680 0.015593 0.011024
v 0.019552 0.015685 0.011058
v 0.019431 0.015784 0.011084
v 0.019316 0.015891 0.011101
v 0.019209 0.016003 0.011109
v 0.019108 0.016122 0.011110
v 0.019015 0.016247 0.011102
v 0.018930 0.016377 0.011086
v 0.018852 0.016513 0.011062
v 0.018782 0.016653 0.011030
v 0.018722 0.016796 0.010990
v 0.018663 0.016967 0.010933
v 0.018623 0.017113 0.010878
v 0.018596 0.017235 0.010827
v 0.018578 0.017339 0.010780
v 0.018558 0.017512 0.010696
v 0.018549 0.017686 0.010602
v 0.018549 0.017773 0.010552
v 0.018553 0.017861 0.010500
v 0.018563 0.017988 0.010420
v 0.018579 0.018116 0.010335
v 0.018598 0.018224 0.010259
v 0.018621 0.018331 0.010180
v 0.018661 0.018475 0.010067
v 0.018709 0.018619 0.009947
v 0.018767 0.018760 0.009820
v 0.018832 0.018898 0.009687
v 0.018906 0.019032 0.009549
v 0.018988 0.019163 0.009402
v 0.019081 0.019292 0.009244
v 0.019182 0.019415 0.009079
v 0.019290 0.019531 0.008905
v 0.019394 0.019631 0.008737
v 0.019505 0.019726 0.008558
v 0.019612 0.019808 0.008383
v 0.019723 0.019884 0.008196
v 0.019838 0.019955 0.007997
v 0.019956 0.020019 0.007781
v 0.020065 0.020071 0.007569
v 0.020164 0.020113 0.007360
v 0.020254 0.020147 0.007151
v 0.020335 0.020175 0.006939
v 0.020401 0.020195 0.006744
v 0.020454 0.020210 0.006558
v 0.020500 0.020222 0.006368
v 0.020536 0.020230 0.006178
v 0.020562 0.020236 0.005986
v 0.020579 0.020240 0.005795
v 0.020587 0.020242 0.005607
v 0.020585 0.020241 0.005409
v 0.020573 0.020239 0.005198
v 0.020550 0.020234 0.004980
v 0.020513 0.020225 0.004734
v 0.020452 0.020209 0.004421
v 0.020352 0.020180 0.004015
v 0.020221 0.020135 0.003547
v 0.020028 0.020054 0.002878
v 0.019926 0.020003 0.002479
v 0.019863 0.019969 0.002179
v 0.019824 0.019946 0.001946
v 0.019799 0.019932 0.001743
v 0.019785 0.019923 0.001543
v 0.019783 0.019922 0.001413
v 0.019785 0.019923 0.001294
v 0.019801 0.019933 0.001085
v 0.019831 0.019951 0.000899
v 0.019876 0.019976 0.000723
v 0.019935 0.020008 0.000553
v 0.019991 0.020036 0.000430
v 0.020087 0.020080 0.000260
v 0.020186 0.020122 0.000120
v 0.020287 0.020159 0.000000
v 0.019671 0.020761 0.000000
v 0.019036 0.021345 0.000000
v 0.018384 0.021909 0.000000
v 0.017715 0.022453 0.000000
v 0.017030 0.022977 0.000000
v 0.016330 0.023480 0.000000
v 0.016314 0.023390 0.000100
v 0.016297 0.023309 0.000204
v 0.016282 0.023248 0.000291
v 0.016268 0.023193 0.000381
v 0.016254 0.023144 0.000474
v 0.016240 0.023100 0.000570
v 0.016227 0.023061 0.000668
v 0.016216 0.023028 0.000770
v 0.016206 0.023000 0.000874
v 0.016198 0.022978 0.000983
v 0.016191 0.022960 0.001095
v 0.016187 0.022949 0.001211
v 0.016184 0.022943 0.001328
v 0.016184 0.022942 0.001447
v 0.016186 0.022946 0.001567
v 0.016192 0.022962 0.001763
v 0.016201 0.022987 0.001953
v 0.016215 0.023026 0.002168
v 0.016238 0.023094 0.002468
v 0.016286 0.023263 0.003068
v 0.016330 0.023480 0.003780
v 0.016346 0.023601 0.004218
v 0.016353 0.023676 0.004539
v 0.016356 0.023727 0.004813
v 0.016358 0.023761 0.005054
v 0.016359 0.023780 0.005272
v 0.016359 0.023789 0.005460
v 0.016359 0.023788 0.005645
v 0.016359 0.023778 0.005834
v 0.016358 0.023759 0.006027
v 0.016357 0.023730 0.006216
v 0.016354 0.023691 0.006406
v 0.016350 0.023641 0.006599
v 0.016344 0.023585 0.006781
v 0.016335 0.023512 0.006985
v 0.016322 0.023432 0.007181
v 0.016302 0.023332 0.007397
v 0.016278 0.023233 0.007592
v 0.016244 0.023111 0.007813
v 0.016201 0.022987 0.008021
v 0.016158 0.022877 0.008195
v 0.016109 0.022769 0.008360
v 0.016044 0.022643 0.008546
v 0.015966 0.022510 0.008735
v 0.015889 0.022395 0.008896
v 0.015806 0.022283 0.009049
v 0.015717 0.022177 0.009195
v 0.015615 0.022067 0.009347
v 0.015509 0.021967 0.009488
v 0.015401 0.021875 0.009619
v 0.015289 0.021790 0.009744
v 0.015188 0.021720 0.009849
v 0.015067 0.021647 0.009966
v 0.014939 0.021578 0.010080
v 0.014808 0.021517 0.010188
v 0.014668 0.021461 0.010296
v 0.014519 0.021412 0.010401
v 0.014368 0.021372 0.010500
v 0.014245 0.021347 0.010574
v 0.014121 0.021328 0.010644
v 0.014012 0.021316 0.010701
v 0.013904 0.021308 0.010755
v 0.013795 0.021306 0.010804
v 0.013687 0.021308 0.010851
v 0.013580 0.021314 0.010893
v 0.013474 0.021325 0.010931
v 0.013368 0.021340 0.010966
v 0.013264 0.021359 0.010997
v 0.013161 0.021383 0.011024
v 0.013060 0.021411 0.011048
v 0.012960 0.021442 0.011067
v 0.012862 0.021478 0.011083
v 0.012765 0.021517 0.011096
v 0.012671 0.021560 0.011104
v 0.012578 0.021607 0.011109
v 0.012488 0.021658 0.011111
v 0.012399 0.021712 0.011108
v 0.012313 0.021770 0.011102
v 0.012229 0.021831 0.011093
v 0.012147 0.021896 0.011079
v 0.012068 0.021964 0.011062
v 0.011992 0.022035 0.011042
v 0.011918 0.022110 0.011017
v 0.011852 0.022183 0.010991
v 0.011737 0.022324 0.010934
v 0.011649 0.022447 0.010879
v 0.011581 0.022554 0.010828
v 0.011528 0.022645 0.010781
v 0.011450 0.022802 0.010696
v 0.011382 0.022963 0.010602
v 0.011352 0.023046 0.010552
v 0.011325 0.023129 0.010500
v 0.011291 0.023252 0.010420
v 0.011262 0.023378 0.010335
v 0.011243 0.023486 0.010259
v 0.011229 0.023594 0.010180
v 0.011217 0.023743 0.010067
v 0.011213 0.023895 0.009947
v 0.011218 0.024048 0.009820
v 0.011233 0.024200 0.009687
v 0.011256 0.024351 0.009549
v 0.011289 0.024502 0.009402
v 0.011332 0.024655 0.009244
v 0.011385 0.024804 0.009079
v 0.011446 0.024951 0.008905
v 0.011510 0.025080 0.008737
v 0.011582 0.025208 0.008558
v 0.011655 0.025321 0.008383
v 0.011733 0.025431 0.008196
v 0.011817 0.025536 0.007997
v 0.011906 0.025637 0.007781
v 0.011990 0.025723 0.007569
v 0.012069 0.025796 0.007360
v 0.012142 0.025859 0.007151
v 0.012209 0.025913 0.006939
v 0.012263 0.025954 0.006744
v 0.012309 0.025987 0.006558
v 0.012347 0.026013 0.006368
v 0.012378 0.026034 0.006178
v 0.012401 0.026049 0.005986
v 0.012416 0.026058 0.005795
v 0.012422 0.026062 0.005607
v 0.012421 0.026061 0.005409
v 0.012410 0.026055 0.005198
v 0.012391 0.026042 0.004980
v 0.012359 0.026021 0.004734
v 0.012306 0.025985 0.004421
v 0.012223 0.025924 0.004016
v 0.012115 0.025837 0.003549
v 0.011962 0.025695 0.002880
v 0.011884 0.025613 0.002482
v 0.011836 0.025559 0.002187
v 0.011807 0.025525 0.001955
v 0.011789 0.025503 0.001754
v 0.011778 0.025489 0.001552
v 0.011776 0.025486 0.001422
v 0.011777 0.025488 0.001302
v 0.011789 0.025503 0.001092
v 0.011811 0.025529 0.000905
v 0.011844 0.025568 0.000729
v 0.011888 0.025618 0.000559
v 0.011931 0.025663 0.000434
v 0.012006 0.025739 0.000263
v 0.012086 0.025812 0.000121
v 0.012169 0.025882 0.000000
v 0.011384 0.026237 0.000000
v 0.010587 0.026568 0.000000
v 0.009782 0.026875 0.000000
v 0.008967 0.027158 0.000000
v 0.008144 0.027416 0.000000
v 0.007314 0.027649 0.000000
v 0.007330 0.027559 0.000100
v 0.007342 0.027477 0.000204
v 0.007349 0.027415 0.000291
v 0.007354 0.027358 0.000381
v 0.007358 0.027307 0.000474
v 0.007360 0.027261 0.000570
v 0.007361 0.027221 0.000668
v 0.007362 0.027185 0.000770
v 0.007362 0.027156 0.000874
v 0.007362 0.027132 0.000983
v 0.007362 0.027113 0.001095
v 0.007362 0.027101 0.001211
v 0.007361 0.027094 0.001328
v 0.007361 0.027093 0.001447
v 0.007362 0.027098 0.001567
v 0.007362 0.027115 0.001763
v 0.007362 0.027142 0.001953
v 0.007362 0.027184 0.002168
v 0.007360 0.027255 0.002468
v 0.007347 0.027430 0.003068
v 0.007314 0.027649 0.003780
v 0.007288 0.027768 0.004218
v 0.007269 0.027841 0.004539
v 0.007255 0.027891 0.004813
v 0.007245 0.027923 0.005054
v 0.007239 0.027941 0.005272
v 0.007237 0.027949 0.005460
v 0.007237 0.027949 0.005645
v 0.007240 0.027940 0.005834
v 0.007246 0.027921 0.006027
v 0.007254 0.027893 0.006216
v 0.007265 0.027856 0.006406
v 0.007278 0.027808 0.006599
v 0.007292 0.027753 0.006781
v 0.007308 0.027681 0.006985
v 0.007323 0.027601 0.007181
v 0.007339 0.027501 0.007397
v 0.007351 0.027400 0.007592
v 0.007359 0.027273 0.007812
v 0.007362 0.027142 0.008021
v 0.007359 0.027024 0.008195
v 0.007350 0.026906 0.008360
v 0.007332 0.026765 0.008546
v 0.007305 0.026613 0.008735
v 0.007272 0.026479 0.008896
v 0.007232 0.026346 0.009049
v 0.007184 0.026215 0.009195
v 0.007126 0.026077 0.009347
v 0.007061 0.025946 0.009488
v 0.006991 0.025823 0.009619
v 0.006915 0.025705 0.009744
v 0.006843 0.025605 0.009849
v 0.006755 0.025495 0.009966
v 0.006658 0.025386 0.010080
v 0.006556 0.025284 0.010188
v 0.006443 0.025184 0.010296
v 0.006320 0.025087 0.010401
v 0.006192 0.024997 0.010500
v 0.006085 0.024932 0.010574
v 0.005975 0.024871 0.010644
v 0.005877 0.024823 0.010701
v 0.005777 0.024779 0.010755
v 0.005676 0.024739 0.010804
v 0.005574 0.024704 0.010851
v 0.005471 0.024673 0.010893
v 0.005368 0.024647 0.010931
v 0.005263 0.024625 0.010966
v 0.005159 0.024608 0.010997
v 0.005054 0.024595 0.011024
v 0.004949 0.024586 0.011048
v 0.004845 0.024582 0.011067
v 0.004740 0.024582 0.011083
v 0.004636 0.024586 0.011096
v 0.004533 0.024594 0.011104
v 0.004429 0.024606 0.011109
v 0.004327 0.024623 0.011111
v 0.004225 0.024643 0.011108
v 0.004125 0.024668 0.011102
v 0.004025 0.024697 0.011093
v 0.003926 0.024730 0.011079
v 0.003829 0.024767 0.011062
v 0.003732 0.024808 0.011042
v 0.003638 0.024853 0.011017
v 0.003550 0.024899 0.010991
v 0.003394 0.024992 0.010934
v 0.003269 0.025077 0.010879
v 0.003169 0.025154 0.010828
v 0.003088 0.025222 0.010781
v 0.002961 0.025343 0.010696
v 0.002841 0.025471 0.010602
v 0.002785 0.025538 0.010552
v 0.002731 0.025607 0.010500
v 0.002657 0.025712 0.010420
v 0.002587 0.025820 0.010335
v 0.002533 0.025915 0.010259
v 0.002482 0.026012 0.010180
v 0.002420 0.026147 0.010067
v 0.002364 0.026289 0.009947
v 0.002317 0.026434 0.009820
v 0.002279 0.026582 0.009687
v 0.002249 0.026732 0.009549
v 0.002228 0.026885 0.009402
v 0.002217 0.027044 0.009244
v 0.002215 0.027202 0.009079
v 0.002222 0.027361 0.008905
v 0.002238 0.027504 0.008737
v 0.002262 0.027649 0.008558
v 0.002291 0.027780 0.008383
v 0.002327 0.027910 0.008196
v 0.002370 0.028038 0.007997
v 0.002420 0.028163 0.007781
v 0.002469 0.028272 0.007569
v 0.002518 0.028368 0.007360
v 0.002565 0.028453 0.007151
v 0.002610 0.028526 0.006939
v 0.002647 0.028583 0.006744
v 0.002678 0.028629 0.006558
v 0.002705 0.028668 0.006368
v 0.002727 0.028697 0.006178
v 0.002744 0.028719 0.005986
v 0.002754 0.028733 0.005795
v 0.002759 0.028739 0.005607
v 0.002758 0.028738 0.005409
v 0.002751 0.028728 0.005198
v 0.002737 0.028710 0.004980
v 0.002714 0.028679 0.004734
v 0.002677 0.028628 0.004425
v 0.002639 0.028571 0.004149
v 0.002589 0.028493 0.003818
v 0.002427 0.028181 0.002672
v 0.002396 0.028104 0.002364
v 0.002373 0.028046 0.002084
v 0.002361 0.028012 0.001879
v 0.002354 0.027991 0.001704
v 0.002349 0.027979 0.001508
v 0.002349 0.027977 0.001381
v 0.002350 0.027981 0.001265
v 0.002357 0.028001 0.001060
v 0.002370 0.028036 0.000876
v 0.002388 0.028086 0.000700
v 0.002415 0.028151 0.000531
v 0.002439 0.028206 0.000415
v 0.002483 0.028299 0.000252
v 0.002531 0.028392 0.000117
v 0.002583 0.028483 0.000000
v 0.001723 0.028548 0.000000
v 0.000862 0.028587 0.000000
v 0.000000 0.028600 0.000000
v -0.001047 0.028581 0.000000
v -0.001816 0.028542 0.000000
v -0.002583 0.028483 0.000000
v -0.002538 0.028404 0.000100
v -0.002498 0.028331 0.000204
v -0.002471 0.028275 0.000291
v -0.002446 0.028224 0.000381
v -0.002426 0.028177 0.000474
v -0.002408 0.028134 0.000570
v -0.002393 0.028097 0.000668
v -0.002380 0.028064 0.000770
v -0.002370 0.028036 0.000874
v -0.002362 0.028014 0.000983
v -0.002355 0.027996 0.001095
v -0.002351 0.027984 0.001211
v -0.002349 0.027978 0.001328
v -0.002349 0.027977 0.001447
v -0.002350 0.027981 0.001567
v -0.002356 0.027998 0.001763
v -0.002365 0.028023 0.001953
v -0.002379 0.028062 0.002168
v -0.002406 0.028129 0.002468
v -0.002477 0.028289 0.003068
v -0.002583 0.028483 0.003780
v -0.002649 0.028586 0.004218
v -0.002692 0.028648 0.004539
v -0.002722 0.028690 0.004813
v -0.002742 0.028717 0.005054
v -0.002754 0.028732 0.005272
v -0.002759 0.028739 0.005460
v -0.002759 0.028738 0.005645
v -0.002753 0.028731 0.005834
v -0.002741 0.028715 0.006027
v -0.002723 0.028692 0.006216
v -0.002700 0.028661 0.006406
v -0.002672 0.028620 0.006599
v -0.002640 0.028573 0.006781
v -0.002600 0.028511 0.006985
v -0.002559 0.028441 0.007181
v -0.002510 0.028352 0.007397
v -0.002464 0.028261 0.007592
v -0.002412 0.028145 0.007812
v -0.002365 0.028023 0.008021
v -0.002328 0.027911 0.008195
v -0.002296 0.027797 0.008360
v -0.002264 0.027658 0.008546
v -0.002238 0.027507 0.008735
v -0.002223 0.027369 0.008896
v -0.002215 0.027230 0.009049
v -0.002215 0.027091 0.009195
v -0.002223 0.026941 0.009347
v -0.002239 0.026796 0.009488
v -0.002263 0.026656 0.009619
v -0.002294 0.026519 0.009744
v -0.002327 0.026401 0.009849
v -0.002372 0.026267 0.009966
v -0.002426 0.026132 0.010080
v -0.002487 0.026001 0.010188
v -0.002559 0.025869 0.010296
v -0.002641 0.025735 0.010401
v -0.002731 0.025607 0.010500
v -0.002809 0.025509 0.010574
v -0.002891 0.025415 0.010644
v -0.002967 0.025336 0.010701
v -0.003046 0.025260 0.010755
v -0.003127 0.025189 0.010804
v -0.003211 0.025121 0.010851
v -0.003297 0.025057 0.010893
v -0.003386 0.024997 0.010931
v -0.003476 0.024940 0.010966
v -0.003569 0.024888 0.010997
v -0.003663 0.024840 0.011024
v -0.003758 0.024796 0.011048
v -0.003855 0.024756 0.011067
v -0.003953 0.024720 0.011083
v -0.004052 0.024689 0.011096
v -0.004152 0.024661 0.011104
v -0.004253 0.024637 0.011109
v -0.004355 0.024618 0.011111
v -0.004458 0.024602 0.011108
v -0.004561 0.024591 0.011102
v -0.004665 0.024584 0.011093
v -0.004769 0.024581 0.011079
v -0.004873 0.024582 0.011062
v -0.004977 0.024588 0.011042
v -0.005082 0.024598 0.011017
v -0.005180 0.024611 0.010991
v -0.005359 0.024645 0.010934
v -0.005505 0.024683 0.010879
v -0.005626 0.024721 0.010828
v -0.005725 0.024757 0.010781
v -0.005886 0.024827 0.010696
v -0.006041 0.024907 0.010602
v -0.006117 0.024951 0.010552
v -0.006192 0.024997 0.010500
v -0.006297 0.025070 0.010420
v -0.006400 0.025148 0.010335
v -0.006483 0.025218 0.010259
v -0.006564 0.025292 0.010180
v -0.006669 0.025398 0.010067
v -0.006770 0.025512 0.009947
v -0.006864 0.025633 0.009820
v -0.006950 0.025758 0.009687
v -0.007029 0.025889 0.009549
v -0.007101 0.026026 0.009402
v -0.007167 0.026171 0.009244
v -0.007223 0.026319 0.009079
v -0.007270 0.026471 0.008905
v -0.007304 0.026611 0.008737
v -0.007331 0.026755 0.008558
v -0.007348 0.026889 0.008383
v -0.007359 0.027023 0.008196
v -0.007362 0.027158 0.007997
v -0.007359 0.027292 0.007781
v -0.007349 0.027412 0.007569
v -0.007336 0.027519 0.007360
v -0.007321 0.027614 0.007151
v -0.007304 0.027698 0.006939
v -0.007289 0.027765 0.006744
v -0.007275 0.027819 0.006558
v -0.007263 0.027864 0.006368
v -0.007252 0.027900 0.006178
v -0.007244 0.027926 0.005986
v -0.007239 0.027942 0.005795
v -0.007237 0.027949 0.005607
v -0.007237 0.027948 0.005409
v -0.007241 0.027936 0.005198
v -0.007248 0.027914 0.004980
v -0.007259 0.027878 0.004734
v -0.007276 0.027816 0.004421
v -0.007300 0.027715 0.004015
v -0.007327 0.027579 0.003547
v -0.007353 0.027372 0.002878
v -0.007360 0.027258 0.002480
v -0.007362 0.027186 0.002179
v -0.007362 0.027141 0.001946
v -0.007362 0.027113 0.001744
v -0.007362 0.027096 0.001543
v -0.007361 0.027093 0.001414
v -0.007361 0.027096 0.001295
v -0.007362 0.027115 0.001086
v -0.007362 0.027150 0.000900
v -0.007362 0.027201 0.000723
v -0.007360 0.027268 0.000554
v -0.007356 0.027330 0.000430
v -0.007347 0.027436 0.000261
v -0.007333 0.027542 0.000120
v -0.007314 0.027649 0.000000
v -0.008144 0.027416 0.000000
v -0.008967 0.027158 0.000000
v -0.009782 0.026875 0.000000
v -0.010587 0.026568 0.000000
v -0.011384 0.026237 0.000000
v -0.012169 0.025882 0.000000
v -0.012100 0.025824 0.000100
v -0.012037 0.025768 0.000204
v -0.011992 0.025725 0.000291
v -0.011952 0.025685 0.000381
v -0.011916 0.025648 0.000474
v -0.011885 0.025614 0.000570
v -0.011858 0.025584 0.000668
v -0.011835 0.025557 0.000770
v -0.011816 0.025535 0.000874
v -0.011800 0.025516 0.000983
v -0.011789 0.025502 0.001095
v -0.011781 0.025492 0.001211
v -0.011777 0.025487 0.001328
v -0.011776 0.025487 0.001447
v -0.011779 0.025490 0.001567
v -0.011790 0.025503 0.001763
v -0.011807 0.025525 0.001953
v -0.011834 0.025556 0.002168
v -0.011881 0.025610 0.002468
v -0.012003 0.025736 0.003068
v -0.012169 0.025882 0.003780
v -0.012266 0.025957 0.004218
v -0.012328 0.026000 0.004539
v -0.012370 0.026029 0.004813
v -0.012398 0.026047 0.005054
v -0.012415 0.026058 0.005272
v -0.012422 0.026062 0.005460
v -0.012421 0.026062 0.005645
v -0.012413 0.026057 0.005834
v -0.012397 0.026046 0.006027
v -0.012372 0.026030 0.006216
v -0.012340 0.026009 0.006406
v -0.012299 0.025980 0.006599
v -0.012254 0.025947 0.006781
v -0.012195 0.025902 0.006985
v -0.012132 0.025851 0.007181
v -0.012055 0.025784 0.007397
v -0.011981 0.025714 0.007592
v -0.011893 0.025623 0.007812
v -0.011807 0.025524 0.008021
v -0.011733 0.025432 0.008195
v -0.011664 0.025336 0.008360
v -0.011587 0.025216 0.008546
v -0.011511 0.025082 0.008735
v -0.011450 0.024958 0.008896
v -0.011395 0.024830 0.009049
v -0.011347 0.024700 0.009195
v -0.011304 0.024556 0.009346
v -0.011269 0.024414 0.009488
v -0.011244 0.024275 0.009619
v -0.011226 0.024136 0.009744
v -0.011216 0.024013 0.009849
v -0.011213 0.023872 0.009966
v -0.011218 0.023726 0.010080
v -0.011230 0.023583 0.010188
v -0.011252 0.023434 0.010296
v -0.011284 0.023280 0.010401
v -0.011325 0.023129 0.010500
v -0.011364 0.023010 0.010574
v -0.011410 0.022893 0.010644
v -0.011454 0.022793 0.010701
v -0.011502 0.022695 0.010755
v -0.011554 0.022600 0.010804
v -0.011609 0.022507 0.010851
v -0.011669 0.022418 0.010893
v -0.011731 0.022331 0.010931
v -0.011797 0.022247 0.010966
v -0.011866 0.022167 0.010997
v -0.011938 0.022090 0.011024
v -0.012012 0.022016 0.011048
v -0.012089 0.021945 0.011067
v -0.012169 0.021878 0.011083
v -0.012252 0.021814 0.011096
v -0.012336 0.021753 0.011104
v -0.012423 0.021697 0.011109
v -0.012512 0.021643 0.011111
v -0.012604 0.021594 0.011108
v -0.012697 0.021548 0.011102
v -0.012792 0.021506 0.011093
v -0.012888 0.021468 0.011079
v -0.012987 0.021433 0.011062
v -0.013087 0.021403 0.011042
v -0.013188 0.021376 0.011017
v -0.013285 0.021355 0.010991
v -0.013465 0.021326 0.010934
v -0.013616 0.021312 0.010879
v -0.013742 0.021306 0.010828
v -0.013847 0.021306 0.010781
v -0.014022 0.021317 0.010696
v -0.014196 0.021338 0.010602
v -0.014282 0.021354 0.010552
v -0.014368 0.021372 0.010500
v -0.014492 0.021404 0.010420
v -0.014615 0.021443 0.010335
v -0.014718 0.021480 0.010259
v -0.014819 0.021522 0.010180
v -0.014954 0.021585 0.010067
v -0.015087 0.021658 0.009947
v -0.015217 0.021739 0.009820
v -0.015341 0.021828 0.009687
v -0.015460 0.021924 0.009549
v -0.015574 0.022028 0.009402
v -0.015685 0.022141 0.009244
v -0.015789 0.022262 0.009079
v -0.015885 0.022388 0.008905
v -0.015965 0.022508 0.008737
v -0.016039 0.022634 0.008558
v -0.016102 0.022754 0.008383
v -0.016158 0.022877 0.008196
v -0.016207 0.023002 0.007997
v -0.016249 0.023129 0.007781
v -0.016282 0.023245 0.007569
v -0.016306 0.023350 0.007360
v -0.016324 0.023445 0.007151
v -0.016337 0.023530 0.006939
v -0.016345 0.023597 0.006744
v -0.016351 0.023653 0.006558
v -0.016355 0.023700 0.006368
v -0.016357 0.023737 0.006178
v -0.016358 0.023764 0.005986
v -0.016359 0.023781 0.005795
v -0.016359 0.023789 0.005608
v -0.016359 0.023787 0.005410
v -0.016359 0.023775 0.005197
v -0.016358 0.023752 0.004981
v -0.016356 0.023718 0.004755
v -0.016352 0.023662 0.004474
v -0.016345 0.023595 0.004194
v -0.016333 0.023503 0.003860
v -0.016258 0.023161 0.002718
v -0.016234 0.023081 0.002415
v -0.016213 0.023021 0.002141
v -0.016200 0.022983 0.001925
v -0.016191 0.022959 0.001740
v -0.016185 0.022944 0.001540
v -0.016184 0.022941 0.001410
v -0.016185 0.022944 0.001292
v -0.016192 0.022962 0.001083
v -0.016204 0.022995 0.000897
v -0.016221 0.023043 0.000721
v -0.016242 0.023108 0.000552
v -0.016260 0.023167 0.000429
v -0.016288 0.023269 0.000260
v -0.016311 0.023374 0.000120
v -0.016330 0.023480 0.000000
v -0.017030 0.022977 0.000000
v -0.017715 0.022453 0.000000
v -0.018384 0.021909 0.000000
v -0.019036 0.021345 0.000000
v -0.019671 0.020761 0.000000
v -0.020287 0.020159 0.000000
v -0.020202 0.020128 0.000100
v -0.020125 0.020097 0.000204
v -0.020068 0.020072 0.000291
v -0.020016 0.020048 0.000381
v -0.019970 0.020025 0.000474
v -0.019929 0.020005 0.000570
v -0.019893 0.019985 0.000668
v -0.019862 0.019968 0.000770
v -0.019837 0.019954 0.000874
v -0.019816 0.019942 0.000983
v -0.019800 0.019932 0.001095
v -0.019789 0.019926 0.001211
v -0.019784 0.019922 0.001328
v -0.019783 0.019922 0.001447
v -0.019787 0.019924 0.001567
v -0.019801 0.019933 0.001763
v -0.019825 0.019947 0.001953
v -0.019861 0.019967 0.002168
v -0.019924 0.020002 0.002468
v -0.020081 0.020078 0.003068
v -0.020287 0.020159 0.003780
v -0.020404 0.020196 0.004218
v -0.020477 0.020216 0.004539
v -0.020527 0.020228 0.004813
v -0.020559 0.020236 0.005054
v -0.020578 0.020240 0.005272
v -0.020586 0.020242 0.005460
v -0.020586 0.020242 0.005645
v -0.020577 0.020240 0.005834
v -0.020558 0.020235 0.006027
v -0.020529 0.020229 0.006216
v -0.020491 0.020220 0.006406
v -0.020443 0.020207 0.006599
v -0.020389 0.020191 0.006781
v -0.020319 0.020169 0.006985
v -0.020242 0.020143 0.007181
v -0.020147 0.020106 0.007397
v -0.020053 0.020066 0.007592
v -0.019939 0.020010 0.007812
v -0.019825 0.019947 0.008021
v -0.019724 0.019885 0.008195
v -0.019626 0.019818 0.008360
v -0.019513 0.019732 0.008546
v -0.019396 0.019633 0.008735
v -0.019295 0.019537 0.008896
v -0.019200 0.019436 0.009049
v -0.019111 0.019329 0.009195
v -0.019021 0.019209 0.009346
v -0.018940 0.019088 0.009487
v -0.018868 0.018965 0.009619
v -0.018804 0.018841 0.009744
v -0.018753 0.018729 0.009849
v -0.018701 0.018597 0.009966
v -0.018656 0.018459 0.010080
v -0.018619 0.018320 0.010188
v -0.018588 0.018172 0.010296
v -0.018566 0.018017 0.010401
v -0.018553 0.017861 0.010500
v -0.018549 0.017736 0.010574
v -0.018551 0.017610 0.010644
v -0.018564 0.017447 0.010728
v -0.018587 0.017285 0.010805
v -0.018619 0.017126 0.010872
v -0.018661 0.016971 0.010932
v -0.018713 0.016820 0.010982
v -0.018773 0.016674 0.011024
v -0.018842 0.016532 0.011058
v -0.018919 0.016395 0.011084
v -0.019003 0.016264 0.011101
v -0.019096 0.016138 0.011109
v -0.019195 0.016018 0.011110
v -0.019302 0.015905 0.011102
v -0.019415 0.015798 0.011086
v -0.019535 0.015698 0.011062
v -0.019662 0.015605 0.011030
v -0.019792 0.015521 0.010990
v -0.019950 0.015433 0.010933
v -0.020086 0.015368 0.010878
v -0.020203 0.015320 0.010827
v -0.020301 0.015285 0.010780
v -0.020468 0.015235 0.010696
v -0.020639 0.015196 0.010602
v -0.020725 0.015181 0.010552
v -0.020811 0.015169 0.010500
v -0.020939 0.015157 0.010420
v -0.021067 0.015151 0.010335
v -0.021176 0.015151 0.010259
v -0.021286 0.015155 0.010180
v -0.021435 0.015169 0.010067
v -0.021585 0.015192 0.009947
v -0.021734 0.015224 0.009820
v -0.021881 0.015265 0.009687
v -0.022026 0.015314 0.009549
v -0.022169 0.015372 0.009402
v -0.022312 0.015441 0.009244
v -0.022451 0.015519 0.009079
v -0.022584 0.015605 0.008905
v -0.022701 0.015690 0.008737
v -0.022813 0.015783 0.008558
v -0.022913 0.015875 0.008383
v -0.023007 0.015971 0.008196
v -0.023096 0.016072 0.007997
v -0.023180 0.016177 0.007781
v -0.023250 0.016275 0.007569
v -0.023309 0.016365 0.007360
v -0.023358 0.016448 0.007151
v -0.023399 0.016523 0.006939
v -0.023431 0.016584 0.006744
v -0.023455 0.016634 0.006558
v -0.023474 0.016677 0.006368
v -0.023489 0.016711 0.006178
v -0.023500 0.016736 0.005986
v -0.023506 0.016752 0.005795
v -0.023509 0.016759 0.005608
v -0.023508 0.016757 0.005409
v -0.023504 0.016746 0.005198
v -0.023495 0.016725 0.004981
v -0.023480 0.016690 0.004735
v -0.023454 0.016633 0.004428
v -0.023408 0.016540 0.004019
v -0.023348 0.016430 0.003595
v -0.023237 0.016256 0.002936
v -0.023158 0.016148 0.002470
v -0.023121 0.016102 0.002229
v -0.023092 0.016066 0.002002
v -0.023072 0.016043 0.001807
v -0.023060 0.016029 0.001621
v -0.023054 0.016023 0.001436
v -0.023055 0.016024 0.001315
v -0.023060 0.016029 0.001204
v -0.023077 0.016049 0.001007
v -0.023104 0.016080 0.000825
v -0.023140 0.016125 0.000652
v -0.023182 0.016179 0.000499
v -0.023216 0.016226 0.000391
v -0.023258 0.016287 0.000274
v -0.023299 0.016349 0.000173
v -0.023338 0.016413 0.000082
v -0.023375 0.016479 0.000000
v -0.023862 0.015767 0.000000
v -0.024326 0.015040 0.000000
v -0.024768 0.014300 0.000000
v -0.025188 0.013547 0.000000
v -0.025585 0.012781 0.000000
v -0.025959 0.012004 0.000000
v -0.025868 0.012005 0.000100
v -0.025784 0.012002 0.000204
v -0.025722 0.011998 0.000291
v -0.025666 0.011993 0.000381
v -0.025615 0.011988 0.000474
v -0.025569 0.011982 0.000570
v -0.025529 0.011976 0.000668
v -0.025494 0.011971 0.000770
v -0.025465 0.011966 0.000874
v -0.025441 0.011962 0.000983
v -0.025423 0.011958 0.001095
v -0.025411 0.011956 0.001211
v -0.025404 0.011954 0.001328
v -0.025403 0.011954 0.001447
v -0.025408 0.011955 0.001567
v -0.025425 0.011958 0.001763
v -0.025452 0.011964 0.001953
v -0.025492 0.011971 0.002168
v -0.025563 0.011981 0.002468
v -0.025737 0.011999 0.003068
v -0.025959 0.012004 0.003780
v -0.026081 0.011999 0.004218
v -0.026156 0.011993 0.004539
v -0.026207 0.011988 0.004813
v -0.026240 0.011984 0.005054
v -0.026260 0.011981 0.005272
v -0.026268 0.011980 0.005460
v -0.026267 0.011980 0.005645
v -0.026258 0.011981 0.005834
v -0.026239 0.011984 0.006027
v -0.026210 0.011987 0.006216
v -0.026171 0.011992 0.006406
v -0.026121 0.011996 0.006599
v -0.026065 0.012000 0.006781
v -0.025992 0.012004 0.006985
v -0.025910 0.012005 0.007181
v -0.025809 0.012003 0.007397
v -0.025707 0.011997 0.007592
v -0.025581 0.011984 0.007813
v -0.025451 0.011963 0.008021
v -0.025335 0.011940 0.008195
v -0.025221 0.011911 0.008360
v -0.025085 0.011869 0.008546
v -0.024941 0.011815 0.008735
v -0.024814 0.011759 0.008896
v -0.024690 0.011697 0.009049
v -0.024569 0.011627 0.009195
v -0.024443 0.011545 0.009347
v -0.024326 0.011459 0.009488
v -0.024217 0.011368 0.009619
v -0.024113 0.011273 0.009744
v -0.024028 0.011185 0.009849
v -0.023934 0.011079 0.009966
v -0.023844 0.010965 0.010080
v -0.023762 0.010847 0.010188
v -0.023682 0.010719 0.010296
v -0.023608 0.010580 0.010401
v -0.023542 0.010438 0.010500
v -0.023496 0.010322 0.010574
v -0.023456 0.010203 0.010644
v -0.023425 0.010098 0.010701
v -0.023399 0.009992 0.010755
v -0.023378 0.009886 0.010804
v -0.023361 0.009779 0.010851
v -0.023348 0.009673 0.010893
v -0.023341 0.009566 0.010931
v -0.023337 0.009460 0.010966
v -0.023338 0.009354 0.010997
v -0.023344 0.009248 0.011024
v -0.023353 0.009144 0.011048
v -0.023367 0.009040 0.011067
v -0.023385 0.008937 0.011083
v -0.023407 0.008835 0.011096
v -0.023433 0.008734 0.011104
v -0.023463 0.008635 0.011109
v -0.023497 0.008537 0.011111
v -0.023535 0.008440 0.011108
v -0.023577 0.008346 0.011102
v -0.023623 0.008252 0.011093
v -0.023672 0.008161 0.011079
v -0.023726 0.008071 0.011062
v -0.023783 0.007984 0.011042
v -0.023843 0.007898 0.011017
v -0.023904 0.007819 0.010991
v -0.024023 0.007682 0.010934
v -0.024129 0.007574 0.010879
v -0.024222 0.007488 0.010828
v -0.024303 0.007421 0.010781
v -0.024443 0.007316 0.010696
v -0.024591 0.007221 0.010602
v -0.024667 0.007178 0.010552
v -0.024744 0.007137 0.010500
v -0.024860 0.007081 0.010420
v -0.024979 0.007032 0.010335
v -0.025081 0.006994 0.010259
v -0.025186 0.006961 0.010180
v -0.025330 0.006923 0.010067
v -0.025479 0.006893 0.009947
v -0.025630 0.006872 0.009820
v -0.025783 0.006860 0.009687
v -0.025935 0.006857 0.009549
v -0.026090 0.006863 0.009402
v -0.026248 0.006879 0.009244
v -0.026405 0.006905 0.009079
v -0.026559 0.006940 0.008905
v -0.026698 0.006980 0.008737
v -0.026836 0.007029 0.008558
v -0.026960 0.007081 0.008383
v -0.027082 0.007139 0.008196
v -0.027200 0.007203 0.007997
v -0.027315 0.007273 0.007781
v -0.027414 0.007341 0.007569
v -0.027500 0.007406 0.007360
v -0.027575 0.007467 0.007151
v -0.027639 0.007523 0.006939
v -0.027689 0.007570 0.006744
v -0.027729 0.007609 0.006558
v -0.027762 0.007642 0.006368
v -0.027788 0.007669 0.006178
v -0.027806 0.007689 0.005986
v -0.027818 0.007702 0.005795
v -0.027823 0.007708 0.005607
v -0.027822 0.007706 0.005409
v -0.027814 0.007697 0.005198
v -0.027798 0.007680 0.004980
v -0.027772 0.007653 0.004734
v -0.027727 0.007607 0.004421
v -0.027653 0.007536 0.004017
v -0.027548 0.007445 0.003550
v -0.027382 0.007319 0.002882
v -0.027287 0.007256 0.002484
v -0.027226 0.007218 0.002189
v -0.027188 0.007196 0.001957
v -0.027163 0.007182 0.001757
v -0.027147 0.007173 0.001555
v -0.027144 0.007171 0.001424
v -0.027146 0.007172 0.001304
v -0.027152 0.007176 0.001194
v -0.027175 0.007189 0.000998
v -0.027212 0.007210 0.000816
v -0.027262 0.007240 0.000644
v -0.027319 0.007276 0.000493
v -0.027367 0.007308 0.000387
v -0.027422 0.007347 0.000281
v -0.027486 0.007395 0.000171
v -0.027545 0.007442 0.000081
v -0.027602 0.007490 0.000000
v -0.027815 0.006655 0.000000
v -0.028003 0.005813 0.000000
v -0.028165 0.004966 0.000000
v -0.028328 0.003932 0.000000
v -0.028424 0.003168 0.000000
v -0.028499 0.002402 0.000000
v -0.028414 0.002433 0.000100
v -0.028334 0.002459 0.000204
v -0.028275 0.002477 0.000291
v -0.028220 0.002492 0.000381
v -0.028170 0.002504 0.000474
v -0.028125 0.002514 0.000570
v -0.028085 0.002523 0.000668
v -0.028051 0.002529 0.000770
v -0.028022 0.002535 0.000874
v -0.027998 0.002539 0.000983
v -0.027980 0.002542 0.001095
v -0.027967 0.002544 0.001211
v -0.027961 0.002545 0.001328
v -0.027960 0.002545 0.001447
v -0.027964 0.002544 0.001567
v -0.027981 0.002542 0.001763
v -0.028008 0.002537 0.001953
v -0.028049 0.002530 0.002168
v -0.028119 0.002516 0.002468
v -0.028289 0.002473 0.003068
v -0.028499 0.002402 0.003780
v -0.028612 0.002355 0.004218
v -0.028681 0.002324 0.004539
v -0.028727 0.002301 0.004813
v -0.028757 0.002286 0.005054
v -0.028774 0.002277 0.005272
v -0.028781 0.002273 0.005460
v -0.028781 0.002274 0.005646
v -0.028772 0.002278 0.005834
v -0.028755 0.002287 0.006027
v -0.028729 0.002300 0.006216
v -0.028694 0.002318 0.006406
v -0.028649 0.002339 0.006599
v -0.028598 0.002362 0.006781
v -0.028529 0.002390 0.006985
v -0.028453 0.002419 0.007181
v -0.028357 0.002452 0.007397
v -0.028260 0.002481 0.007592
v -0.028137 0.002512 0.007813
v -0.028008 0.002537 0.008021
v -0.027891 0.002554 0.008195
v -0.027773 0.002566 0.008360
v -0.027631 0.002573 0.008546
v -0.027477 0.002572 0.008735
v -0.027339 0.002563 0.008896
v -0.027201 0.002547 0.009049
v -0.027064 0.002523 0.009195
v -0.026918 0.002489 0.009347
v -0.026778 0.002448 0.009488
v -0.026644 0.002400 0.009619
v -0.026515 0.002346 0.009744
v -0.026404 0.002293 0.009849
v -0.026280 0.002225 0.009966
v -0.026156 0.002148 0.010080
v -0.026038 0.002066 0.010188
v -0.025920 0.001972 0.010296
v -0.025803 0.001868 0.010401
v 0.023636 0.015190 0.001759
v 0.024254 0.015587 0.004905
v 0.024258 0.015589 0.006116
v 0.018399 0.021234 0.001759
v 0.023936 0.015383 0.007419
v 0.023156 0.014881 0.008820
v 0.018880 0.021789 0.004905
v 0.011691 0.025599 0.000850
v 0.011672 0.025557 0.001759
v 0.018633 0.021503 0.007419
v 0.007929 0.027002 0.000850
v 0.007916 0.026958 0.001759
v 0.011977 0.026226 0.004905
v 0.011979 0.026229 0.006116
v 0.015938 0.010243 0.020360
v 0.011820 0.025882 0.007419
v 0.008123 0.027663 0.004905
v 0.011434 0.025038 0.008820
v 0.008124 0.027667 0.006116
v 0.000000 0.028096 0.001759
v 0.008016 0.027300 0.007419
v 0.007755 0.026410 0.008820
v 0.012407 0.014318 0.020360
v 0.000000 0.028831 0.004905
v -0.007929 0.027002 0.000850
v -0.007916 0.026958 0.001759
v -0.011691 0.025599 0.000850
v -0.011672 0.025557 0.001759
v 0.007870 0.017233 0.020360
v -0.008123 0.027663 0.004905
v -0.008124 0.027667 0.006116
v -0.008016 0.027300 0.007419
v -0.011977 0.026226 0.004905
v -0.007755 0.026410 0.008820
v -0.011979 0.026229 0.006116
v -0.018399 0.021234 0.001759
v 0.002696 0.018753 0.020360
v -0.011820 0.025882 0.007419
v -0.011434 0.025038 0.008820
v -0.018880 0.021789 0.004905
v -0.018883 0.021792 0.006116
v -0.023636 0.015190 0.001759
v -0.002696 0.018753 0.020360
v -0.018633 0.021503 0.007419
v -0.005338 0.018178 0.020360
v -0.024254 0.015587 0.004905
v -0.024258 0.015589 0.006116
v -0.023936 0.015383 0.007419
v -0.023156 0.014881 0.008820
v -0.027810 0.003998 0.001759
v -0.010243 0.015938 0.020360
v -0.028537 0.004103 0.004905
v -0.028542 0.004104 0.006116
v -0.027810 -0.003998 0.001759
v -0.014318 0.012407 0.020360
v -0.028163 0.004049 0.007419
v -0.027245 0.003917 0.008820
v -0.028537 -0.004103 0.004905
v -0.028542 -0.004104 0.006116
v -0.017233 0.007870 0.020360
v -0.028163 -0.004049 0.007419
v -0.027245 -0.003917 0.008820
v -0.023636 -0.015190 0.001759
v -0.018753 0.002696 0.020360
v -0.024254 -0.015587 0.004905
v -0.024258 -0.015589 0.006116
v -0.018399 -0.021234 0.001759
v -0.023936 -0.015383 0.007419
v -0.023156 -0.014881 0.008820
v -0.018753 -0.002696 0.020360
v -0.018880 -0.021789 0.004905
v -0.011691 -0.025599 0.000850
v -0.011672 -0.025557 0.001759
v -0.018633 -0.021503 0.007419
v -0.007929 -0.027002 0.000850
v -0.007916 -0.026958 0.001759
v -0.017233 -0.007870 0.020360
v -0.011977 -0.026226 0.004905
v -0.011979 -0.026229 0.006116
v -0.011820 -0.025882 0.007419
v -0.008123 -0.027663 0.004905
v -0.011434 -0.025038 0.008820
v -0.008124 -0.027667 0.006116
v 0.000000 -0.028096 0.001759
v -0.014318 -0.012407 0.020360
v -0.008016 -0.027300 0.007419
v -0.007755 -0.026410 0.008820
v 0.007916 -0.026958 0.001759
v -0.010243 -0.015938 0.020360
v 0.011691 -0.025599 0.000850
v 0.011672 -0.025557 0.001759
v 0.008123 -0.027663 0.004905
v 0.008124 -0.027667 0.006116
v -0.005338 -0.018178 0.020360
v 0.008016 -0.027300 0.007419
v 0.011977 -0.026226 0.004905
v 0.007755 -0.026410 0.008820
v 0.011979 -0.026229 0.006116
v 0.018399 -0.021234 0.001759
v 0.011820 -0.025882 0.007419
v 0.011434 -0.025038 0.008820
v 0.018880 -0.021789 0.004905
v 0.018883 -0.021792 0.006116
v 0.023636 -0.015190 0.001759
v 0.002696 -0.018753 0.020360
v 0.018633 -0.021503 0.007419
v 0.024254 -0.015587 0.004905
v 0.024258 -0.015589 0.006116
v 0.007870 -0.017233 0.020360
v 0.023936 -0.015383 0.007419
v 0.023156 -0.014881 0.008820
v 0.012407 -0.014318 0.020360
v 0.015938 -0.010243 0.020360
v 0.028305 0.002873 0.000189
v 0.028273 0.002878 0.000235
v 0.028227 0.003304 0.000235
v 0.028196 0.003308 0.000282
v 0.028166 0.003310 0.000330
v 0.028137 0.003312 0.000379
v 0.028109 0.003312 0.000430
v 0.028056 0.003736 0.000430
v 0.028029 0.003735 0.000482
v 0.027995 0.003334 0.000683
v 0.028004 0.003734 0.000536
v 0.027777 0.004101 0.001289
v 0.027774 0.004101 0.001407
v 0.027777 0.004102 0.001527
v 0.027662 0.004876 0.001153
v 0.027785 0.004101 0.001172
v 0.027668 0.004879 0.001095
v 0.027570 0.007026 0.000189
v 0.027633 0.006639 0.000235
v 0.027551 0.006601 0.000379
v 0.027642 0.006085 0.000430
v 0.027578 0.006612 0.000330
v 0.027656 0.004877 0.001211
v 0.027541 0.007010 0.000235
v 0.027605 0.006625 0.000282
v 0.027526 0.006591 0.000430
v 0.027592 0.006069 0.000536
v 0.027617 0.006077 0.000482
v 0.027653 0.004875 0.001269
v 0.027788 0.004103 0.001697
v 0.027650 0.004875 0.001328
v 0.027649 0.004875 0.001388
v 0.027447 0.006442 0.000683
v 0.027649 0.004875 0.001447
v 0.027812 0.004105 0.001890
v 0.027650 0.004876 0.001507
v 0.027517 0.005649 0.001134
v 0.027653 0.004876 0.001567
v 0.027507 0.005646 0.001250
v 0.027660 0.004879 0.001665
v 0.027847 0.004108 0.002096
v 0.027502 0.005645 0.001368
v 0.027670 0.004879 0.001763
v 0.027681 0.004884 0.001858
v 0.027503 0.005646 0.001487
v 0.027696 0.004884 0.001953
v 0.027906 0.004113 0.002367
v 0.027510 0.005649 0.001632
v 0.027713 0.004892 0.002060
v 0.027735 0.004890 0.002168
v 0.027530 0.005655 0.001826
v 0.027765 0.004906 0.002317
v 0.028037 0.004125 0.002865
v 0.027559 0.005665 0.002025
v 0.027803 0.004902 0.002468
v 0.027606 0.005681 0.002267
v 0.027875 0.004944 0.002765
v 0.027966 0.004931 0.003068
v 0.028232 0.004135 0.003538
v 0.027699 0.005720 0.002665
v 0.028059 0.004992 0.003419
v 0.028376 0.004126 0.004071
v 0.028165 0.004966 0.003780
v 0.027871 0.005786 0.003301
v 0.028458 0.004119 0.004431
v 0.028216 0.005004 0.003997
v 0.028510 0.004114 0.004721
v 0.028273 0.004985 0.004218
v 0.025612 0.012380 0.000194
v 0.025576 0.012373 0.000247
v 0.028303 0.005009 0.004378
v 0.028545 0.004110 0.004973
v 0.028036 0.005839 0.003924
v 0.028337 0.004997 0.004539
v 0.025386 0.012757 0.000247
v 0.028566 0.004107 0.005199
v 0.025339 0.012745 0.000322
v 0.028358 0.005014 0.004675
v 0.025293 0.012731 0.000406
v 0.028381 0.005004 0.004813
v 0.028576 0.004105 0.005397
v 0.028126 0.005870 0.004324
v 0.028395 0.005016 0.004933
v 0.028578 0.004104 0.005583
v 0.028409 0.005009 0.005054
v 0.028417 0.005016 0.005163
v 0.028181 0.005891 0.004630
v 0.028573 0.004103 0.005771
v 0.028426 0.005012 0.005272
v 0.028429 0.005015 0.005366
v 0.028559 0.004103 0.005962
v 0.028432 0.005013 0.005460
v 0.028218 0.005904 0.004893
v 0.028433 0.005013 0.005552
v 0.028537 0.004103 0.006153
v 0.028432 0.005013 0.005645
v 0.028242 0.005913 0.005126
v 0.028429 0.005010 0.005740
v 0.028506 0.004104 0.006343
v 0.024910 0.013073 0.000894
v 0.028424 0.005012 0.005834
v 0.028254 0.005917 0.005334
v 0.028418 0.005006 0.005930
v 0.028465 0.004105 0.006535
v 0.028408 0.005009 0.006027
v 0.028398 0.005000 0.006121
v 0.028259 0.005918 0.005522
v 0.028417 0.004106 0.006720
v 0.028383 0.005005 0.006216
v 0.024608 0.013616 0.000928
v 0.024630 0.013621 0.000838
v 0.028370 0.004992 0.006311
v 0.028256 0.005916 0.005708
v 0.028357 0.004107 0.006916
v 0.024591 0.013609 0.001026
v 0.028350 0.004999 0.006406
v 0.024583 0.013606 0.001081
v 0.028332 0.004983 0.006502
v 0.028246 0.005910 0.005898
v 0.028285 0.004108 0.007115
v 0.028308 0.004991 0.006599
v 0.028287 0.004974 0.006690
v 0.028228 0.005901 0.006090
v 0.028198 0.004107 0.007324
v 0.028259 0.004983 0.006781
v 0.028231 0.004961 0.006882
v 0.028203 0.005889 0.006279
v 0.024869 0.013060 0.001699
v 0.023530 0.015994 0.000189
v 0.028103 0.004107 0.007527
v 0.023509 0.015969 0.000235
v 0.023718 0.015456 0.000418
v 0.028195 0.004971 0.006985
v 0.028163 0.004948 0.007082
v 0.028168 0.005873 0.006470
v 0.024885 0.013063 0.001833
v 0.027991 0.004103 0.007739
v 0.028122 0.004959 0.007181
v 0.024569 0.013599 0.001597
v 0.024566 0.013597 0.001535
v 0.028126 0.005855 0.006659
v 0.028082 0.004931 0.007288
v 0.024574 0.013601 0.001663
v 0.027866 0.004099 0.007951
v 0.028031 0.004943 0.007397
v 0.024584 0.013604 0.001765
v 0.028075 0.005833 0.006848
v 0.027989 0.004916 0.007494
v 0.023428 0.015698 0.000661
v 0.027747 0.004093 0.008137
v 0.024597 0.013607 0.001864
v 0.027937 0.004926 0.007592
v 0.028011 0.005808 0.007050
v 0.027884 0.004896 0.007702
v 0.027631 0.004086 0.008305
v 0.024615 0.013610 0.001977
v 0.027819 0.004905 0.007812
v 0.027935 0.005778 0.007252
v 0.027499 0.004074 0.008483
v 0.027762 0.004877 0.007916
v 0.027696 0.004883 0.008021
v 0.027846 0.005747 0.007462
v 0.027351 0.004058 0.008672
v 0.027643 0.004860 0.008108
v 0.023620 0.015180 0.001297
v 0.023357 0.015615 0.001087
v 0.027583 0.004864 0.008195
v 0.024688 0.013617 0.002312
v 0.027208 0.004042 0.008842
v 0.027748 0.005713 0.007665
v 0.027528 0.004843 0.008277
v 0.027468 0.004843 0.008360
v 0.027070 0.004023 0.008997
v 0.027402 0.004821 0.008452
v 0.027631 0.005676 0.007882
v 0.027329 0.004819 0.008546
v 0.026933 0.004001 0.009146
v 0.027256 0.004799 0.008640
v 0.023743 0.000641 0.012080
v 0.023795 0.000703 0.012039
v 0.027513 0.005642 0.008079
v 0.023852 0.000762 0.011994
v 0.026790 0.003976 0.009296
v 0.027178 0.004792 0.008735
v 0.027112 0.004778 0.008815
v 0.026647 0.003948 0.009440
v 0.027402 0.005612 0.008250
v 0.027042 0.004768 0.008895
v 0.026511 0.003918 0.009575
v 0.026974 0.004758 0.008972
v 0.027281 0.005580 0.008421
v 0.026905 0.004744 0.009049
v 0.026379 0.003887 0.009702
v 0.026837 0.004738 0.009122
v 0.026261 0.003855 0.009814
v 0.026769 0.004720 0.009195
v 0.025027 0.013479 0.003168
v 0.027140 0.005547 0.008608
v 0.026140 0.003823 0.009927
v 0.026695 0.004717 0.009271
v 0.024239 0.014520 0.002560
v 0.026622 0.004694 0.009346
v 0.026014 0.003786 0.010042
v 0.026995 0.005516 0.008788
v 0.026550 0.004696 0.009417
v 0.025892 0.003746 0.010152
v 0.026481 0.004669 0.009487
v 0.025772 0.003704 0.010260
v 0.026858 0.005489 0.008946
v 0.026411 0.004675 0.009553
v 0.024565 0.014194 0.002978
v 0.025653 0.003659 0.010366
v 0.026346 0.004645 0.009619
v 0.025538 0.003610 0.010467
v 0.026277 0.004655 0.009681
v 0.026722 0.005465 0.009097
v 0.025438 0.003553 0.010556
v 0.026214 0.004622 0.009744
v 0.026154 0.004634 0.009797
v 0.026101 0.004602 0.009849
v 0.026581 0.005443 0.009245
v 0.026033 0.004619 0.009907
v 0.025974 0.004580 0.009966
v 0.026436 0.005423 0.009393
v 0.025904 0.004601 0.010023
v 0.024668 0.014208 0.003309
v 0.025846 0.004557 0.010080
v 0.025779 0.004582 0.010134
v 0.026295 0.005406 0.009531
v 0.024285 0.002860 0.011540
v 0.025723 0.004536 0.010188
v 0.025462 0.013228 0.004150
v 0.025655 0.004566 0.010242
v 0.025600 0.004514 0.010296
v 0.026158 0.005392 0.009661
v 0.025531 0.004550 0.010348
v 0.025477 0.004492 0.010401
v 0.026030 0.005381 0.009779
v 0.025411 0.004533 0.010451
v 0.025361 0.004471 0.010500
v 0.025264 0.004441 0.010584
v 0.025310 0.004507 0.010537
v 0.025909 0.005375 0.009888
v 0.024734 0.014297 0.003667
v 0.025535 0.013225 0.004446
v 0.025214 0.004480 0.010619
v 0.025778 0.005370 0.010004
v 0.025648 0.005368 0.010116
v 0.025157 0.013831 0.004215
v 0.025586 0.013221 0.004686
v 0.022614 0.002176 0.012872
v 0.025520 0.005370 0.010224
v 0.024262 0.014977 0.003464
v 0.025391 0.005375 0.010331
v 0.025618 0.013218 0.004873
v 0.025216 0.013829 0.004457
v 0.025264 0.005384 0.010434
v 0.023585 0.003418 0.012019
v 0.025639 0.013217 0.005027
v 0.025152 0.005389 0.010525
v 0.019822 0.020386 0.000213
v 0.025260 0.013825 0.004662
v 0.025054 0.005391 0.010604
v 0.025653 0.013217 0.005170
v 0.024597 0.014737 0.004069
v 0.019787 0.020364 0.000274
v 0.025289 0.013823 0.004820
v 0.021753 0.002168 0.013542
v 0.025307 0.013821 0.004943
v 0.022837 0.003309 0.012598
v 0.022793 0.003341 0.012628
v 0.019477 0.020660 0.000274
v 0.025320 0.013822 0.005051
v 0.022751 0.003375 0.012656
v 0.022712 0.003410 0.012681
v 0.025330 0.013823 0.005155
v 0.025664 0.013220 0.005708
v 0.022281 0.003345 0.013018
v 0.023465 0.004585 0.011959
v 0.025658 0.013218 0.005838
v 0.022244 0.003381 0.013041
v 0.025647 0.013217 0.005965
v 0.021924 0.003332 0.013294
v 0.025631 0.013218 0.006093
v 0.021890 0.003369 0.013316
v 0.021858 0.003406 0.013336
v 0.023013 0.004663 0.012288
v 0.023407 0.004628 0.011997
v 0.023351 0.004673 0.012032
v 0.025339 0.013828 0.005759
v 0.025610 0.013219 0.006220
v 0.021620 0.003369 0.013526
v 0.021243 0.002143 0.013951
v 0.025334 0.013825 0.005860
v 0.025005 0.014431 0.005469
v 0.025584 0.013222 0.006346
v 0.025326 0.013823 0.005955
v 0.025554 0.013226 0.006471
v 0.025315 0.013822 0.006051
v 0.025301 0.013823 0.006147
v 0.025520 0.013230 0.006596
v 0.025285 0.013825 0.006241
v 0.019111 0.020598 0.001070
v 0.025265 0.013827 0.006335
v 0.025243 0.013830 0.006427
v 0.025217 0.013835 0.006523
v 0.025345 0.013166 0.007169
v 0.024288 0.015609 0.005500
v 0.025282 0.013161 0.007309
v 0.025213 0.013156 0.007449
v 0.016975 0.022793 0.000235
v 0.025037 0.013736 0.007178
v 0.025140 0.013147 0.007589
v 0.024822 0.014375 0.006817
v 0.024989 0.013731 0.007284
v 0.025061 0.013136 0.007731
v 0.016641 0.023077 0.000189
v 0.024939 0.013726 0.007389
v 0.016629 0.023046 0.000235
v 0.016962 0.022764 0.000282
v 0.016949 0.022737 0.000330
v 0.024981 0.013120 0.007868
v 0.024886 0.013720 0.007494
v 0.024830 0.013712 0.007599
v 0.024772 0.013701 0.007705
v 0.024716 0.013689 0.007804
v 0.017319 0.022124 0.001087
v 0.024615 0.012950 0.008465
v 0.024146 0.015518 0.006756
v 0.017837 0.001104 0.018662
v 0.017879 0.000865 0.018868
v 0.017863 0.000864 0.018774
v 0.024303 0.013461 0.008506
v 0.024234 0.014121 0.008136
v 0.018053 0.000873 0.019373
v 0.018137 0.000605 0.019505
v 0.018099 0.000604 0.019440
v 0.024232 0.013436 0.008600
v 0.018313 0.000611 0.019760
v 0.024165 0.013409 0.008689
v 0.018667 0.000311 0.020130
v 0.018363 0.000612 0.019822
v 0.018736 0.000312 0.020191
v 0.024096 0.013377 0.008779
v 0.018416 0.000614 0.019884
v 0.018809 0.000314 0.020253
v 0.018473 0.000616 0.019945
v 0.024032 0.013344 0.008862
v 0.018885 0.000315 0.020315
v 0.018532 0.000618 0.020007
v 0.023966 0.013305 0.008949
v 0.018984 0.000316 0.020391
v 0.018594 0.000620 0.020068
v 0.023904 0.013262 0.009031
v 0.018002 0.001308 0.019322
v 0.018020 0.000872 0.019305
v 0.017990 0.000870 0.019236
v 0.018902 0.000473 0.020331
v 0.018351 0.000918 0.019823
v 0.018265 0.000609 0.019697
v 0.023847 0.013215 0.009109
v 0.019896 0.005780 0.014479
v 0.018961 0.000474 0.020376
v 0.018393 0.000920 0.019871
v 0.018041 0.001310 0.019402
v 0.023795 0.013167 0.009181
v 0.019022 0.000476 0.020422
v 0.018435 0.000923 0.019919
v 0.023747 0.013117 0.009250
v 0.018073 0.001313 0.019459
v 0.019086 0.000477 0.020467
v 0.023704 0.013063 0.009315
v 0.018479 0.000925 0.019966
v 0.019151 0.000479 0.020513
v 0.018524 0.000927 0.020012
v 0.018571 0.000929 0.020058
v 0.019251 0.000481 0.020580
v 0.018619 0.000932 0.020104
v 0.019341 0.000484 0.020637
v 0.018668 0.000934 0.020150
v 0.017783 0.002018 0.018855
v 0.017820 0.001658 0.018855
v 0.017762 0.002016 0.018713
v 0.018247 0.001325 0.019724
v 0.018210 0.001323 0.019674
v 0.018720 0.000937 0.020195
v 0.023612 0.015174 0.008107
v 0.018286 0.001328 0.019774
v 0.018773 0.000940 0.020240
v 0.018906 0.021225 0.003161
v 0.023314 0.012552 0.009872
v 0.019737 0.006137 0.014522
v 0.019856 0.005824 0.014502
v 0.018326 0.001331 0.019823
v 0.018828 0.000942 0.020286
v 0.018885 0.000945 0.020331
v 0.023207 0.012467 0.009993
v 0.023103 0.012382 0.010109
v 0.023011 0.012309 0.010209
v 0.019201 0.000961 0.020558
v 0.022927 0.012250 0.010296
v 0.018228 0.021739 0.002973
v 0.019551 0.006545 0.014566
v 0.019668 0.006231 0.014554
v 0.019701 0.006184 0.014539
v 0.022963 0.013265 0.009835
v 0.023065 0.013814 0.009492
v 0.018719 0.001532 0.020228
v 0.022918 0.013204 0.009898
v 0.022847 0.013197 0.009956
v 0.022806 0.013133 0.010016
v 0.018320 0.021788 0.003305
v 0.022733 0.013129 0.010074
v 0.022696 0.013065 0.010130
v 0.022623 0.013065 0.010184
v 0.022599 0.013016 0.010224
v 0.022524 0.013021 0.010277
v 0.022501 0.012972 0.010315
v 0.022486 0.013880 0.009921
v 0.018521 0.021807 0.003820
v 0.022364 0.013826 0.010038
v 0.022244 0.013777 0.010149
v 0.022130 0.013745 0.010248
v 0.011653 0.025935 0.000215
v 0.011627 0.025902 0.000277
v 0.017618 0.022589 0.003959
v 0.011235 0.026075 0.000277
v 0.017194 0.022894 0.003899
v 0.011124 0.026033 0.000418
v 0.019151 0.009548 0.013913
v 0.020560 0.009371 0.012968
v 0.020048 0.010047 0.013100
v 0.017636 0.022685 0.004332
v 0.019134 0.009589 0.013909
v 0.020020 0.010136 0.013088
v 0.020010 0.010182 0.013079
v 0.020033 0.010091 0.013095
v 0.019995 0.010276 0.013056
v 0.019991 0.010321 0.013042
v 0.019990 0.010405 0.013013
v 0.020001 0.010229 0.013069
v 0.010730 0.026198 0.000418
v 0.018907 0.021820 0.005500
v 0.011729 0.025533 0.001074
v 0.019641 0.021012 0.006523
v 0.018082 0.022507 0.005487
v 0.018883 0.021792 0.006116
v 0.017653 0.022829 0.005180
v 0.018352 0.010028 0.014314
v 0.019995 0.010476 0.012985
v 0.020126 0.010888 0.012746
v 0.020160 0.010947 0.012702
v 0.020003 0.010535 0.012958
v 0.020012 0.010584 0.012934
v 0.020078 0.010789 0.012815
v 0.020096 0.010829 0.012788
v 0.020061 0.010748 0.012841
v 0.020033 0.010666 0.012890
v 0.019323 0.021199 0.006817
v 0.010486 0.026081 0.000999
v 0.018796 0.021692 0.006756
v 0.018998 0.012905 0.012681
v 0.017657 0.022835 0.005785
v 0.018915 0.012900 0.012737
v 0.016825 0.010813 0.015120
v 0.009878 0.026305 0.001074
v 0.009835 0.026368 0.000850
v 0.017653 0.022830 0.005879
v 0.018834 0.012900 0.012788
v 0.010512 0.026034 0.001493
v 0.018771 0.012903 0.012827
v 0.018709 0.012911 0.012863
v 0.018629 0.012925 0.012907
v 0.007744 0.027376 0.000189
v 0.010477 0.026058 0.001645
v 0.018554 0.012944 0.012946
v 0.007744 0.027344 0.000235
v 0.008019 0.027150 0.000418
v 0.018481 0.012969 0.012981
v 0.018412 0.012999 0.013012
v 0.017645 0.022736 0.006445
v 0.018347 0.013033 0.013038
v 0.017998 0.022330 0.006832
v 0.009871 0.026286 0.001528
v 0.017645 0.022708 0.006545
v 0.018285 0.013071 0.013060
v 0.010495 0.026082 0.001900
v 0.009872 0.026289 0.001589
v 0.010563 0.026100 0.002139
v 0.009819 0.026325 0.001759
v 0.007642 0.027146 0.000661
v 0.017217 0.023010 0.006623
v 0.018380 0.021212 0.008107
v 0.018025 0.020802 0.008820
v 0.009899 0.026326 0.001971
v 0.009917 0.026347 0.002116
v 0.018444 0.019807 0.009315
v 0.018424 0.019741 0.009377
v 0.018409 0.019673 0.009436
v 0.007642 0.027037 0.001087
v 0.010432 0.026273 0.002609
v 0.007910 0.026940 0.001297
v 0.017657 0.021792 0.008136
v 0.017422 0.022243 0.007803
v 0.017306 0.014342 0.013060
v 0.009657 0.026531 0.002475
v 0.017245 0.014380 0.013077
v 0.009075 0.026675 0.002232
v 0.017188 0.014422 0.013090
v 0.017135 0.014468 0.013099
v 0.017085 0.014517 0.013103
v 0.009692 0.026573 0.002673
v 0.017040 0.014570 0.013104
v 0.010507 0.026412 0.003163
v 0.017132 0.021872 0.008505
v 0.016998 0.014626 0.013100
v 0.016961 0.014686 0.013091
v 0.015115 0.013097 0.015120
v 0.016928 0.014748 0.013079
v 0.017474 0.019537 0.010109
v 0.016900 0.014813 0.013062
v 0.017413 0.019437 0.010209
v 0.016876 0.014880 0.013042
v 0.016855 0.014961 0.013013
v 0.017282 0.020380 0.009649
v 0.017355 0.019352 0.010296
v 0.016843 0.015030 0.012984
v 0.009694 0.026662 0.002974
v 0.016785 0.021433 0.009151
v 0.008919 0.026880 0.002803
v 0.016733 0.021395 0.009216
v 0.009764 0.026740 0.003306
v 0.016679 0.021361 0.009277
v 0.016858 0.020039 0.010130
v 0.016871 0.020113 0.010074
v 0.016630 0.021335 0.009329
v 0.016791 0.020015 0.010184
v 0.016784 0.019961 0.010224
v 0.016572 0.021307 0.009386
v 0.016712 0.019940 0.010277
v 0.016708 0.019885 0.010315
v 0.016510 0.021283 0.009442
v 0.010861 0.026557 0.004147
v 0.009757 0.026851 0.003664
v 0.016190 0.020554 0.010149
v 0.008958 0.027068 0.003462
v 0.016095 0.020485 0.010248
v 0.010167 0.026847 0.004212
v 0.010807 0.026680 0.004603
v 0.011994 0.026262 0.005500
v 0.015850 0.009078 0.019684
v 0.016031 0.008755 0.019684
v 0.015846 0.008654 0.019335
v 0.010214 0.026884 0.004454
v 0.002082 0.028363 0.000206
v 0.002069 0.028325 0.000263
v 0.009225 0.027149 0.004067
v 0.016106 0.009225 0.020026
v 0.001642 0.028353 0.000263
v 0.015854 0.009442 0.019913
v 0.016440 0.009416 0.020360
v 0.016485 0.008784 0.020138
v 0.010075 0.027013 0.004905
v 0.016741 0.009510 0.020577
v 0.016246 0.009747 0.020360
v 0.010729 0.026801 0.005703
v 0.011923 0.026109 0.006756
v 0.016145 0.009913 0.020360
v 0.015615 0.010035 0.020026
v 0.015366 0.009875 0.019684
v 0.009441 0.027278 0.005299
v 0.010090 0.027051 0.005500
v 0.010077 0.027017 0.006116
v 0.015730 0.010559 0.020360
v 0.015624 0.010715 0.020360
v 0.010642 0.026582 0.006974
v 0.008134 0.027702 0.005500
v -0.001740 0.028366 0.000235
v 0.009406 0.027177 0.006540
v 0.010030 0.026893 0.006756
v -0.002132 0.028371 0.000189
v 0.010561 0.026283 0.007674
v -0.002121 0.028340 0.000235
v -0.001731 0.028336 0.000282
v 0.009943 0.026659 0.007419
v 0.009925 0.026453 0.007804
v 0.012367 0.019026 0.012893
v 0.012315 0.019017 0.012920
v 0.010396 0.025798 0.008465
v 0.012263 0.019011 0.012946
v 0.012212 0.019007 0.012970
v 0.010347 0.025715 0.008586
v 0.012162 0.019006 0.012992
v 0.012112 0.019007 0.013012
v 0.012063 0.019011 0.013030
v 0.010813 0.016825 0.015120
v 0.008086 0.027540 0.006756
v 0.012015 0.019017 0.013045
v 0.014578 0.012100 0.020360
v 0.015065 0.011990 0.020577
v 0.014820 0.011802 0.020360
v 0.011967 0.019026 0.013059
v 0.011921 0.019037 0.013072
v 0.011875 0.019050 0.013082
v 0.014492 0.012203 0.020360
v 0.014318 0.012407 0.020360
v 0.011831 0.019065 0.013090
v 0.009759 0.026012 0.008506
v 0.011787 0.019082 0.013096
v 0.011744 0.019102 0.013101
v 0.009721 0.025946 0.008600
v 0.011703 0.019123 0.013103
v 0.009208 0.026493 0.008137
v 0.011663 0.019147 0.013104
v 0.009687 0.025882 0.008689
v 0.010148 0.025154 0.009255
v 0.011624 0.019172 0.013103
v 0.011586 0.019200 0.013100
v 0.010136 0.025058 0.009349
v 0.011550 0.019229 0.013095
v 0.009619 0.025790 0.008820
v 0.009604 0.025674 0.008949
v 0.009584 0.025601 0.009031
v 0.014157 0.012590 0.020360
v 0.009571 0.025529 0.009109
v 0.009562 0.025458 0.009181
v 0.014076 0.012681 0.020360
v 0.009559 0.025389 0.009250
v 0.009820 0.024733 0.009750
v 0.009792 0.024601 0.009872
v 0.000845 0.028417 0.003178
v 0.009764 0.024467 0.009993
v 0.009739 0.024335 0.010109
v -0.000020 0.028340 0.002868
v 0.009715 0.024221 0.010209
v 0.007907 0.026930 0.008107
v 0.009689 0.024121 0.010296
v 0.009148 0.025101 0.009653
v 0.014045 0.013169 0.020577
v 0.013816 0.012963 0.020360
v 0.009104 0.024969 0.009782
v 0.009105 0.025045 0.009716
v 0.009064 0.024922 0.009835
v 0.008705 0.025566 0.009372
v 0.009068 0.024846 0.009898
v 0.009019 0.024795 0.009956
v 0.009028 0.024720 0.010016
v 0.008975 0.024670 0.010074
v 0.008988 0.024597 0.010130
v 0.008932 0.024551 0.010184
v 0.008945 0.024497 0.010224
v 0.010149 0.020004 0.013095
v 0.000047 0.028505 0.003438
v 0.010112 0.020033 0.013088
v 0.010076 0.020063 0.013079
v 0.008884 0.024453 0.010277
v 0.008899 0.024400 0.010315
v 0.010042 0.020096 0.013068
v 0.008408 0.025324 0.009683
v 0.010009 0.020130 0.013056
v 0.009979 0.020165 0.013042
v 0.008833 0.024358 0.010368
v 0.008356 0.025204 0.009804
v 0.009840 0.020388 0.012934
v 0.008308 0.018193 0.015120
v 0.009862 0.020343 0.012958
v 0.009751 0.020701 0.012746
v 0.009928 0.020231 0.013013
v 0.009782 0.020549 0.012841
v 0.009808 0.020467 0.012890
v 0.009890 0.020291 0.012985
v 0.009762 0.020635 0.012788
v 0.009771 0.020592 0.012815
v 0.008303 0.025086 0.009921
v 0.008244 0.024967 0.010038
v 0.008184 0.024852 0.010149
v 0.000031 0.028635 0.003912
v 0.008118 0.024754 0.010248
v 0.012856 0.013916 0.020360
v 0.008046 0.024659 0.010344
v 0.012708 0.014051 0.020360
v -0.007744 0.027359 0.000213
v -0.001251 0.028619 0.003959
v -0.008019 0.027150 0.000418
v -0.007640 0.027155 0.000638
v 0.012128 0.014554 0.020360
v 0.000921 0.028856 0.005470
v 0.011988 0.014671 0.020360
v -0.007642 0.027039 0.001070
v 0.000000 0.028871 0.005500
v 0.000000 0.028835 0.006116
v 0.001312 0.028733 0.006523
v -0.007910 0.026940 0.001297
v -0.000921 0.028857 0.005487
v 0.000872 0.028671 0.006817
v 0.011098 0.015733 0.020577
v 0.006023 0.022088 0.012737
v 0.000000 0.028702 0.006756
v 0.000000 0.028453 0.007419
v 0.010595 0.015706 0.020360
v 0.010911 0.015488 0.020360
v -0.011124 0.026033 0.000418
v -0.010730 0.026198 0.000418
v -0.011233 0.026072 0.000282
v -0.011665 0.025950 0.000189
v -0.011252 0.026097 0.000235
v 0.010478 0.015784 0.020360
v 0.010243 0.015938 0.020360
v 0.005859 0.021963 0.012863
v 0.005961 0.022036 0.012788
v 0.005911 0.021998 0.012827
v -0.011644 0.025924 0.000235
v 0.005813 0.021935 0.012893
v 0.005635 0.019190 0.015120
v 0.005766 0.021910 0.012920
v 0.005719 0.021888 0.012946
v 0.005672 0.021869 0.012970
v 0.005624 0.021852 0.012992
v 0.005576 0.021838 0.013012
v -0.010489 0.026086 0.000969
v -0.009881 0.026311 0.001029
v -0.009835 0.026368 0.000850
v -0.009877 0.026303 0.001087
v 0.005529 0.021826 0.013030
v -0.000881 0.028686 0.006764
v 0.005481 0.021817 0.013045
v 0.005433 0.021810 0.013059
v 0.010048 0.016061 0.020360
v 0.005385 0.021806 0.013072
v 0.000778 0.028037 0.008137
v 0.005338 0.021804 0.013082
v -0.010518 0.026048 0.001128
v 0.009950 0.016122 0.020360
v -0.009871 0.026286 0.001542
v -0.009074 0.026675 0.002231
v 0.000000 0.028067 0.008107
v 0.000000 0.027525 0.008820
v -0.010512 0.026035 0.001510
v 0.009789 0.016579 0.020577
v 0.009621 0.016320 0.020360
v 0.001160 0.027104 0.009250
v -0.009898 0.026325 0.001962
v -0.009819 0.026325 0.001759
v 0.001183 0.027039 0.009315
v -0.010477 0.026059 0.001654
v -0.009872 0.026290 0.001602
v 0.001211 0.026976 0.009377
v 0.001243 0.026914 0.009436
v -0.008897 0.026831 0.002607
v -0.009917 0.026346 0.002109
v -0.010495 0.026082 0.001894
v -0.000778 0.028037 0.008136
v -0.009656 0.026531 0.002474
v 0.005410 0.018425 0.015921
v 0.006711 0.017992 0.015921
v 0.003769 0.022129 0.013082
v -0.010562 0.026099 0.002129
v -0.009657 0.026586 0.002672
v 0.003722 0.022126 0.013090
v -0.008928 0.026986 0.003162
v 0.003675 0.022126 0.013096
v 0.003628 0.022128 0.013101
v 0.003582 0.022132 0.013103
v 0.003536 0.022139 0.013104
v 0.000828 0.026198 0.010109
v 0.003490 0.022147 0.013103
v 0.003445 0.022159 0.013100
v 0.000845 0.026083 0.010209
v 0.003400 0.022172 0.013095
v 0.003356 0.022188 0.013088
v 0.000855 0.025980 0.010296
v 0.003313 0.022206 0.013079
v 0.008433 0.016965 0.020360
v 0.003270 0.022226 0.013068
v 0.002846 0.019796 0.015120
v -0.009713 0.026655 0.002973
v 0.003228 0.022248 0.013056
v -0.000003 0.026721 0.009649
v 0.003189 0.022272 0.013042
v 0.003120 0.022319 0.013013
v 0.003065 0.022364 0.012985
v 0.003022 0.022405 0.012958
v 0.008246 0.017057 0.020360
v -0.010445 0.026324 0.002802
v -0.009709 0.026759 0.003305
v -0.000004 0.026252 0.010074
v 0.000033 0.026187 0.010130
v -0.000003 0.026125 0.010184
v 0.000027 0.026079 0.010224
v -0.001169 0.027076 0.009277
v -0.000015 0.026017 0.010277
v 0.000017 0.025972 0.010315
v -0.001189 0.027024 0.009329
v -0.001215 0.026966 0.009386
v -0.001246 0.026908 0.009442
v -0.009785 0.026840 0.003663
v -0.009244 0.027142 0.004066
v 0.007549 0.017377 0.020360
v -0.000809 0.026153 0.010149
v -0.010537 0.026493 0.003462
v 0.007387 0.017446 0.020360
v -0.000838 0.026038 0.010248
v -0.016635 0.023061 0.000213
v -0.016619 0.023023 0.000273
v -0.008134 0.027702 0.005500
v -0.010191 0.026866 0.004332
v -0.016965 0.022770 0.000273
v -0.016943 0.022723 0.000355
v -0.010233 0.026897 0.004558
v -0.010891 0.026581 0.004294
v -0.010075 0.027013 0.004905
v -0.010819 0.026688 0.004673
v 0.006242 0.018214 0.020577
v 0.006619 0.017467 0.020138
v 0.006124 0.017929 0.020360
v -0.009442 0.027281 0.005703
v -0.008086 0.027540 0.006756
v 0.005759 0.018049 0.020360
v -0.010090 0.027051 0.005500
v 0.005619 0.018093 0.020360
v 0.005338 0.018178 0.020360
v -0.010728 0.026798 0.005299
v -0.001132 0.022939 0.012681
v 0.000000 0.020000 0.015120
v 0.001145 0.022912 0.012702
v 0.005129 0.018238 0.020360
v -0.010077 0.027017 0.006116
v 0.005024 0.018267 0.020360
v -0.009365 0.027058 0.006974
v -0.019499 0.020675 0.000235
v -0.007907 0.026930 0.008107
v 0.004747 0.018659 0.020577
v 0.004653 0.018365 0.020360
v -0.019837 0.020395 0.000189
v -0.019809 0.020379 0.000235
v -0.011994 0.026262 0.005500
v -0.010688 0.026699 0.006540
v -0.010030 0.026893 0.006756
v -0.019202 0.020654 0.000661
v -0.009943 0.026659 0.007419
v -0.019109 0.020597 0.001087
v -0.009189 0.026461 0.008191
v -0.003004 0.022423 0.012946
v -0.003040 0.022387 0.012970
v -0.003078 0.022353 0.012992
v -0.003116 0.022322 0.013012
v -0.003156 0.022293 0.013030
v -0.003197 0.022266 0.013045
v -0.003239 0.022242 0.013059
v -0.002846 0.019796 0.015120
v -0.003281 0.022220 0.013072
v -0.010561 0.026283 0.007674
v -0.009925 0.026453 0.007803
v -0.011923 0.026109 0.006756
v -0.003324 0.022200 0.013082
v 0.003120 0.018687 0.020360
v 0.003331 0.018650 0.020360
v -0.003368 0.022183 0.013090
v -0.003412 0.022168 0.013096
v -0.003457 0.022155 0.013101
v -0.003503 0.022145 0.013103
v -0.003549 0.022137 0.013104
v -0.003595 0.022131 0.013103
v -0.010520 0.026104 0.007987
v -0.009898 0.026413 0.007883
v -0.003641 0.022127 0.013100
v -0.003688 0.022126 0.013095
v -0.009726 0.025955 0.008588
v -0.003735 0.022127 0.013088
v -0.003782 0.022130 0.013079
v -0.009690 0.025887 0.008682
v -0.008691 0.025571 0.009372
v -0.009619 0.025790 0.008820
v -0.008376 0.025259 0.009750
v -0.009608 0.025687 0.008934
v -0.008312 0.025140 0.009872
v -0.009590 0.025623 0.009007
v -0.017621 0.022320 0.003207
v -0.009575 0.025555 0.009082
v -0.008247 0.025019 0.009993
v 0.002360 0.018798 0.020360
v -0.010352 0.025724 0.008574
v -0.009565 0.025488 0.009151
v -0.008182 0.024902 0.010109
v -0.010279 0.025618 0.008728
v -0.009560 0.025423 0.009216
v -0.008126 0.024799 0.010209
v -0.018235 0.021703 0.002892
v 0.002192 0.018818 0.020360
v -0.008082 0.024706 0.010296
v -0.009127 0.025109 0.009653
v -0.009076 0.024980 0.009782
v -0.009124 0.025039 0.009716
v -0.009076 0.024918 0.009835
v -0.009024 0.024863 0.009898
v -0.009029 0.024792 0.009956
v -0.008974 0.024740 0.010016
v -0.010154 0.025192 0.009216
v -0.008982 0.024667 0.010074
v -0.008925 0.024620 0.010130
v -0.010141 0.025102 0.009306
v -0.008938 0.024549 0.010184
v -0.008894 0.024516 0.010224
v -0.018288 0.021872 0.003458
v -0.008912 0.024443 0.010277
v -0.008867 0.024412 0.010315
v -0.009837 0.024804 0.009683
v -0.008891 0.024337 0.010368
v -0.005351 0.021804 0.013079
v -0.009799 0.024678 0.009804
v -0.005398 0.021807 0.013068
v -0.009764 0.024554 0.009921
v -0.017638 0.022695 0.004374
v -0.005817 0.021938 0.012890
v -0.005635 0.019190 0.015120
v -0.005741 0.021898 0.012934
v -0.006061 0.022125 0.012702
v -0.005446 0.021812 0.013056
v -0.005572 0.021837 0.013013
v -0.005490 0.021818 0.013042
v -0.005640 0.021857 0.012985
v -0.005696 0.021878 0.012958
v -0.005890 0.021983 0.012841
v -0.009733 0.024425 0.010038
v -0.005926 0.022009 0.012815
v -0.005961 0.022036 0.012788
v -0.006012 0.022079 0.012746
v -0.009705 0.024299 0.010149
v -0.009693 0.024181 0.010248
v -0.018499 0.021862 0.003926
v -0.009687 0.024062 0.010344
v 0.000884 0.019233 0.020577
v 0.001443 0.018623 0.020138
v 0.000844 0.018927 0.020360
v -0.023528 0.015991 0.000194
v -0.023503 0.015963 0.000247
v 0.000461 0.018940 0.020360
v 0.000307 0.018943 0.020360
v 0.000000 0.018945 0.020360
v -0.019521 0.020966 0.003959
v -0.023718 0.015456 0.000418
v -0.000204 0.018944 0.020360
v -0.017658 0.022836 0.005759
v -0.018082 0.022507 0.005470
v -0.000307 0.018943 0.020360
v -0.017654 0.022831 0.005860
v -0.023358 0.015615 0.001080
v -0.023675 0.015215 0.000850
v -0.000675 0.019242 0.020577
v -0.000690 0.018933 0.020360
v -0.017645 0.022740 0.006427
v -0.018907 0.021820 0.005500
v -0.023621 0.015180 0.001297
v -0.017999 0.022335 0.006817
v -0.017645 0.022714 0.006523
v -0.009749 0.020715 0.012737
v -0.025616 0.012381 0.000189
v -0.025394 0.012759 0.000235
v -0.025281 0.012726 0.000430
v -0.025584 0.012375 0.000235
v -0.025364 0.012752 0.000282
v -0.025335 0.012744 0.000330
v -0.025307 0.012735 0.000379
v -0.018796 0.021692 0.006756
v -0.002258 0.018810 0.020360
v -0.002039 0.018835 0.020360
v -0.017422 0.022243 0.007804
v -0.009792 0.020513 0.012863
v -0.009762 0.020635 0.012788
v -0.009776 0.020574 0.012827
v -0.009810 0.020463 0.012893
v -0.009829 0.020413 0.012920
v -0.009850 0.020366 0.012946
v -0.008308 0.018193 0.015120
v -0.009874 0.020320 0.012970
v -0.024908 0.013073 0.000902
v -0.024611 0.013616 0.000916
v -0.024623 0.013620 0.000862
v -0.024600 0.013613 0.000972
v -0.024590 0.013609 0.001029
v -0.024582 0.013606 0.001087
v -0.009899 0.020277 0.012992
v -0.009926 0.020235 0.013012
v -0.009955 0.020195 0.013030
v -0.009985 0.020157 0.013045
v -0.019340 0.021205 0.006764
v -0.010017 0.020121 0.013059
v -0.010051 0.020087 0.013072
v -0.010086 0.020055 0.013082
v -0.010122 0.020025 0.013090
v -0.017132 0.021871 0.008506
v -0.017657 0.021792 0.008136
v -0.018025 0.020802 0.008820
v -0.010159 0.019996 0.013096
v -0.024567 0.013597 0.001542
v -0.006711 0.017992 0.015921
v -0.005410 0.018425 0.015921
v -0.003018 0.018703 0.020360
v -0.024570 0.013599 0.001602
v -0.024574 0.013601 0.001663
v -0.003179 0.018677 0.020360
v -0.024583 0.013604 0.001761
v -0.024596 0.013606 0.001856
v -0.016762 0.021415 0.009181
v -0.018380 0.021212 0.008107
v -0.016704 0.021376 0.009250
v -0.024612 0.013609 0.001962
v -0.016644 0.021342 0.009315
v -0.016582 0.021312 0.009377
v -0.024869 0.013059 0.001696
v -0.016518 0.021286 0.009436
v -0.024248 0.014512 0.002575
v -0.024884 0.013063 0.001825
v -0.024710 0.013619 0.002398
v -0.024192 0.014942 0.003197
v -0.011560 0.019221 0.013096
v -0.016205 0.020602 0.010109
v -0.011597 0.019192 0.013101
v -0.016118 0.020524 0.010209
v -0.011635 0.019165 0.013103
v -0.011674 0.019140 0.013104
v -0.016045 0.020452 0.010296
v -0.011714 0.019117 0.013103
v -0.011756 0.019096 0.013100
v -0.024580 0.014183 0.003002
v -0.011799 0.019077 0.013095
v -0.011843 0.019061 0.013088
v -0.011887 0.019046 0.013079
v -0.011933 0.019034 0.013069
v -0.017286 0.020376 0.009649
v -0.011980 0.019023 0.013056
v -0.010813 0.016825 0.015120
v -0.012024 0.019016 0.013042
v -0.004545 0.018709 0.020577
v -0.003850 0.018278 0.020138
v -0.004503 0.018402 0.020360
v -0.012108 0.019007 0.013013
v -0.012178 0.019006 0.012985
v -0.012238 0.019009 0.012958
v -0.012288 0.019014 0.012934
v -0.012372 0.019027 0.012890
v -0.016877 0.020107 0.010074
v -0.024642 0.014264 0.003329
v -0.016807 0.020082 0.010130
v -0.004875 0.018308 0.020360
v -0.016795 0.020011 0.010184
v -0.016743 0.019995 0.010224
v -0.016735 0.019920 0.010277
v -0.016682 0.019907 0.010315
v -0.005030 0.018266 0.020360
v -0.018439 0.019792 0.009329
v -0.018421 0.019731 0.009386
v -0.024752 0.014277 0.003687
v -0.018407 0.019666 0.009442
v -0.024609 0.014724 0.004083
v -0.017431 0.019514 0.010149
v -0.017379 0.019408 0.010248
v -0.025104 0.013526 0.003478
v -0.005765 0.018047 0.020360
v -0.027579 0.006980 0.000192
v -0.027547 0.006962 0.000244
v -0.005978 0.017978 0.020360
v -0.027649 0.006546 0.000244
v -0.024288 0.015609 0.005500
v -0.027606 0.006526 0.000318
v -0.025186 0.013831 0.004332
v -0.025239 0.013827 0.004558
v -0.025499 0.013227 0.004294
v -0.025271 0.013824 0.004721
v -0.025295 0.013822 0.004859
v -0.025559 0.013223 0.004552
v -0.025006 0.014431 0.005487
v -0.025312 0.013821 0.004980
v -0.025324 0.013822 0.005088
v -0.025598 0.013220 0.004752
v -0.025332 0.013824 0.005180
v -0.025625 0.013217 0.004924
v -0.007390 0.017779 0.020577
v -0.024146 0.015518 0.006756
v -0.025644 0.013217 0.005076
v -0.007598 0.017355 0.020360
v -0.007245 0.017505 0.020360
v -0.007689 0.017315 0.020360
v -0.007870 0.017233 0.020360
v -0.025656 0.013217 0.005211
v -0.025338 0.013827 0.005785
v -0.025333 0.013824 0.005879
v -0.025324 0.013823 0.005975
v -0.025313 0.013822 0.006071
v -0.008154 0.017101 0.020360
v -0.025298 0.013823 0.006166
v -0.025663 0.013219 0.005738
v -0.025281 0.013825 0.006261
v -0.028237 0.003212 0.000235
v -0.008295 0.017033 0.020360
v -0.025656 0.013218 0.005864
v -0.024817 0.014375 0.006832
v -0.025260 0.013828 0.006356
v -0.025238 0.013831 0.006445
v -0.025644 0.013217 0.005992
v -0.028310 0.002827 0.000189
v -0.025210 0.013836 0.006545
v -0.028278 0.002832 0.000235
v -0.025627 0.013218 0.006120
v -0.023612 0.015174 0.008107
v -0.025605 0.013220 0.006246
v -0.025578 0.013223 0.006373
v -0.028012 0.003256 0.000661
v -0.025548 0.013227 0.006496
v -0.008804 0.017123 0.020577
v -0.008638 0.016862 0.020360
v -0.025511 0.013231 0.006623
v -0.009054 0.016338 0.020138
v -0.025027 0.013735 0.007201
v -0.024982 0.013730 0.007299
v -0.027792 0.003996 0.001297
v -0.024930 0.013725 0.007408
v -0.024880 0.013719 0.007505
v -0.027905 0.003274 0.001087
v -0.027620 0.005656 0.002309
v -0.024234 0.014121 0.008136
v -0.024822 0.013710 0.007615
v -0.024765 0.013700 0.007717
v -0.025334 0.013165 0.007194
v -0.024716 0.013689 0.007803
v -0.016842 0.015037 0.012981
v -0.025271 0.013161 0.007332
v -0.016855 0.014963 0.013012
v -0.025203 0.013155 0.007469
v -0.016873 0.014891 0.013038
v -0.016896 0.014823 0.013060
v -0.025130 0.013146 0.007607
v -0.016924 0.014757 0.013077
v -0.015115 0.013097 0.015120
v -0.025050 0.013134 0.007749
v -0.016957 0.014694 0.013090
v -0.009819 0.016203 0.020360
v -0.016993 0.014634 0.013099
v -0.024976 0.013119 0.007875
v -0.017034 0.014577 0.013103
v -0.017079 0.014524 0.013104
v -0.009961 0.016116 0.020360
v -0.024304 0.013461 0.008505
v -0.017128 0.014474 0.013100
v -0.017181 0.014428 0.013091
v -0.017237 0.014385 0.013079
v -0.017297 0.014347 0.013062
v -0.027835 0.005761 0.003164
v -0.022527 0.013915 0.009872
v -0.023070 0.013807 0.009492
v -0.027877 0.004605 0.002557
v -0.022400 0.013864 0.009993
v -0.024621 0.012952 0.008457
v -0.024170 0.013411 0.008682
v -0.024241 0.013439 0.008589
v -0.024097 0.013378 0.008777
v -0.024035 0.013346 0.008858
v -0.023977 0.013312 0.008934
v -0.022274 0.013817 0.010109
v -0.023922 0.013275 0.009007
v -0.022166 0.013773 0.010209
v -0.023867 0.013232 0.009082
v -0.022072 0.013731 0.010296
v -0.023816 0.013188 0.009151
v -0.027941 0.004917 0.002974
v -0.023770 0.013142 0.009216
v -0.023728 0.013094 0.009277
v -0.010605 0.015699 0.020360
v -0.023694 0.013050 0.009329
v -0.022970 0.013254 0.009835
v -0.022894 0.013245 0.009898
v -0.022852 0.013188 0.009956
v -0.022777 0.013184 0.010016
v -0.010784 0.015577 0.020360
v -0.028029 0.004972 0.003307
v -0.022737 0.013122 0.010074
v -0.022662 0.013123 0.010130
v -0.027974 0.006381 0.004147
v -0.022627 0.013060 0.010184
v -0.022572 0.013063 0.010224
v -0.022539 0.012995 0.010277
v -0.022484 0.013001 0.010315
v -0.028028 0.006431 0.004444
v -0.023263 0.012533 0.009921
v -0.028116 0.005798 0.004213
v -0.018277 0.013077 0.013062
v -0.023156 0.012455 0.010038
v -0.028064 0.006467 0.004685
v -0.023054 0.012375 0.010149
v -0.018968 0.012903 0.012702
v -0.018336 0.013039 0.013042
v -0.018410 0.012999 0.013013
v -0.018475 0.012972 0.012984
v -0.018531 0.012952 0.012958
v -0.018579 0.012937 0.012934
v -0.018661 0.012918 0.012890
v -0.018746 0.012906 0.012841
v -0.016825 0.010813 0.015120
v -0.018790 0.012902 0.012815
v -0.018833 0.012900 0.012788
v -0.018900 0.012899 0.012746
v -0.028160 0.005838 0.004455
v -0.022968 0.012293 0.010248
v -0.028087 0.006490 0.004873
v -0.028224 0.004689 0.003821
v -0.028102 0.006504 0.005027
v -0.028191 0.005870 0.004661
v -0.028113 0.006513 0.005170
v -0.028289 -0.002876 0.000212
v -0.028211 0.005890 0.004819
v -0.028225 0.005903 0.004943
v -0.028235 0.005912 0.005051
v -0.028243 0.005917 0.005155
v -0.012078 0.014994 0.020577
v -0.028123 0.006518 0.005708
v -0.012165 0.014524 0.020360
v -0.011868 0.014768 0.020360
v -0.028117 0.006516 0.005838
v -0.012246 0.014456 0.020360
v -0.012407 0.014318 0.020360
v -0.028108 0.006509 0.005965
v -0.028022 -0.003253 0.000637
v -0.028096 0.006498 0.006093
v -0.028253 0.005919 0.005759
v -0.028082 0.006484 0.006220
v -0.028247 0.005918 0.005860
v -0.028377 0.005318 0.005470
v -0.028240 0.005915 0.005955
v -0.028064 0.006465 0.006346
v -0.012632 0.014120 0.020360
v -0.028232 0.005908 0.006051
v -0.028044 0.006443 0.006471
v -0.012743 0.014020 0.020360
v -0.028221 0.005899 0.006147
v -0.028020 0.006417 0.006596
v -0.028209 0.005886 0.006242
v -0.027907 -0.003274 0.001068
v -0.028196 0.005872 0.006336
v -0.028181 0.005855 0.006427
v -0.028164 0.005835 0.006523
v -0.028577 0.004109 0.005500
v -0.013252 0.013967 0.020577
v -0.013024 0.013759 0.020360
v -0.013281 0.013135 0.020138
v -0.027792 -0.003996 0.001297
v -0.027964 0.005793 0.007178
v -0.028201 0.005242 0.006817
v -0.027924 0.005766 0.007284
v -0.027882 0.005737 0.007389
v -0.027570 -0.007026 0.000189
v -0.027633 -0.006639 0.000235
v -0.027541 -0.007010 0.000235
v -0.027551 -0.006601 0.000379
v -0.027578 -0.006612 0.000330
v -0.027605 -0.006625 0.000282
v -0.027791 0.005677 0.007599
v -0.027739 0.005647 0.007706
v -0.020787 0.009312 0.012827
v -0.027689 0.005620 0.007804
v -0.013973 0.012795 0.020360
v -0.020741 0.009205 0.012893
v -0.020761 0.009255 0.012863
v -0.028410 0.004085 0.006756
v -0.020724 0.009156 0.012920
v -0.020710 0.009106 0.012946
v -0.014089 0.012666 0.020360
v -0.020698 0.009056 0.012970
v -0.020689 0.009006 0.012992
v -0.018193 0.008308 0.015120
v -0.020682 0.008957 0.013012
v -0.020678 0.008908 0.013030
v -0.020677 0.008859 0.013045
v -0.020678 0.008811 0.013059
v -0.020681 0.008763 0.013072
v -0.020687 0.008716 0.013082
v -0.020695 0.008670 0.013090
v -0.027227 0.005527 0.008506
v -0.020705 0.008624 0.013096
v -0.027589 0.005052 0.008137
v -0.020717 0.008579 0.013101
v -0.027156 0.005500 0.008600
v -0.020732 0.008535 0.013103
v -0.016854 0.009203 0.015921
v -0.016154 0.010382 0.015921
v -0.014590 0.012085 0.020360
v -0.026794 0.005419 0.009031
v -0.026720 0.005417 0.009109
v -0.014724 0.011923 0.020360
v -0.026649 0.005420 0.009181
v -0.026580 0.005428 0.009250
v -0.026512 0.005440 0.009315
v -0.026445 0.005457 0.009377
v -0.027880 -0.004617 0.002576
v -0.027782 0.003994 0.008107
v -0.028137 -0.004104 0.003198
v -0.025791 0.005367 0.009993
v -0.027639 -0.005670 0.002398
v -0.025656 0.005365 0.010109
v -0.025540 0.005362 0.010209
v -0.025437 0.005354 0.010296
v -0.027946 -0.004935 0.003003
v -0.021288 0.007034 0.013103
v -0.021302 0.006989 0.013104
v -0.021318 0.006946 0.013103
v -0.021336 0.006903 0.013100
v -0.026443 0.004371 0.009572
v -0.021356 0.006861 0.013095
v -0.021379 0.006820 0.013088
v -0.021403 0.006779 0.013079
v -0.021430 0.006740 0.013068
v -0.025985 0.004577 0.009956
v -0.021459 0.006702 0.013056
v -0.025912 0.004599 0.010016
v -0.021488 0.006668 0.013042
v -0.021546 0.006607 0.013013
v -0.019190 0.005635 0.015120
v -0.025854 0.004555 0.010074
v -0.028046 -0.004913 0.003329
v -0.025784 0.004580 0.010130
v -0.021599 0.006560 0.012985
v -0.021646 0.006524 0.012958
v -0.021687 0.006495 0.012934
v -0.021759 0.006451 0.012890
v -0.025729 0.004534 0.010184
v -0.025678 0.004555 0.010224
v -0.025624 0.004503 0.010277
v -0.025575 0.004527 0.010315
v -0.015798 0.011005 0.020577
v -0.028235 -0.004649 0.003837
v -0.015753 0.010525 0.020360
v -0.015537 0.010842 0.020360
v -0.026019 0.003784 0.010038
v -0.026819 0.003061 0.009386
v -0.015815 0.010431 0.020360
v -0.015938 0.010243 0.020360
v -0.025896 0.003744 0.010149
v -0.025788 0.003696 0.010248
v -0.025599 -0.012378 0.000213
v -0.016091 0.010000 0.020360
v -0.025558 -0.012369 0.000274
v -0.016166 0.009878 0.020360
v -0.028062 -0.005757 0.003959
v -0.025369 -0.012753 0.000274
v -0.025320 -0.012739 0.000356
v -0.027921 -0.006338 0.003899
v -0.028139 -0.005818 0.004332
v -0.025275 -0.012724 0.000442
v -0.028577 -0.004109 0.005500
v -0.016637 0.009691 0.020577
v -0.016363 0.009549 0.020360
v -0.028176 -0.005854 0.004558
v -0.028002 -0.006406 0.004294
v -0.028199 -0.005878 0.004721
v -0.028579 -0.003245 0.006523
v -0.028216 -0.005895 0.004859
v -0.028045 -0.006448 0.004552
v -0.028228 -0.005907 0.004980
v -0.028377 -0.005319 0.005487
v -0.028238 -0.005914 0.005088
v -0.028073 -0.006476 0.004752
v -0.028245 -0.005918 0.005180
v -0.028092 -0.006495 0.004924
v -0.017003 0.008357 0.020360
v -0.028106 -0.006508 0.005076
v -0.028410 -0.004085 0.006756
v -0.028115 -0.006515 0.005211
v -0.017081 0.008196 0.020360
v -0.022829 0.002507 0.012681
v -0.028252 -0.005919 0.005785
v -0.028246 -0.005918 0.005879
v -0.022701 0.002404 0.012788
v -0.022763 0.002457 0.012737
v -0.022655 0.002361 0.012827
v -0.019796 0.002846 0.015120
v -0.028239 -0.005913 0.005975
v -0.022613 0.002315 0.012863
v -0.028229 -0.005906 0.006071
v -0.022578 0.002274 0.012893
v -0.028122 -0.006518 0.005738
v -0.022546 0.002232 0.012920
v -0.028219 -0.005896 0.006166
v -0.022517 0.002189 0.012946
v -0.028207 -0.005884 0.006261
v -0.022490 0.002145 0.012970
v -0.024868 -0.013059 0.001681
v -0.028115 -0.006515 0.005864
v -0.023530 -0.015994 0.000189
v -0.022466 0.002101 0.012992
v -0.022444 0.002056 0.013012
v -0.023509 -0.015969 0.000235
v -0.023718 -0.015456 0.000418
v -0.028197 -0.005239 0.006832
v -0.028193 -0.005868 0.006356
v -0.017399 0.007497 0.020360
v -0.028106 -0.006507 0.005992
v -0.022425 0.002011 0.013029
v -0.028178 -0.005851 0.006445
v -0.024883 -0.013063 0.001815
v -0.028160 -0.005830 0.006545
v -0.028094 -0.006496 0.006120
v -0.024569 -0.013598 0.001585
v -0.024566 -0.013597 0.001524
v -0.017479 0.007310 0.020360
v -0.028078 -0.006480 0.006246
v -0.024573 -0.013600 0.001650
v -0.028060 -0.006460 0.006373
v -0.024582 -0.013603 0.001751
v -0.027782 -0.003994 0.008107
v -0.028039 -0.006438 0.006496
v -0.023428 -0.015698 0.000661
v -0.024595 -0.013606 0.001852
v -0.028014 -0.006411 0.006623
v -0.024613 -0.013610 0.001967
v -0.027955 -0.005787 0.007201
v -0.027918 -0.005762 0.007299
v -0.026828 -0.003067 0.009377
v -0.023621 -0.015180 0.001297
v -0.023357 -0.015615 0.001087
v -0.027783 -0.005673 0.007615
v -0.024686 -0.013617 0.002307
v -0.027733 -0.005644 0.007717
v -0.027589 -0.005052 0.008136
v -0.027689 -0.005621 0.007803
v -0.022512 0.000406 0.013029
v -0.022492 0.000361 0.013045
v -0.022474 0.000316 0.013059
v -0.022459 0.000271 0.013072
v -0.022447 0.000225 0.013082
v -0.022437 0.000179 0.013090
v -0.020000 0.000000 0.015120
v -0.022429 0.000133 0.013096
v -0.022423 0.000087 0.013101
v -0.022420 0.000040 0.013103
v -0.022419 -0.000006 0.013104
v -0.022421 -0.000053 0.013103
v -0.027227 -0.005527 0.008505
v -0.022425 -0.000099 0.013100
v -0.022431 -0.000146 0.013095
v -0.027165 -0.005503 0.008589
v -0.022439 -0.000192 0.013088
v -0.018074 0.005679 0.020360
v -0.018250 0.006134 0.020577
v -0.017956 0.006044 0.020360
v -0.025025 -0.013479 0.003161
v -0.022450 -0.000238 0.013079
v -0.022463 -0.000283 0.013068
v -0.022479 -0.000328 0.013056
v -0.022496 -0.000370 0.013042
v -0.018110 0.005566 0.020360
v -0.018178 0.005338 0.020360
v -0.026442 -0.004378 0.009572
v -0.026071 -0.003778 0.009993
v -0.024238 -0.014519 0.002556
v -0.022532 -0.000446 0.013013
v -0.025944 -0.003734 0.010109
v -0.025833 -0.003697 0.010209
v -0.025734 -0.003669 0.010296
v -0.024564 -0.014194 0.002972
v -0.026746 -0.005417 0.009082
v -0.026679 -0.005418 0.009151
v -0.026615 -0.005423 0.009216
v -0.026551 -0.005432 0.009277
v -0.018253 0.005075 0.020360
v -0.026497 -0.005444 0.009329
v -0.025922 -0.004541 0.010016
v -0.025983 -0.004587 0.009956
v -0.024667 -0.014208 0.003305
v -0.026435 -0.005461 0.009386
v -0.025852 -0.004563 0.010074
v -0.025795 -0.004515 0.010130
v -0.018289 0.004943 0.020360
v -0.025728 -0.004540 0.010184
v -0.025688 -0.004502 0.010224
v -0.025461 -0.013228 0.004145
v -0.025619 -0.004533 0.010277
v -0.025581 -0.004494 0.010315
v -0.024733 -0.014297 0.003663
v -0.025535 -0.013225 0.004443
v -0.025744 -0.005344 0.010038
v -0.018687 0.004637 0.020577
v -0.018386 0.004571 0.020360
v -0.025615 -0.005338 0.010149
v -0.025156 -0.013831 0.004211
v -0.025586 -0.013221 0.004685
v -0.024261 -0.014977 0.003462
v -0.022443 -0.002052 0.013013
v -0.025497 -0.005347 0.010248
v -0.022805 -0.002489 0.012702
v -0.022503 -0.002167 0.012958
v -0.022474 -0.002116 0.012985
v -0.022581 -0.002277 0.012890
v -0.022531 -0.002209 0.012934
v -0.022638 -0.002343 0.012841
v -0.022669 -0.002374 0.012815
v -0.022701 -0.002404 0.012788
v -0.019796 -0.002846 0.015120
v -0.022751 -0.002448 0.012746
v -0.025618 -0.013218 0.004873
v -0.025215 -0.013829 0.004454
v -0.025639 -0.013217 0.005027
v -0.019824 -0.020388 0.000210
v -0.025260 -0.013825 0.004661
v -0.025653 -0.013217 0.005170
v -0.019789 -0.020366 0.000269
v -0.024596 -0.014737 0.004066
v -0.025289 -0.013823 0.004819
v -0.025307 -0.013821 0.004943
v -0.019480 -0.020662 0.000269
v -0.025320 -0.013822 0.005051
v -0.025330 -0.013823 0.005155
v -0.025664 -0.013220 0.005708
v -0.018665 0.003248 0.020360
v -0.025658 -0.013218 0.005838
v -0.018696 0.003064 0.020360
v -0.025647 -0.013217 0.005965
v -0.025631 -0.013218 0.006093
v -0.025339 -0.013828 0.005759
v -0.025610 -0.013219 0.006220
v -0.025334 -0.013825 0.005860
v -0.025005 -0.014431 0.005470
v -0.025584 -0.013222 0.006346
v -0.025326 -0.013823 0.005955
v -0.025554 -0.013226 0.006471
v -0.025315 -0.013822 0.006051
v -0.025301 -0.013823 0.006147
v -0.025519 -0.013230 0.006597
v -0.018805 0.002305 0.020360
v -0.025285 -0.013825 0.006242
v -0.019112 -0.020599 0.001064
v -0.025265 -0.013827 0.006336
v -0.018828 0.002109 0.020360
v -0.025243 -0.013830 0.006427
v -0.025217 -0.013835 0.006523
v -0.025345 -0.013166 0.007169
v -0.024288 -0.015609 0.005500
v -0.025282 -0.013161 0.007310
v -0.025213 -0.013156 0.007449
v -0.016975 -0.022793 0.000235
v -0.025037 -0.013736 0.007178
v -0.025140 -0.013147 0.007589
v -0.024822 -0.014375 0.006817
v -0.024989 -0.013731 0.007284
v -0.025061 -0.013136 0.007731
v -0.016641 -0.023077 0.000189
v -0.024939 -0.013726 0.007389
v -0.016629 -0.023046 0.000235
v -0.016962 -0.022764 0.000282
v -0.016949 -0.022737 0.000330
v -0.024980 -0.013120 0.007868
v -0.024886 -0.013720 0.007494
v -0.024830 -0.013712 0.007599
v -0.024772 -0.013701 0.007706
v -0.024716 -0.013689 0.007804
v -0.021803 -0.006428 0.012863
v -0.017319 -0.022124 0.001087
v -0.021710 -0.006480 0.012920
v -0.021755 -0.006453 0.012893
v -0.021666 -0.006509 0.012946
v -0.024615 -0.012950 0.008465
v -0.021625 -0.006539 0.012970
v -0.024146 -0.015518 0.006756
v -0.021586 -0.006571 0.012992
v -0.021549 -0.006604 0.013012
v -0.019190 -0.005635 0.015120
v -0.018942 0.000377 0.020360
v -0.019238 0.000770 0.020577
v -0.018930 0.000760 0.020360
v -0.021514 -0.006639 0.013030
v -0.021481 -0.006675 0.013045
v -0.018944 0.000251 0.020360
v -0.018945 0.000000 0.020360
v -0.021451 -0.006712 0.013059
v -0.021423 -0.006751 0.013072
v -0.021396 -0.006790 0.013082
v -0.021372 -0.006831 0.013090
v -0.024303 -0.013461 0.008506
v -0.021350 -0.006872 0.013096
v -0.021331 -0.006915 0.013101
v -0.024234 -0.014121 0.008137
v -0.024232 -0.013436 0.008600
v -0.021313 -0.006958 0.013103
v -0.021298 -0.007002 0.013104
v -0.024165 -0.013409 0.008689
v -0.021285 -0.007046 0.013103
v -0.024096 -0.013377 0.008779
v -0.024032 -0.013344 0.008862
v -0.018944 -0.000260 0.020360
v -0.023966 -0.013305 0.008949
v -0.018941 -0.000391 0.020360
v -0.023904 -0.013262 0.009031
v -0.023847 -0.013215 0.009109
v -0.023795 -0.013167 0.009181
v -0.023747 -0.013117 0.009250
v -0.023704 -0.013063 0.009315
v -0.023612 -0.015174 0.008107
v -0.023315 -0.012552 0.009872
v -0.018908 -0.021226 0.003168
v -0.023207 -0.012467 0.009993
v -0.019237 -0.000789 0.020577
v -0.018930 -0.000774 0.020360
v -0.023103 -0.012382 0.010109
v -0.023011 -0.012309 0.010209
v -0.022927 -0.012250 0.010296
v -0.018229 -0.021740 0.002978
v -0.022963 -0.013265 0.009835
v -0.023065 -0.013814 0.009492
v -0.022918 -0.013204 0.009898
v -0.020728 -0.008547 0.013103
v -0.022847 -0.013197 0.009956
v -0.020714 -0.008591 0.013100
v -0.022806 -0.013133 0.010016
v -0.020702 -0.008636 0.013095
v -0.018321 -0.021788 0.003309
v -0.020692 -0.008682 0.013088
v -0.022733 -0.013129 0.010074
v -0.020685 -0.008729 0.013079
v -0.022696 -0.013065 0.010130
v -0.020680 -0.008776 0.013068
v -0.020677 -0.008823 0.013056
v -0.022624 -0.013065 0.010184
v -0.022599 -0.013016 0.010224
v -0.020677 -0.008869 0.013042
v -0.020682 -0.008953 0.013013
v -0.020691 -0.009023 0.012985
v -0.018193 -0.008308 0.015120
v -0.022524 -0.013021 0.010277
v -0.022501 -0.012972 0.010315
v -0.020703 -0.009081 0.012958
v -0.020796 -0.009329 0.012815
v -0.020716 -0.009129 0.012934
v -0.020743 -0.009210 0.012890
v -0.020777 -0.009289 0.012841
v -0.022486 -0.013880 0.009920
v -0.018522 -0.021807 0.003823
v -0.022364 -0.013826 0.010038
v -0.018826 -0.002123 0.020360
v -0.022244 -0.013777 0.010149
v -0.018804 -0.002314 0.020360
v -0.022130 -0.013745 0.010248
v -0.011663 -0.025947 0.000194
v -0.011639 -0.025918 0.000247
v -0.011247 -0.026091 0.000247
v -0.017618 -0.022589 0.003959
v -0.018694 -0.003074 0.020360
v -0.011219 -0.026051 0.000322
v -0.018663 -0.003262 0.020360
v -0.017194 -0.022894 0.003899
v -0.017636 -0.022685 0.004332
v -0.010730 -0.026198 0.000418
v -0.011124 -0.026033 0.000418
v -0.018907 -0.021820 0.005500
v -0.019641 -0.021012 0.006523
v -0.018082 -0.022507 0.005487
v -0.018883 -0.021792 0.006116
v -0.017653 -0.022829 0.005180
v -0.019323 -0.021199 0.006817
v -0.010518 -0.026048 0.001121
v -0.010489 -0.026086 0.000966
v -0.018796 -0.021692 0.006756
v -0.018286 -0.004956 0.020360
v -0.018682 -0.004655 0.020577
v -0.018382 -0.004585 0.020360
v -0.018998 -0.012905 0.012681
v -0.009881 -0.026311 0.001025
v -0.009835 -0.026368 0.000850
v -0.017657 -0.022835 0.005785
v -0.009877 -0.026304 0.001080
v -0.018251 -0.005084 0.020360
v -0.018178 -0.005338 0.020360
v -0.017653 -0.022830 0.005879
v -0.018834 -0.012900 0.012788
v -0.018915 -0.012900 0.012737
v -0.010512 -0.026035 0.001501
v -0.018771 -0.012903 0.012827
v -0.018709 -0.012911 0.012863
v -0.016825 -0.010813 0.015120
v -0.018629 -0.012925 0.012907
v -0.007744 -0.027376 0.000189
v -0.010477 -0.026058 0.001650
v -0.018554 -0.012944 0.012946
v -0.007744 -0.027344 0.000235
v -0.008019 -0.027150 0.000418
v -0.018481 -0.012969 0.012981
v -0.018412 -0.012999 0.013012
v -0.018107 -0.005575 0.020360
v -0.017645 -0.022736 0.006445
v -0.018347 -0.013033 0.013038
v -0.017998 -0.022330 0.006832
v -0.009871 -0.026286 0.001535
v -0.017645 -0.022708 0.006545
v -0.018070 -0.005693 0.020360
v -0.018285 -0.013071 0.013060
v -0.010496 -0.026083 0.001904
v -0.009872 -0.026289 0.001596
v -0.010564 -0.026101 0.002146
v -0.009819 -0.026325 0.001759
v -0.007642 -0.027146 0.000661
v -0.017217 -0.023010 0.006623
v -0.018380 -0.021212 0.008107
v -0.018025 -0.020802 0.008820
v -0.009899 -0.026327 0.001977
v -0.018244 -0.006152 0.020577
v -0.017951 -0.006057 0.020360
v -0.009918 -0.026348 0.002120
v -0.018444 -0.019807 0.009315
v -0.018424 -0.019741 0.009377
v -0.018409 -0.019673 0.009436
v -0.007642 -0.027037 0.001087
v -0.010433 -0.026274 0.002615
v -0.007910 -0.026940 0.001297
v -0.017657 -0.021792 0.008136
v -0.017422 -0.022243 0.007803
v -0.016154 -0.010382 0.015921
v -0.016854 -0.009203 0.015921
v -0.017306 -0.014342 0.013060
v -0.009658 -0.026532 0.002480
v -0.017245 -0.014380 0.013077
v -0.009075 -0.026675 0.002235
v -0.017188 -0.014422 0.013090
v -0.017135 -0.014468 0.013099
v -0.017085 -0.014517 0.013103
v -0.009692 -0.026574 0.002676
v -0.017040 -0.014570 0.013104
v -0.010508 -0.026413 0.003167
v -0.017132 -0.021872 0.008505
v -0.016998 -0.014626 0.013100
v -0.017473 -0.007323 0.020360
v -0.016961 -0.014686 0.013091
v -0.015115 -0.013097 0.015120
v -0.016928 -0.014748 0.013079
v -0.017475 -0.019537 0.010109
v -0.016900 -0.014813 0.013062
v -0.017413 -0.019437 0.010209
v -0.016876 -0.014880 0.013042
v -0.017395 -0.007506 0.020360
v -0.016855 -0.014961 0.013013
v -0.017282 -0.020380 0.009649
v -0.017355 -0.019352 0.010296
v -0.016843 -0.015030 0.012984
v -0.009694 -0.026663 0.002978
v -0.016785 -0.021433 0.009151
v -0.008920 -0.026881 0.002806
v -0.016733 -0.021395 0.009216
v -0.009764 -0.026740 0.003309
v -0.016679 -0.021361 0.009277
v -0.016859 -0.020039 0.010130
v -0.016871 -0.020113 0.010074
v -0.016630 -0.021335 0.009329
v -0.016791 -0.020015 0.010184
v -0.016784 -0.019961 0.010224
v -0.016572 -0.021307 0.009386
v -0.016712 -0.019940 0.010277
v -0.016708 -0.019885 0.010315
v -0.016510 -0.021283 0.009442
v -0.010862 -0.026558 0.004150
v -0.017077 -0.008204 0.020360
v -0.009758 -0.026851 0.003667
v -0.016996 -0.008370 0.020360
v -0.016191 -0.020554 0.010149
v -0.008958 -0.027068 0.003464
v -0.016095 -0.020485 0.010248
v -0.010807 -0.026681 0.004605
v -0.010168 -0.026847 0.004215
v -0.011994 -0.026262 0.005500
v -0.010214 -0.026884 0.004457
v -0.002085 -0.028372 0.000192
v -0.002073 -0.028337 0.000245
v -0.009226 -0.027149 0.004068
v -0.001646 -0.028365 0.000245
v -0.001633 -0.028319 0.000318
v -0.010075 -0.027013 0.004905
v -0.016627 -0.009707 0.020577
v -0.010729 -0.026801 0.005703
v -0.011923 -0.026109 0.006756
v -0.016159 -0.009890 0.020360
v -0.016356 -0.009561 0.020360
v -0.016086 -0.010008 0.020360
v -0.015938 -0.010243 0.020360
v -0.009441 -0.027278 0.005299
v -0.010090 -0.027051 0.005500
v -0.015810 -0.010439 0.020360
v -0.010077 -0.027017 0.006116
v -0.001177 -0.028073 0.001076
v -0.015745 -0.010537 0.020360
v -0.010642 -0.026582 0.006974
v -0.015787 -0.011021 0.020577
v -0.015529 -0.010853 0.020360
v -0.008134 -0.027702 0.005500
v 0.001740 -0.028366 0.000235
v -0.009406 -0.027177 0.006540
v -0.010030 -0.026893 0.006756
v 0.002132 -0.028371 0.000189
v -0.010561 -0.026283 0.007674
v 0.002121 -0.028340 0.000235
v 0.001731 -0.028336 0.000282
v -0.009943 -0.026659 0.007419
v -0.009925 -0.026453 0.007804
v -0.012367 -0.019026 0.012893
v -0.012315 -0.019017 0.012920
v -0.010396 -0.025798 0.008465
v -0.012263 -0.019011 0.012946
v -0.012212 -0.019007 0.012970
v -0.014715 -0.011933 0.020360
v -0.010347 -0.025715 0.008586
v -0.012162 -0.019006 0.012992
v -0.012112 -0.019007 0.013012
v -0.012063 -0.019011 0.013030
v -0.010813 -0.016825 0.015120
v -0.008086 -0.027540 0.006756
v -0.012015 -0.019017 0.013045
v -0.014584 -0.012093 0.020360
v -0.011967 -0.019026 0.013059
v -0.011921 -0.019037 0.013072
v -0.011875 -0.019050 0.013082
v -0.011831 -0.019065 0.013090
v -0.009759 -0.026012 0.008506
v -0.011787 -0.019082 0.013096
v -0.011745 -0.019102 0.013101
v -0.009721 -0.025946 0.008600
v -0.011703 -0.019123 0.013103
v -0.009208 -0.026493 0.008136
v -0.011663 -0.019147 0.013104
v -0.009687 -0.025882 0.008689
v -0.010148 -0.025154 0.009255
v -0.011624 -0.019172 0.013103
v -0.011586 -0.019200 0.013100
v -0.010136 -0.025058 0.009349
v -0.011550 -0.019229 0.013095
v -0.009619 -0.025790 0.008820
v -0.009604 -0.025674 0.008949
v -0.009584 -0.025601 0.009031
v -0.009571 -0.025529 0.009109
v -0.009562 -0.025458 0.009181
v -0.014083 -0.012673 0.020360
v -0.009559 -0.025389 0.009250
v -0.009820 -0.024733 0.009750
v -0.013963 -0.012805 0.020360
v -0.000840 -0.028413 0.003164
v -0.009792 -0.024601 0.009872
v -0.009764 -0.024467 0.009993
v -0.009739 -0.024335 0.010109
v -0.009715 -0.024221 0.010209
v -0.007907 -0.026930 0.008107
v -0.009689 -0.024121 0.010296
v 0.000010 -0.028370 0.002975
v -0.009148 -0.025101 0.009653
v -0.009104 -0.024969 0.009782
v -0.009105 -0.025045 0.009716
v -0.009064 -0.024922 0.009835
v -0.008705 -0.025566 0.009372
v -0.009068 -0.024846 0.009898
v -0.009019 -0.024795 0.009956
v -0.009028 -0.024720 0.010016
v -0.000029 -0.028467 0.003307
v -0.008975 -0.024670 0.010074
v -0.008988 -0.024597 0.010130
v -0.008932 -0.024551 0.010184
v -0.008945 -0.024497 0.010224
v -0.010149 -0.020004 0.013095
v -0.010112 -0.020033 0.013088
v -0.010076 -0.020063 0.013079
v -0.008884 -0.024453 0.010277
v -0.008899 -0.024400 0.010315
v -0.010042 -0.020096 0.013069
v -0.001283 -0.028679 0.004213
v -0.008408 -0.025324 0.009683
v -0.010009 -0.020130 0.013056
v -0.009979 -0.020165 0.013042
v -0.008833 -0.024358 0.010368
v -0.008356 -0.025204 0.009804
v -0.009840 -0.020388 0.012934
v -0.008308 -0.018193 0.015120
v -0.009862 -0.020343 0.012958
v -0.009751 -0.020701 0.012746
v -0.009808 -0.020467 0.012890
v -0.009928 -0.020231 0.013013
v -0.009890 -0.020291 0.012985
v -0.009782 -0.020549 0.012841
v -0.009762 -0.020635 0.012788
v -0.009771 -0.020592 0.012815
v -0.008303 -0.025086 0.009921
v -0.008244 -0.024967 0.010038
v -0.000020 -0.028611 0.003821
v 0.000000 -0.028831 0.004905
v -0.008184 -0.024852 0.010149
v -0.008118 -0.024754 0.010248
v -0.013238 -0.013980 0.020577
v -0.008046 -0.024659 0.010344
v -0.012732 -0.014029 0.020360
v -0.013014 -0.013768 0.020360
v 0.007744 -0.027365 0.000205
v -0.012625 -0.014126 0.020360
v -0.012407 -0.014318 0.020360
v 0.001251 -0.028619 0.003959
v 0.008019 -0.027150 0.000418
v -0.012239 -0.014462 0.020360
v 0.007640 -0.027159 0.000630
v 0.007929 -0.027002 0.000850
v -0.012154 -0.014533 0.020360
v -0.000921 -0.028856 0.005470
v -0.012064 -0.015006 0.020577
v -0.011857 -0.014776 0.020360
v 0.000000 -0.028871 0.005500
v 0.000000 -0.028835 0.006116
v -0.001311 -0.028733 0.006523
v 0.007910 -0.026940 0.001297
v 0.000921 -0.028857 0.005487
v -0.000872 -0.028671 0.006817
v -0.006023 -0.022088 0.012737
v 0.000000 -0.028702 0.006756
v 0.000000 -0.028453 0.007419
v -0.010597 -0.015704 0.020360
v -0.010773 -0.015585 0.020360
v 0.011124 -0.026033 0.000418
v 0.010730 -0.026198 0.000418
v 0.011233 -0.026072 0.000282
v 0.011665 -0.025950 0.000189
v 0.011252 -0.026097 0.000235
v -0.005859 -0.021963 0.012863
v -0.005961 -0.022036 0.012788
v -0.005911 -0.021998 0.012827
v 0.011644 -0.025924 0.000235
v -0.005813 -0.021935 0.012893
v -0.005635 -0.019190 0.015120
v -0.005766 -0.021910 0.012920
v -0.005719 -0.021888 0.012946
v -0.005672 -0.021869 0.012970
v -0.005624 -0.021852 0.012992
v -0.005576 -0.021838 0.013012
v 0.010489 -0.026086 0.000969
v 0.009877 -0.026303 0.001087
v 0.009881 -0.026311 0.001029
v 0.009835 -0.026368 0.000850
v -0.005529 -0.021826 0.013030
v 0.000881 -0.028686 0.006764
v -0.005481 -0.021817 0.013045
v -0.005433 -0.021810 0.013059
v -0.005385 -0.021806 0.013072
v -0.000778 -0.028037 0.008137
v -0.005338 -0.021804 0.013082
v 0.010518 -0.026048 0.001128
v -0.009953 -0.016121 0.020360
v 0.009871 -0.026286 0.001542
v -0.009807 -0.016210 0.020360
v 0.000000 -0.028067 0.008107
v 0.000000 -0.027525 0.008820
v 0.009074 -0.026690 0.002294
v 0.010512 -0.026035 0.001510
v -0.001160 -0.027104 0.009250
v -0.001183 -0.027039 0.009315
v 0.010477 -0.026059 0.001654
v 0.009872 -0.026290 0.001602
v 0.009819 -0.026325 0.001759
v -0.001211 -0.026976 0.009377
v -0.001243 -0.026914 0.009436
v 0.009917 -0.026346 0.002109
v 0.009898 -0.026325 0.001962
v 0.010495 -0.026082 0.001894
v 0.000778 -0.028037 0.008136
v 0.009657 -0.026557 0.002570
v -0.005410 -0.018425 0.015921
v -0.006711 -0.017992 0.015921
v -0.003769 -0.022129 0.013082
v 0.010562 -0.026099 0.002129
v -0.003722 -0.022126 0.013090
v -0.003675 -0.022126 0.013096
v 0.008925 -0.026992 0.003178
v -0.003628 -0.022128 0.013101
v -0.003582 -0.022132 0.013103
v -0.003536 -0.022139 0.013104
v -0.000828 -0.026198 0.010109
v -0.003490 -0.022147 0.013103
v -0.003445 -0.022159 0.013100
v 0.009712 -0.026624 0.002868
v -0.000845 -0.026083 0.010209
v -0.003400 -0.022172 0.013095
v -0.003356 -0.022188 0.013088
v -0.000855 -0.025980 0.010296
v -0.008787 -0.017131 0.020577
v -0.009045 -0.016343 0.020138
v -0.008625 -0.016868 0.020360
v -0.003313 -0.022206 0.013079
v -0.003270 -0.022226 0.013068
v -0.002846 -0.019796 0.015120
v -0.003228 -0.022248 0.013056
v 0.000003 -0.026721 0.009649
v -0.003189 -0.022272 0.013042
v -0.003120 -0.022319 0.013013
v -0.003065 -0.022364 0.012985
v -0.003022 -0.022405 0.012958
v -0.008282 -0.017039 0.020360
v 0.010445 -0.026304 0.002734
v -0.008145 -0.017105 0.020360
v -0.007870 -0.017233 0.020360
v 0.000004 -0.026252 0.010074
v -0.000033 -0.026187 0.010130
v 0.000003 -0.026125 0.010184
v -0.000027 -0.026079 0.010224
v 0.009705 -0.026801 0.003438
v 0.001169 -0.027076 0.009277
v 0.000015 -0.026017 0.010277
v -0.000017 -0.025972 0.010315
v 0.001189 -0.027024 0.009329
v 0.001215 -0.026966 0.009386
v 0.001246 -0.026908 0.009442
v -0.007680 -0.017319 0.020360
v -0.007585 -0.017361 0.020360
v 0.009781 -0.026881 0.003799
v 0.009240 -0.027167 0.004159
v 0.000809 -0.026153 0.010149
v 0.000838 -0.026038 0.010248
v 0.010535 -0.026521 0.003551
v 0.016640 -0.023074 0.000193
v -0.007372 -0.017786 0.020577
v -0.007232 -0.017511 0.020360
v 0.016627 -0.023040 0.000245
v 0.008134 -0.027702 0.005500
v 0.016972 -0.022787 0.000245
v 0.010191 -0.026866 0.004332
v 0.016952 -0.022743 0.000319
v 0.010233 -0.026897 0.004558
v 0.010891 -0.026581 0.004294
v 0.010075 -0.027013 0.004905
v 0.010819 -0.026688 0.004673
v 0.009442 -0.027281 0.005703
v 0.008086 -0.027540 0.006756
v -0.005756 -0.018050 0.020360
v -0.005964 -0.017982 0.020360
v 0.010090 -0.027051 0.005500
v 0.010728 -0.026798 0.005299
v 0.001132 -0.022939 0.012681
v 0.000000 -0.020000 0.015120
v -0.001145 -0.022912 0.012702
v 0.010077 -0.027017 0.006116
v -0.005021 -0.018268 0.020360
v -0.004861 -0.018311 0.020360
v 0.009365 -0.027058 0.006974
v 0.019499 -0.020675 0.000235
v 0.007907 -0.026930 0.008107
v 0.019836 -0.020395 0.000189
v 0.019809 -0.020378 0.000235
v 0.011994 -0.026262 0.005500
v 0.010688 -0.026699 0.006540
v 0.010030 -0.026893 0.006756
v 0.019202 -0.020654 0.000661
v 0.009943 -0.026659 0.007419
v 0.019109 -0.020597 0.001087
v 0.009189 -0.026461 0.008191
v 0.003004 -0.022423 0.012946
v 0.003040 -0.022387 0.012970
v 0.003078 -0.022353 0.012992
v -0.003631 -0.018908 0.020577
v -0.004087 -0.018226 0.020138
v -0.003543 -0.018611 0.020360
v 0.003116 -0.022322 0.013012
v 0.003156 -0.022293 0.013030
v 0.003197 -0.022266 0.013045
v 0.003239 -0.022242 0.013059
v 0.002846 -0.019796 0.015120
v 0.003281 -0.022220 0.013072
v -0.003165 -0.018679 0.020360
v 0.010561 -0.026283 0.007674
v 0.009925 -0.026453 0.007803
v 0.011923 -0.026109 0.006756
v 0.003324 -0.022200 0.013082
v 0.003368 -0.022183 0.013090
v 0.003413 -0.022168 0.013096
v -0.003009 -0.018705 0.020360
v -0.002696 -0.018753 0.020360
v 0.003457 -0.022155 0.013101
v 0.003503 -0.022145 0.013103
v 0.003549 -0.022137 0.013104
v 0.003595 -0.022131 0.013103
v 0.010520 -0.026104 0.007987
v 0.009898 -0.026413 0.007883
v 0.003641 -0.022127 0.013100
v 0.003688 -0.022126 0.013095
v 0.009726 -0.025955 0.008589
v 0.003735 -0.022127 0.013088
v 0.003782 -0.022130 0.013079
v 0.009690 -0.025887 0.008682
v 0.008691 -0.025571 0.009372
v 0.009619 -0.025790 0.008820
v 0.008376 -0.025259 0.009750
v -0.002503 -0.018779 0.020360
v 0.009608 -0.025687 0.008934
v 0.008312 -0.025140 0.009872
v 0.017620 -0.022306 0.003165
v 0.009590 -0.025623 0.009007
v -0.002406 -0.018792 0.020360
v 0.009575 -0.025555 0.009082
v 0.008247 -0.025019 0.009993
v 0.010352 -0.025724 0.008574
v 0.009565 -0.025488 0.009151
v 0.008182 -0.024902 0.010109
v 0.010279 -0.025618 0.008728
v 0.009560 -0.025423 0.009216
v 0.008126 -0.024799 0.010209
v 0.008082 -0.024706 0.010296
v 0.018244 -0.021727 0.002975
v 0.009127 -0.025109 0.009653
v 0.009076 -0.024980 0.009782
v 0.009124 -0.025038 0.009716
v 0.009076 -0.024918 0.009835
v 0.009024 -0.024862 0.009898
v -0.002089 -0.019140 0.020577
v -0.002025 -0.018837 0.020360
v 0.009029 -0.024792 0.009956
v 0.008974 -0.024740 0.010016
v 0.010154 -0.025192 0.009216
v 0.017207 -0.022961 0.004148
v 0.018276 -0.021826 0.003307
v 0.008982 -0.024667 0.010074
v 0.008925 -0.024620 0.010130
v 0.010141 -0.025102 0.009306
v 0.008938 -0.024549 0.010184
v 0.008894 -0.024516 0.010224
v 0.008912 -0.024443 0.010277
v 0.008867 -0.024412 0.010315
v 0.009837 -0.024804 0.009683
v 0.008891 -0.024337 0.010368
v 0.005351 -0.021804 0.013079
v 0.009799 -0.024678 0.009805
v 0.005398 -0.021807 0.013068
v 0.017632 -0.022655 0.004213
v 0.009764 -0.024554 0.009921
v 0.005817 -0.021938 0.012890
v 0.005635 -0.019190 0.015120
v 0.005742 -0.021898 0.012934
v 0.006061 -0.022125 0.012702
v 0.005446 -0.021812 0.013056
v 0.005490 -0.021818 0.013042
v 0.005572 -0.021837 0.013013
v 0.005640 -0.021857 0.012985
v 0.005696 -0.021878 0.012958
v 0.005890 -0.021983 0.012841
v 0.009733 -0.024425 0.010038
v 0.005926 -0.022009 0.012815
v 0.005961 -0.022036 0.012788
v 0.006012 -0.022079 0.012746
v 0.017639 -0.022714 0.004456
v 0.009705 -0.024299 0.010149
v 0.018492 -0.021833 0.003822
v 0.009693 -0.024181 0.010248
v 0.009687 -0.024062 0.010344
v 0.023519 -0.015980 0.000213
v -0.000656 -0.019242 0.020577
v -0.000293 -0.018943 0.020360
v -0.000676 -0.018933 0.020360
v -0.000195 -0.018944 0.020360
v 0.000000 -0.018945 0.020360
v 0.019521 -0.020966 0.003959
v 0.023718 -0.015456 0.000418
v 0.023433 -0.015706 0.000638
v 0.017658 -0.022836 0.005759
v 0.000317 -0.018943 0.020360
v 0.017654 -0.022831 0.005860
v 0.018082 -0.022507 0.005470
v 0.000475 -0.018940 0.020360
v 0.023359 -0.015616 0.001070
v 0.017645 -0.022740 0.006427
v 0.018907 -0.021820 0.005500
v 0.000903 -0.019232 0.020577
v 0.000858 -0.018926 0.020360
v 0.001452 -0.018623 0.020138
v 0.023620 -0.015180 0.001297
v 0.017999 -0.022335 0.006817
v 0.017645 -0.022714 0.006523
v 0.009749 -0.020715 0.012737
v 0.025616 -0.012381 0.000189
v 0.025394 -0.012759 0.000235
v 0.025281 -0.012726 0.000430
v 0.025584 -0.012375 0.000235
v 0.025307 -0.012735 0.000379
v 0.025364 -0.012752 0.000282
v 0.025335 -0.012744 0.000330
v 0.002206 -0.018817 0.020360
v 0.018796 -0.021692 0.006756
v 0.017422 -0.022243 0.007804
v 0.009792 -0.020513 0.012863
v 0.009762 -0.020635 0.012788
v 0.009776 -0.020574 0.012827
v 0.009810 -0.020463 0.012893
v 0.002370 -0.018797 0.020360
v 0.009829 -0.020413 0.012920
v 0.009850 -0.020366 0.012946
v 0.008308 -0.018193 0.015120
v 0.009874 -0.020320 0.012970
v 0.024908 -0.013073 0.000902
v 0.024611 -0.013616 0.000916
v 0.024623 -0.013620 0.000862
v 0.024590 -0.013609 0.001029
v 0.024600 -0.013613 0.000972
v 0.024582 -0.013606 0.001087
v 0.009899 -0.020277 0.012992
v 0.009926 -0.020235 0.013012
v 0.009955 -0.020195 0.013030
v 0.009985 -0.020157 0.013045
v 0.019340 -0.021205 0.006764
v 0.010017 -0.020121 0.013059
v 0.010051 -0.020087 0.013072
v 0.010086 -0.020055 0.013082
v 0.010122 -0.020025 0.013090
v 0.017131 -0.021871 0.008506
v 0.017657 -0.021792 0.008137
v 0.018025 -0.020802 0.008820
v 0.010159 -0.019996 0.013096
v 0.024567 -0.013597 0.001542
v 0.006711 -0.017992 0.015921
v 0.005410 -0.018425 0.015921
v 0.024570 -0.013599 0.001602
v 0.003129 -0.018685 0.020360
v 0.024574 -0.013601 0.001663
v 0.024583 -0.013604 0.001761
v 0.003345 -0.018648 0.020360
v 0.024596 -0.013606 0.001856
v 0.016761 -0.021415 0.009181
v 0.018380 -0.021212 0.008107
v 0.016704 -0.021376 0.009250
v 0.024612 -0.013609 0.001962
v 0.016644 -0.021342 0.009315
v 0.016582 -0.021312 0.009377
v 0.024869 -0.013059 0.001696
v 0.016518 -0.021286 0.009436
v 0.024245 -0.014508 0.002556
v 0.024884 -0.013063 0.001825
v 0.024710 -0.013619 0.002398
v 0.024185 -0.014933 0.003161
v 0.011560 -0.019221 0.013096
v 0.016205 -0.020602 0.010109
v 0.011597 -0.019192 0.013101
v 0.016118 -0.020524 0.010209
v 0.011635 -0.019165 0.013103
v 0.011674 -0.019140 0.013104
v 0.016045 -0.020452 0.010296
v 0.011714 -0.019117 0.013103
v 0.024574 -0.014176 0.002972
v 0.011756 -0.019096 0.013100
v 0.011799 -0.019077 0.013095
v 0.011843 -0.019061 0.013088
v 0.011887 -0.019046 0.013079
v 0.011933 -0.019034 0.013068
v 0.017286 -0.020376 0.009649
v 0.011980 -0.019023 0.013056
v 0.010813 -0.016825 0.015120
v 0.012024 -0.019016 0.013042
v 0.012108 -0.019007 0.013013
v 0.012178 -0.019006 0.012985
v 0.012238 -0.019009 0.012958
v 0.012288 -0.019014 0.012934
v 0.012371 -0.019027 0.012890
v 0.024638 -0.014258 0.003305
v 0.016877 -0.020107 0.010074
v 0.016807 -0.020082 0.010130
v 0.004766 -0.018654 0.020577
v 0.016795 -0.020011 0.010184
v 0.016743 -0.019995 0.010224
v 0.016735 -0.019920 0.010277
v 0.016682 -0.019907 0.010315
v 0.005037 -0.018264 0.020360
v 0.004666 -0.018362 0.020360
v 0.005138 -0.018236 0.020360
v 0.005338 -0.018178 0.020360
v 0.018439 -0.019792 0.009329
v 0.024748 -0.014271 0.003663
v 0.018421 -0.019731 0.009386
v 0.018407 -0.019666 0.009442
v 0.024606 -0.014720 0.004066
v 0.017431 -0.019514 0.010149
v 0.025101 -0.013522 0.003462
v 0.017379 -0.019407 0.010248
v 0.005628 -0.018090 0.020360
v 0.005773 -0.018045 0.020360
v 0.027579 -0.006980 0.000193
v 0.027546 -0.006962 0.000245
v 0.027648 -0.006546 0.000245
v 0.024288 -0.015609 0.005500
v 0.027605 -0.006525 0.000320
v 0.025186 -0.013831 0.004332
v 0.006260 -0.018208 0.020577
v 0.006137 -0.017924 0.020360
v 0.027560 -0.006506 0.000404
v 0.006628 -0.017464 0.020138
v 0.025239 -0.013827 0.004558
v 0.027655 -0.006090 0.000404
v 0.025499 -0.013227 0.004294
v 0.025271 -0.013824 0.004721
v 0.027612 -0.006075 0.000491
v 0.027434 -0.006438 0.000723
v 0.025295 -0.013822 0.004859
v 0.027572 -0.006063 0.000585
v 0.025559 -0.013223 0.004552
v 0.025006 -0.014431 0.005486
v 0.025312 -0.013821 0.004980
v 0.025324 -0.013822 0.005087
v 0.025598 -0.013220 0.004752
v 0.025332 -0.013824 0.005180
v 0.007400 -0.017440 0.020360
v 0.025625 -0.013217 0.004924
v 0.024146 -0.015518 0.006756
v 0.007557 -0.017373 0.020360
v 0.025644 -0.013217 0.005076
v 0.025656 -0.013217 0.005211
v 0.025338 -0.013827 0.005785
v 0.025333 -0.013824 0.005879
v 0.025324 -0.013823 0.005975
v 0.025313 -0.013822 0.006071
v 0.025298 -0.013823 0.006166
v 0.025663 -0.013219 0.005738
v 0.027502 -0.005645 0.001356
v 0.025281 -0.013825 0.006261
v 0.008255 -0.017053 0.020360
v 0.025656 -0.013218 0.005864
v 0.024817 -0.014375 0.006832
v 0.025260 -0.013828 0.006356
v 0.027503 -0.005646 0.001479
v 0.025238 -0.013831 0.006445
v 0.025644 -0.013217 0.005992
v 0.008445 -0.016959 0.020360
v 0.028310 -0.002827 0.000189
v 0.028237 -0.003212 0.000235
v 0.028147 -0.003220 0.000379
v 0.028056 -0.003736 0.000430
v 0.028176 -0.003219 0.000330
v 0.025210 -0.013836 0.006545
v 0.027657 -0.004877 0.001204
v 0.027507 -0.005647 0.001239
v 0.027663 -0.004876 0.001146
v 0.028278 -0.002832 0.000235
v 0.028206 -0.003216 0.000282
v 0.028120 -0.003221 0.000430
v 0.028004 -0.003734 0.000536
v 0.028029 -0.003735 0.000482
v 0.025627 -0.013218 0.006120
v 0.027510 -0.005649 0.001630
v 0.027653 -0.004875 0.001260
v 0.023612 -0.015174 0.008107
v 0.027650 -0.004876 0.001319
v 0.025605 -0.013220 0.006246
v 0.027649 -0.004875 0.001379
v 0.025578 -0.013223 0.006373
v 0.027649 -0.004875 0.001438
v 0.027995 -0.003334 0.000683
v 0.025548 -0.013227 0.006496
v 0.027539 -0.005655 0.001893
v 0.027650 -0.004876 0.001504
v 0.027786 -0.004102 0.001168
v 0.027653 -0.004876 0.001564
v 0.025511 -0.013231 0.006623
v 0.025027 -0.013735 0.007200
v 0.027660 -0.004879 0.001665
v 0.027777 -0.004101 0.001283
v 0.027575 -0.005665 0.002108
v 0.024982 -0.013730 0.007299
v 0.027670 -0.004879 0.001763
v 0.024930 -0.013725 0.007408
v 0.027774 -0.004101 0.001402
v 0.024880 -0.013719 0.007505
v 0.027682 -0.004878 0.001858
v 0.027777 -0.004102 0.001525
v 0.024234 -0.014121 0.008136
v 0.024822 -0.013710 0.007615
v 0.027697 -0.004884 0.001958
v 0.024765 -0.013700 0.007717
v 0.025334 -0.013165 0.007194
v 0.027633 -0.005681 0.002382
v 0.024716 -0.013689 0.007803
v 0.016842 -0.015037 0.012981
v 0.025271 -0.013161 0.007332
v 0.027716 -0.004882 0.002065
v 0.016855 -0.014963 0.013012
v 0.027788 -0.004103 0.001698
v 0.025203 -0.013155 0.007469
v 0.016873 -0.014891 0.013038
v 0.027737 -0.004892 0.002181
v 0.027686 -0.005711 0.002612
v 0.016896 -0.014823 0.013060
v 0.025130 -0.013146 0.007607
v 0.027803 -0.004102 0.001826
v 0.016924 -0.014757 0.013077
v 0.015115 -0.013097 0.015120
v 0.025050 -0.013134 0.007749
v 0.016957 -0.014694 0.013090
v 0.027772 -0.004887 0.002330
v 0.009805 -0.016570 0.020577
v 0.016993 -0.014634 0.013099
v 0.024976 -0.013119 0.007875
v 0.017034 -0.014577 0.013103
v 0.027835 -0.004103 0.002028
v 0.017079 -0.014524 0.013104
v 0.027805 -0.004904 0.002478
v 0.009962 -0.016115 0.020360
v 0.009634 -0.016313 0.020360
v 0.024304 -0.013461 0.008505
v 0.017128 -0.014474 0.013100
v 0.017181 -0.014428 0.013091
v 0.010056 -0.016056 0.020360
v 0.010243 -0.015938 0.020360
v 0.017237 -0.014385 0.013079
v 0.017297 -0.014347 0.013062
v 0.027853 -0.004930 0.002675
v 0.027886 -0.004104 0.002276
v 0.022527 -0.013915 0.009872
v 0.023070 -0.013807 0.009492
v 0.027836 -0.005762 0.003165
v 0.022400 -0.013864 0.009993
v 0.024621 -0.012952 0.008456
v 0.024097 -0.013378 0.008777
v 0.024170 -0.013411 0.008682
v 0.024036 -0.013346 0.008858
v 0.023977 -0.013312 0.008934
v 0.024241 -0.013439 0.008588
v 0.022274 -0.013817 0.010109
v 0.023922 -0.013275 0.009007
v 0.022166 -0.013773 0.010209
v 0.023867 -0.013232 0.009082
v 0.022072 -0.013731 0.010296
v 0.023816 -0.013188 0.009151
v 0.010486 -0.015779 0.020360
v 0.027941 -0.004917 0.002976
v 0.023770 -0.013142 0.009216
v 0.023728 -0.013094 0.009277
v 0.010606 -0.015698 0.020360
v 0.023694 -0.013050 0.009329
v 0.022970 -0.013254 0.009835
v 0.022894 -0.013245 0.009898
v 0.022852 -0.013188 0.009956
v 0.022777 -0.013184 0.010016
v 0.028021 -0.004116 0.002805
v 0.028029 -0.004972 0.003308
v 0.028004 -0.005814 0.003782
v 0.022737 -0.013122 0.010074
v 0.022662 -0.013123 0.010130
v 0.022627 -0.013060 0.010184
v 0.022572 -0.013063 0.010224
v 0.022539 -0.012995 0.010277
v 0.022484 -0.013001 0.010315
v 0.011114 -0.015722 0.020577
v 0.010922 -0.015480 0.020360
v 0.023263 -0.012533 0.009920
v 0.028137 -0.004946 0.003665
v 0.028106 -0.005853 0.004219
v 0.018277 -0.013077 0.013062
v 0.023156 -0.012455 0.010038
v 0.023054 -0.012375 0.010149
v 0.028194 -0.004987 0.003899
v 0.018968 -0.012903 0.012702
v 0.018475 -0.012972 0.012984
v 0.018410 -0.012999 0.013013
v 0.018336 -0.013039 0.013042
v 0.018661 -0.012918 0.012890
v 0.018579 -0.012937 0.012934
v 0.018531 -0.012952 0.012958
v 0.018746 -0.012906 0.012841
v 0.016825 -0.010813 0.015120
v 0.018790 -0.012902 0.012815
v 0.018833 -0.012900 0.012788
v 0.018900 -0.012899 0.012746
v 0.028212 -0.004122 0.003463
v 0.022969 -0.012293 0.010248
v 0.028172 -0.005882 0.004565
v 0.028252 -0.004969 0.004118
v 0.028213 -0.005899 0.004842
v 0.028293 -0.005001 0.004320
v 0.028328 -0.004988 0.004481
v 0.028238 -0.005909 0.005077
v 0.028361 -0.004115 0.004004
v 0.011999 -0.014662 0.020360
v 0.028353 -0.005009 0.004637
v 0.028253 -0.005915 0.005293
v 0.012136 -0.014548 0.020360
v 0.028376 -0.005000 0.004774
v 0.028391 -0.005013 0.004897
v 0.028258 -0.005918 0.005492
v 0.028451 -0.004113 0.004393
v 0.028406 -0.005006 0.005017
v 0.028257 -0.005916 0.005682
v 0.028415 -0.005014 0.005126
v 0.028424 -0.005010 0.005235
v 0.028506 -0.004111 0.004695
v 0.028248 -0.005912 0.005871
v 0.028428 -0.005015 0.005340
v 0.028432 -0.005013 0.005435
v 0.028231 -0.005904 0.006063
v 0.012715 -0.014045 0.020360
v 0.028542 -0.004108 0.004949
v 0.028433 -0.005014 0.005534
v 0.028432 -0.005014 0.005626
v 0.028206 -0.005892 0.006254
v 0.012867 -0.013906 0.020360
v 0.028430 -0.005011 0.005720
v 0.028564 -0.004106 0.005174
v 0.028425 -0.005013 0.005814
v 0.028173 -0.005878 0.006444
v 0.028419 -0.005007 0.005910
v 0.028576 -0.004105 0.005380
v 0.028409 -0.005011 0.006006
v 0.028132 -0.005860 0.006633
v 0.028400 -0.005002 0.006102
v 0.028578 -0.004104 0.005571
v 0.028386 -0.005007 0.006197
v 0.028082 -0.005839 0.006821
v 0.028372 -0.004995 0.006292
v 0.028573 -0.004104 0.005758
v 0.028354 -0.005002 0.006387
v 0.028019 -0.005814 0.007025
v 0.028336 -0.004987 0.006482
v 0.028560 -0.004104 0.005949
v 0.028312 -0.004995 0.006578
v 0.027944 -0.005784 0.007230
v 0.028291 -0.004978 0.006671
v 0.028538 -0.004105 0.006140
v 0.028264 -0.004987 0.006763
v 0.027855 -0.005753 0.007442
v 0.018355 -0.010021 0.014314
v 0.020133 -0.010901 0.012737
v 0.020096 -0.010829 0.012788
v 0.020048 -0.010713 0.012863
v 0.020032 -0.010662 0.012893
v 0.020018 -0.010611 0.012920
v 0.020176 -0.010973 0.012681
v 0.020007 -0.010560 0.012946
v 0.019999 -0.010509 0.012970
v 0.019994 -0.010459 0.012992
v 0.019991 -0.010409 0.013012
v 0.020070 -0.010771 0.012827
v 0.028238 -0.004966 0.006860
v 0.028508 -0.004106 0.006330
v 0.028202 -0.004977 0.006962
v 0.027757 -0.005718 0.007647
v 0.028168 -0.004952 0.007068
v 0.028468 -0.004107 0.006521
v 0.028128 -0.004962 0.007166
v 0.019139 -0.009578 0.013910
v 0.019992 -0.010312 0.013045
v 0.019996 -0.010264 0.013059
v 0.020037 -0.010079 0.013096
v 0.020053 -0.010035 0.013101
v 0.020003 -0.010216 0.013072
v 0.019990 -0.010360 0.013030
v 0.020012 -0.010170 0.013082
v 0.020024 -0.010124 0.013090
v 0.027641 -0.005681 0.007863
v 0.028089 -0.004936 0.007270
v 0.019156 -0.009536 0.013913
v 0.020566 -0.009354 0.012969
v 0.028420 -0.004109 0.006708
v 0.028039 -0.004948 0.007378
v 0.014085 -0.012670 0.020360
v 0.014058 -0.013155 0.020577
v 0.013826 -0.012953 0.020360
v 0.027518 -0.005644 0.008071
v 0.027994 -0.004919 0.007483
v 0.028361 -0.004110 0.006901
v 0.027943 -0.004929 0.007581
v 0.014164 -0.012583 0.020360
v 0.014318 -0.012407 0.020360
v 0.027892 -0.004900 0.007686
v 0.028289 -0.004110 0.007105
v 0.027357 -0.005609 0.008313
v 0.027828 -0.004910 0.007797
v 0.027225 -0.005574 0.008495
v 0.027769 -0.004880 0.007904
v 0.028203 -0.004110 0.007312
v 0.027703 -0.004887 0.008009
v 0.027085 -0.005540 0.008677
v 0.027642 -0.004860 0.008108
v 0.028106 -0.004109 0.007519
v 0.014498 -0.012196 0.020360
v 0.027582 -0.004863 0.008196
v 0.026946 -0.005507 0.008846
v 0.027524 -0.004865 0.008278
v 0.027997 -0.004106 0.007728
v 0.014587 -0.012089 0.020360
v 0.027460 -0.004840 0.008371
v 0.026802 -0.005477 0.009010
v 0.027390 -0.004838 0.008464
v 0.027871 -0.004101 0.007943
v 0.027325 -0.004817 0.008552
v 0.026652 -0.005449 0.009172
v 0.027249 -0.004811 0.008646
v 0.026499 -0.005425 0.009331
v 0.027177 -0.004792 0.008736
v 0.027747 -0.004093 0.008137
v 0.027110 -0.004782 0.008816
v 0.027668 -0.004099 0.008250
v 0.026350 -0.005404 0.009479
v 0.027038 -0.004768 0.008900
v 0.026971 -0.004754 0.008976
v 0.026205 -0.005388 0.009618
v 0.027539 -0.004085 0.008429
v 0.015077 -0.011975 0.020577
v 0.014829 -0.011791 0.020360
v 0.026891 -0.004742 0.009064
v 0.026063 -0.005376 0.009750
v 0.026825 -0.004725 0.009137
v 0.025928 -0.005371 0.009872
v 0.027397 -0.004069 0.008613
v 0.026745 -0.004719 0.009220
v 0.025791 -0.005367 0.009993
v 0.026674 -0.004696 0.009295
v 0.026594 -0.004694 0.009374
v 0.025657 -0.005365 0.010109
v 0.027252 -0.004050 0.008789
v 0.026526 -0.004668 0.009445
v 0.025540 -0.005362 0.010209
v 0.026449 -0.004671 0.009518
v 0.025437 -0.005354 0.010296
v 0.027113 -0.004028 0.008949
v 0.026384 -0.004642 0.009584
v 0.026308 -0.004650 0.009653
v 0.025162 -0.005383 0.010518
v 0.025331 -0.005348 0.010385
v 0.025224 -0.005346 0.010473
v 0.026970 -0.004003 0.009107
v 0.026246 -0.004617 0.009716
v 0.025084 -0.005370 0.010583
v 0.026171 -0.004630 0.009782
v 0.026118 -0.004599 0.009835
v 0.026044 -0.004616 0.009898
v 0.026824 -0.003976 0.009262
v 0.025985 -0.004577 0.009956
v 0.025912 -0.004599 0.010016
v 0.026677 -0.003946 0.009412
v 0.025854 -0.004555 0.010074
v 0.025784 -0.004580 0.010130
v 0.025729 -0.004534 0.010184
v 0.026536 -0.003915 0.009552
v 0.025678 -0.004555 0.010224
v 0.025624 -0.004503 0.010277
v 0.025575 -0.004527 0.010315
v 0.026400 -0.003883 0.009683
v 0.025522 -0.004469 0.010368
v 0.015632 -0.010703 0.020360
v 0.025465 -0.004499 0.010411
v 0.026272 -0.003853 0.009804
v 0.025325 -0.004496 0.010526
v 0.025416 -0.004438 0.010460
v 0.025361 -0.004472 0.010500
v 0.025244 -0.004456 0.010598
v 0.025279 -0.004431 0.010573
v 0.026147 -0.003821 0.009921
v 0.015736 -0.010551 0.020360
v 0.026019 -0.003784 0.010038
v 0.025896 -0.003744 0.010149
v 0.019562 -0.006522 0.014563
v 0.025788 -0.003696 0.010248
v 0.025682 -0.003642 0.010344
v 0.025574 -0.003587 0.010440
v 0.015859 -0.009434 0.019913
v 0.015615 -0.010035 0.020026
v 0.015366 -0.009875 0.019684
v 0.019713 -0.006161 0.014535
v 0.019680 -0.006209 0.014550
v 0.025448 -0.003545 0.010549
v 0.019748 -0.006117 0.014517
v 0.023489 -0.004570 0.011943
v 0.016150 -0.009905 0.020360
v 0.023038 -0.004640 0.012272
v 0.022983 -0.004691 0.012306
v 0.023395 -0.004638 0.012005
v 0.016253 -0.009735 0.020360
v 0.016113 -0.009213 0.020026
v 0.015857 -0.009066 0.019684
v 0.016037 -0.008743 0.019684
v 0.015852 -0.008642 0.019335
v 0.016447 -0.009403 0.020360
v 0.016750 -0.009493 0.020577
v 0.023616 -0.003396 0.011998
v 0.016493 -0.008768 0.020138
v 0.024305 -0.002844 0.011526
v 0.022731 -0.003393 0.012669
v 0.022797 -0.003339 0.012625
v 0.022868 -0.003288 0.012577
v 0.022221 -0.003406 0.013056
v 0.022262 -0.003363 0.013030
v 0.022299 -0.003329 0.013006
v 0.021856 -0.003409 0.013338
v 0.021901 -0.003356 0.013309
v 0.021618 -0.003372 0.013527
v 0.019881 -0.005790 0.014489
v 0.022634 -0.002162 0.012858
v 0.021765 -0.002157 0.013534
v 0.023852 -0.000762 0.011994
v 0.023795 -0.000703 0.012039
v 0.023743 -0.000641 0.012080
v 0.021229 -0.002160 0.013961
v 0.017844 -0.001647 0.018961
v 0.017807 -0.002008 0.018961
v 0.017784 -0.002005 0.018855
v 0.017844 -0.001096 0.018292
v 0.017848 -0.001338 0.018148
v 0.017885 -0.001341 0.017977
v 0.017834 -0.001095 0.018430
v 0.017879 -0.000856 0.018868
v 0.017838 -0.001096 0.018662
v 0.017863 -0.000855 0.018774
v 0.018021 -0.000863 0.019305
v 0.018003 -0.001294 0.019322
v 0.017990 -0.000861 0.019236
v 0.018042 -0.001297 0.019402
v 0.018310 -0.000944 0.019774
v 0.018287 -0.001315 0.019774
v 0.018248 -0.001312 0.019724
v 0.018211 -0.001309 0.019674
v 0.018175 -0.001307 0.019622
v 0.018099 -0.000622 0.019440
v 0.018063 -0.000621 0.019373
v 0.018350 -0.000946 0.019823
v 0.018391 -0.000948 0.019871
v 0.018434 -0.000950 0.019919
v 0.018176 -0.000624 0.019570
v 0.018136 -0.000623 0.019505
v 0.018478 -0.000953 0.019966
v 0.018523 -0.000955 0.020012
v 0.018569 -0.000957 0.020058
v 0.018617 -0.000960 0.020104
v 0.018681 -0.001539 0.020196
v 0.018312 -0.000629 0.019760
v 0.018264 -0.000627 0.019697
v 0.018667 -0.000962 0.020150
v 0.018363 -0.000631 0.019822
v 0.018718 -0.000965 0.020195
v 0.018416 -0.000633 0.019884
v 0.019066 -0.001053 0.020470
v 0.018479 -0.000385 0.019945
v 0.018219 -0.000626 0.019634
v 0.018734 -0.000586 0.020195
v 0.018538 -0.000386 0.020007
v 0.018787 -0.000587 0.020240
v 0.018600 -0.000388 0.020068
v 0.018842 -0.000589 0.020286
v 0.018899 -0.000591 0.020331
v 0.018666 -0.000389 0.020130
v 0.018958 -0.000593 0.020376
v 0.018735 -0.000390 0.020191
v 0.019019 -0.000595 0.020422
v 0.018807 -0.000392 0.020253
v 0.019082 -0.000597 0.020467
v 0.019148 -0.000599 0.020513
v 0.018883 -0.000394 0.020315
v 0.019248 -0.000602 0.020580
v 0.018982 -0.000396 0.020391
v 0.019255 -0.000301 0.020580
v 0.019345 -0.000302 0.020637
v 0.028162 0.003922 0.000213
v 0.028100 0.004346 0.000213
v 0.028083 0.004345 0.000239
v 0.027979 0.002936 0.000888
v 0.028065 0.004344 0.000265
v 0.027878 0.003717 0.000925
v 0.027869 0.003915 0.000850
v 0.027892 0.005527 0.000213
v 0.027875 0.005522 0.000239
v 0.027858 0.005517 0.000265
v 0.027821 0.004306 0.000813
v 0.027786 0.006037 0.000213
v 0.027616 0.005469 0.000813
v 0.027532 0.005853 0.000831
v 0.027472 0.006043 0.000906
v 0.027296 0.006810 0.000888
v 0.025230 0.013131 0.000201
v 0.025086 0.012895 0.000648
v 0.024779 0.013955 0.000207
v 0.024953 0.013173 0.000620
v 0.024566 0.014326 0.000207
v 0.024347 0.014695 0.000207
v 0.024173 0.014734 0.000418
v 0.024393 0.014368 0.000418
v 0.024236 0.014878 0.000207
v 0.024502 0.013988 0.000626
v 0.024123 0.015060 0.000207
v 0.023948 0.015097 0.000418
v 0.024861 0.013051 0.001290
v 0.023893 0.015422 0.000207
v 0.023776 0.015602 0.000207
v 0.024712 0.013325 0.001386
v 0.024025 0.014788 0.000632
v 0.023913 0.014969 0.000632
v 0.023800 0.015149 0.000632
v 0.023685 0.015328 0.000632
v 0.023675 0.015215 0.000850
v 0.023638 0.015191 0.001071
v 0.023383 0.015650 0.000872
v 0.020051 0.001009 0.015049
v 0.019668 0.020307 0.000496
v 0.018852 0.021291 0.000207
v 0.018691 0.021433 0.000207
v 0.018369 0.021541 0.000418
v 0.018691 0.021262 0.000418
v 0.019262 0.020596 0.000666
v 0.024048 0.005907 0.011298
v 0.023993 0.005940 0.011333
v 0.023948 0.005970 0.011362
v 0.018366 0.021712 0.000207
v 0.018042 0.021816 0.000418
v 0.023784 0.005959 0.011489
v 0.019058 0.001119 0.016045
v 0.018451 0.000463 0.016861
v 0.023739 0.005991 0.011516
v 0.018202 0.021850 0.000207
v 0.023697 0.006025 0.011541
v 0.018339 0.000461 0.017039
v 0.023657 0.006061 0.011564
v 0.023619 0.006098 0.011586
v 0.018551 0.021255 0.000632
v 0.018884 0.020909 0.000740
v 0.018429 0.021269 0.000850
v 0.017870 0.022122 0.000207
v 0.018390 0.021394 0.000632
v 0.018314 0.000690 0.017068
v 0.020404 0.002969 0.014565
v 0.019058 0.001680 0.016000
v 0.018228 0.021532 0.000632
v 0.018228 0.000687 0.017219
v 0.018169 0.000685 0.017332
v 0.018038 0.000558 0.017633
v 0.018115 0.000683 0.017443
v 0.018069 0.000681 0.017546
v 0.018006 0.000557 0.017717
v 0.017975 0.000556 0.017806
v 0.018400 0.021235 0.001071
v 0.017949 0.000555 0.017892
v 0.018743 0.020903 0.001410
v 0.018387 0.021220 0.001297
v 0.019992 0.003360 0.014871
v 0.019846 0.002786 0.015082
v 0.018656 0.003364 0.016201
v 0.018256 0.005005 0.016234
v 0.018939 0.002247 0.016067
v 0.017661 0.021948 0.000748
v 0.017861 0.000432 0.018499
v 0.017861 0.000432 0.018553
v 0.017111 0.022398 0.000703
v 0.017992 0.000300 0.019195
v 0.018012 0.000300 0.019244
v 0.016574 0.022873 0.000548
v 0.017851 0.021669 0.001419
v 0.017839 0.000984 0.018463
v 0.017833 0.001104 0.018430
v 0.017832 0.001104 0.018550
v 0.017844 0.001105 0.018292
v 0.017847 0.001226 0.018204
v 0.017864 0.001106 0.018148
v 0.017884 0.001350 0.017977
v 0.017839 0.000984 0.018535
v 0.017979 0.000735 0.019194
v 0.017962 0.000869 0.019166
v 0.017915 0.000867 0.019021
v 0.017937 0.000868 0.019094
v 0.017994 0.000735 0.019231
v 0.017817 0.001380 0.018643
v 0.017888 0.001203 0.018995
v 0.017895 0.000866 0.018945
v 0.018185 0.000895 0.019600
v 0.018105 0.001315 0.019515
v 0.018139 0.001318 0.019569
v 0.018177 0.000606 0.019570
v 0.018220 0.000608 0.019634
v 0.018174 0.001320 0.019622
v 0.017918 0.002629 0.017482
v 0.017906 0.002200 0.017648
v 0.018161 0.002317 0.017100
v 0.016748 0.022533 0.001421
v 0.017913 0.001484 0.019143
v 0.017904 0.001666 0.019160
v 0.017935 0.001668 0.019239
v 0.017843 0.001660 0.018961
v 0.017871 0.001663 0.019065
v 0.022020 0.009070 0.012032
v 0.019340 0.007067 0.014590
v 0.019522 0.006595 0.014576
v 0.019381 0.006960 0.014588
v 0.019496 0.006646 0.014583
v 0.019359 0.007013 0.014590
v 0.022005 0.009117 0.012029
v 0.023711 0.014008 0.008803
v 0.017849 0.001843 0.019048
v 0.017862 0.001844 0.019090
v 0.018097 0.001499 0.019525
v 0.018124 0.001845 0.019617
v 0.017972 0.001672 0.019322
v 0.018903 0.005611 0.015389
v 0.018209 0.005069 0.016267
v 0.018232 0.005036 0.016251
v 0.018103 0.005436 0.016267
v 0.021807 0.010260 0.011813
v 0.017969 0.004371 0.016808
v 0.017855 0.004070 0.017092
v 0.021863 0.010729 0.011617
v 0.021881 0.010770 0.011590
v 0.018781 0.005857 0.015433
v 0.018081 0.005469 0.016280
v 0.018061 0.005503 0.016292
v 0.018042 0.005537 0.016302
v 0.018721 0.006047 0.015433
v 0.017926 0.005901 0.016302
v 0.019241 0.001753 0.020621
v 0.018891 0.001844 0.020387
v 0.018621 0.006281 0.015455
v 0.017908 0.005936 0.016310
v 0.017891 0.005971 0.016316
v 0.017817 0.004912 0.016824
v 0.018612 0.006299 0.015457
v 0.017875 0.006007 0.016321
v 0.017804 0.004933 0.016835
v 0.018984 0.002002 0.020465
v 0.017764 0.005063 0.016840
v 0.018547 0.006488 0.015457
v 0.017750 0.006368 0.016321
v 0.017647 0.004859 0.017108
v 0.017637 0.004875 0.017117
v 0.017628 0.004891 0.017124
v 0.017723 0.005194 0.016845
v 0.017710 0.005216 0.016853
v 0.018492 0.006637 0.015459
v 0.018482 0.006663 0.015460
v 0.018474 0.006681 0.015462
v 0.017734 0.006404 0.016323
v 0.018466 0.006700 0.015462
v 0.017721 0.006440 0.016324
v 0.018460 0.006720 0.015461
v 0.017708 0.006477 0.016323
v 0.019226 0.002287 0.020646
v 0.018934 0.002429 0.020465
v 0.017578 0.005070 0.017124
v 0.018451 0.006745 0.015461
v 0.017569 0.005086 0.017131
v 0.017561 0.005103 0.017137
v 0.018710 0.002658 0.020322
v 0.018571 0.002443 0.020185
v 0.017639 0.005420 0.016868
v 0.021228 0.012342 0.011460
v 0.017596 0.005550 0.016871
v 0.017473 0.005372 0.017148
v 0.017465 0.005389 0.017153
v 0.017387 0.005166 0.017422
v 0.017128 0.005314 0.017984
v 0.017290 0.004782 0.017961
v 0.017552 0.005680 0.016874
v 0.017542 0.005703 0.016879
v 0.017410 0.005566 0.017153
v 0.017402 0.005583 0.017157
v 0.017394 0.005600 0.017160
v 0.018984 0.002984 0.020553
v 0.018652 0.003036 0.020322
v 0.017469 0.005907 0.016886
v 0.018129 0.007394 0.015527
v 0.017424 0.006037 0.016888
v 0.018452 0.008071 0.014991
v 0.017090 0.007718 0.016453
v 0.010653 0.026367 0.000207
v 0.011403 0.025805 0.000632
v 0.017302 0.005869 0.017166
v 0.017295 0.005887 0.017168
v 0.017378 0.006166 0.016889
v 0.017218 0.005674 0.017441
v 0.016951 0.005844 0.017996
v 0.017368 0.006190 0.016890
v 0.017360 0.006214 0.016890
v 0.017234 0.006062 0.017168
v 0.018896 0.003495 0.020553
v 0.018587 0.003413 0.020322
v 0.017227 0.006079 0.017170
v 0.010255 0.026525 0.000207
v 0.017221 0.006097 0.017170
v 0.020601 0.013386 0.011450
v 0.017215 0.006115 0.017169
v 0.019299 0.021442 0.006004
v 0.010795 0.026036 0.000705
v 0.017172 0.006640 0.016932
v 0.017998 0.008547 0.015191
v 0.010599 0.026117 0.000705
v 0.018116 0.009027 0.014899
v 0.010277 0.026273 0.000632
v 0.009301 0.026874 0.000207
v 0.017649 0.008791 0.015390
v 0.008895 0.027011 0.000207
v 0.008834 0.026896 0.000418
v 0.008691 0.027078 0.000207
v 0.008427 0.027026 0.000418
v 0.010494 0.026046 0.001243
v 0.008282 0.027206 0.000207
v 0.008077 0.027267 0.000207
v 0.008173 0.027002 0.000632
v 0.008377 0.026940 0.000632
v 0.007970 0.027063 0.000632
v 0.017731 0.022315 0.007311
v 0.007916 0.026960 0.001071
v 0.017354 0.022666 0.007204
v 0.016752 0.011745 0.014704
v 0.015373 0.011508 0.015921
v 0.016154 0.010382 0.015921
v 0.016706 0.012222 0.014496
v 0.016911 0.012902 0.014017
v 0.016259 0.012810 0.014496
v 0.017362 0.007583 0.020360
v 0.017805 0.007327 0.020577
v 0.017512 0.007230 0.020360
v 0.017158 0.017070 0.011733
v 0.015728 0.016193 0.012984
v 0.015710 0.016301 0.012934
v 0.015717 0.016252 0.012958
v 0.015705 0.016385 0.012890
v 0.015706 0.016471 0.012841
v 0.015709 0.016515 0.012815
v 0.015737 0.016691 0.012702
v 0.015723 0.016625 0.012746
v 0.015713 0.016559 0.012788
v 0.017150 0.017157 0.011690
v 0.017149 0.017245 0.011642
v 0.017151 0.017290 0.011617
v 0.015398 0.009458 0.017572
v 0.015233 0.009790 0.017487
v 0.015113 0.009713 0.017868
v 0.017601 0.007805 0.020577
v 0.015373 0.009229 0.017994
v 0.015478 0.009292 0.017615
v 0.015045 0.009669 0.018244
v 0.017204 0.007933 0.020360
v 0.015872 0.012910 0.014704
v 0.014512 0.012575 0.015921
v 0.016240 0.008272 0.019626
v 0.016225 0.008059 0.019452
v 0.016018 0.008331 0.019335
v 0.015341 0.009210 0.018182
v 0.017230 0.008229 0.020469
v 0.016958 0.008030 0.020213
v 0.016298 0.018307 0.011495
v 0.014023 0.018189 0.012681
v 0.015257 0.009300 0.018614
v 0.015032 0.009660 0.018614
v 0.017409 0.008483 0.020649
v 0.014973 0.011209 0.016515
v 0.014026 0.012154 0.016711
v 0.015613 0.010034 0.016711
v 0.017060 0.008576 0.020469
v 0.015651 0.009001 0.019335
v 0.015565 0.009270 0.019452
v 0.016240 0.008761 0.019913
v 0.015273 0.009310 0.018796
v 0.015079 0.009690 0.018978
v 0.015529 0.009107 0.019216
v 0.015522 0.008963 0.018978
v 0.017084 0.008879 0.020577
v 0.016859 0.008643 0.020360
v 0.015308 0.009474 0.019216
v 0.015189 0.009761 0.019335
v 0.015693 0.009346 0.019684
v 0.010779 0.026767 0.005144
v 0.016900 0.009223 0.020577
v 0.015378 0.019103 0.011485
v 0.002016 0.028206 0.000480
v 0.014759 0.014210 0.014679
v 0.013578 0.013578 0.015921
v 0.014560 0.014774 0.014458
v 0.000643 0.028431 0.000207
v 0.001406 0.028169 0.000653
v 0.000214 0.028437 0.000207
v 0.000427 0.028307 0.000418
v 0.000000 0.028310 0.000418
v 0.011321 0.026437 0.006540
v 0.000000 0.028438 0.000207
v 0.015514 0.010190 0.020026
v 0.014066 0.014896 0.014679
v 0.012575 0.014512 0.015921
v 0.013097 0.015115 0.015120
v 0.015463 0.010267 0.020026
v 0.014264 0.019798 0.011580
v -0.000260 0.028437 0.000207
v -0.000518 0.028305 0.000418
v 0.010705 0.026739 0.006327
v 0.014201 0.019783 0.011618
v 0.014139 0.019771 0.011653
v 0.014084 0.019763 0.011683
v 0.013917 0.019716 0.011787
v 0.013693 0.018096 0.012893
v 0.013746 0.018104 0.012863
v 0.013868 0.018132 0.012788
v 0.013945 0.018158 0.012737
v 0.013807 0.018116 0.012827
v 0.001765 0.028020 0.001376
v 0.001177 0.028076 0.001056
v 0.000213 0.028211 0.000632
v 0.000803 0.028165 0.000733
v 0.000000 0.028142 0.000850
v -0.000781 0.028428 0.000207
v 0.010370 0.026824 0.006540
v 0.000000 0.028212 0.000632
v 0.009438 0.027270 0.005908
v -0.000258 0.028211 0.000632
v 0.014678 0.010944 0.019742
v 0.014996 0.011136 0.020138
v 0.014966 0.010855 0.019951
v 0.013226 0.013226 0.016515
v 0.012154 0.014026 0.016711
v 0.000000 0.028098 0.001071
v 0.014703 0.011208 0.019951
v 0.000588 0.028069 0.001403
v 0.000000 0.028078 0.001297
v -0.000848 0.028159 0.000748
v -0.001176 0.028072 0.001087
v 0.009686 0.026945 0.006974
v 0.015501 0.011419 0.020577
v 0.012714 0.016110 0.014648
v 0.011508 0.015373 0.015921
v -0.002062 0.028206 0.000473
v 0.012506 0.016617 0.014412
v -0.000588 0.028069 0.001419
v 0.014276 0.011861 0.020026
v 0.008718 0.027274 0.006974
v -0.001783 0.028079 0.000876
v 0.014156 0.012005 0.020026
v 0.013804 0.011962 0.019684
v 0.014027 0.012155 0.020026
v 0.011933 0.016697 0.014648
v 0.010382 0.016154 0.015921
v 0.013910 0.012290 0.020026
v 0.013784 0.012430 0.020026
v -0.001765 0.028020 0.001421
v 0.008975 0.026088 0.008745
v 0.011209 0.014973 0.016515
v 0.010034 0.015613 0.016711
v 0.012930 0.012963 0.019742
v 0.013174 0.013242 0.020138
v 0.013200 0.012945 0.019951
v 0.012888 0.013255 0.019951
v 0.009788 0.022454 0.011507
v 0.008249 0.021344 0.012746
v 0.008237 0.021410 0.012702
v 0.010465 0.017565 0.014716
v 0.009203 0.016854 0.015921
v 0.010247 0.018607 0.014040
v 0.010281 0.017942 0.014513
v 0.013544 0.013684 0.020577
v 0.012303 0.013898 0.020026
v 0.012377 0.013832 0.020026
v 0.011961 0.013804 0.019684
v 0.012155 0.014028 0.020026
v 0.009634 0.018297 0.014513
v 0.012019 0.014144 0.020026
v 0.008199 0.023079 0.011510
v -0.008077 0.027267 0.000207
v 0.011951 0.014202 0.020026
v 0.009185 0.018267 0.014716
v 0.007977 0.017467 0.015921
v -0.008282 0.027206 0.000207
v -0.008427 0.027026 0.000418
v -0.008691 0.027078 0.000207
v -0.008834 0.026896 0.000418
v -0.008895 0.027011 0.000207
v -0.007970 0.027063 0.000632
v -0.008173 0.027002 0.000632
v 0.011005 0.014632 0.019742
v 0.011262 0.014902 0.020138
v 0.011310 0.014625 0.019951
v -0.009301 0.026874 0.000207
v 0.008964 0.016416 0.016515
v 0.007710 0.016882 0.016711
v 0.001118 0.028828 0.005988
v -0.008377 0.026940 0.000632
v 0.007016 0.023442 0.011527
v -0.001088 0.028782 0.004704
v -0.007916 0.026960 0.001071
v 0.010959 0.014890 0.019951
v 0.011677 0.015308 0.020577
v -0.010255 0.026525 0.000207
v 0.007724 0.019075 0.014600
v 0.007414 0.019524 0.014339
v -0.010653 0.026367 0.000207
v 0.010364 0.015398 0.020026
v -0.010277 0.026273 0.000632
v 0.010208 0.015502 0.020026
v 0.010035 0.015615 0.020026
v 0.009875 0.015366 0.019684
v -0.000903 0.028821 0.006113
v 0.006807 0.019420 0.014600
v 0.000826 0.028419 0.007465
v -0.010601 0.026121 0.000691
v 0.009892 0.015705 0.020026
v -0.010797 0.026041 0.000691
v 0.009732 0.015805 0.020026
v -0.011403 0.025805 0.000632
v -0.000831 0.028432 0.007437
v 0.006536 0.017525 0.016515
v 0.005229 0.017808 0.016711
v 0.008759 0.016078 0.019742
v 0.008921 0.016411 0.020138
v 0.009028 0.016134 0.019951
v 0.008641 0.016344 0.019951
v 0.004993 0.019832 0.014711
v 0.004082 0.018764 0.015921
v 0.009164 0.016933 0.020577
v 0.004659 0.020155 0.014507
v 0.004382 0.020796 0.014032
v 0.002253 0.023901 0.011884
v 0.001416 0.022563 0.012958
v 0.002214 0.023936 0.011860
v 0.001378 0.022597 0.012934
v 0.001264 0.022724 0.012841
v 0.001319 0.022657 0.012890
v 0.001237 0.022759 0.012815
v 0.001213 0.022795 0.012788
v 0.001178 0.022852 0.012746
v 0.007895 0.016798 0.020026
v 0.007987 0.016755 0.020026
v 0.007711 0.016884 0.020026
v 0.007588 0.016615 0.019684
v 0.002076 0.024113 0.011734
v 0.002014 0.024175 0.011690
v 0.001956 0.024242 0.011642
v 0.001929 0.024277 0.011617
v 0.001903 0.024313 0.011590
v 0.003936 0.020309 0.014507
v 0.007475 0.016990 0.020026
v 0.003565 0.020138 0.014711
v 0.002733 0.019007 0.015921
v 0.000620 0.024503 0.011495
v 0.006443 0.017138 0.019742
v 0.006742 0.017215 0.019951
v 0.003976 0.018276 0.016515
v 0.002641 0.018371 0.016711
v 0.006330 0.017370 0.019951
v 0.006916 0.017968 0.020577
v -0.000596 0.024516 0.011485
v -0.016576 0.022877 0.000537
v 0.001889 0.020411 0.014670
v 0.001370 0.019154 0.015921
v -0.017870 0.022122 0.000207
v 0.001390 0.020712 0.014445
v 0.005616 0.017691 0.020026
v -0.017111 0.022396 0.000707
v -0.017320 0.022126 0.001069
v 0.005436 0.017747 0.020026
v 0.005229 0.017809 0.020026
v 0.005146 0.017526 0.019684
v -0.018202 0.021850 0.000207
v -0.018042 0.021816 0.000418
v -0.018366 0.021712 0.000207
v -0.018369 0.021541 0.000418
v -0.001852 0.024396 0.011529
v -0.001896 0.024327 0.011580
v -0.008757 0.027393 0.006540
v -0.001934 0.024275 0.011618
v 0.000916 0.020477 0.014670
v 0.000000 0.019203 0.015921
v 0.005076 0.017854 0.020026
v -0.001974 0.024226 0.011653
v -0.018691 0.021433 0.000207
v -0.018691 0.021262 0.000418
v -0.002010 0.024185 0.011683
v -0.017663 0.021950 0.000739
v -0.002049 0.024146 0.011710
v 0.004895 0.017904 0.020026
v -0.009420 0.027218 0.006327
v -0.018852 0.021292 0.000207
v -0.016748 0.022533 0.001400
v -0.002184 0.023964 0.011841
v -0.001287 0.022694 0.012863
v -0.001248 0.022744 0.012827
v -0.001170 0.022865 0.012737
v -0.001212 0.022796 0.012788
v -0.001322 0.022654 0.012893
v -0.001359 0.022616 0.012920
v -0.001396 0.022580 0.012946
v -0.018228 0.021532 0.000632
v -0.018429 0.021269 0.000850
v -0.002223 0.023927 0.011866
v -0.018390 0.021394 0.000632
v -0.009729 0.027063 0.006540
v -0.010725 0.026790 0.005908
v -0.018551 0.021255 0.000632
v 0.001334 0.018656 0.016515
v 0.000000 0.018560 0.016711
v 0.003881 0.017893 0.019742
v 0.003949 0.018257 0.020138
v 0.004127 0.018021 0.019951
v -0.019340 0.020654 0.000446
v -0.017851 0.021669 0.001409
v -0.018387 0.021220 0.001297
v -0.018401 0.021235 0.001071
v 0.003697 0.018115 0.019951
v -0.009295 0.026813 0.007572
v -0.010325 0.026707 0.006974
v -0.019148 0.020617 0.000872
v -0.000910 0.020482 0.014666
v -0.001370 0.019154 0.015921
v 0.004048 0.018823 0.020577
v -0.010642 0.026534 0.007098
v -0.001382 0.020720 0.014439
v -0.018743 0.020903 0.001419
v -0.011271 0.026321 0.006974
v 0.002849 0.018341 0.020026
v 0.002953 0.018325 0.020026
v 0.002642 0.018372 0.020026
v 0.002600 0.018080 0.019684
v -0.001883 0.020416 0.014666
v -0.002733 0.019007 0.015921
v 0.002395 0.018406 0.020026
v 0.001360 0.018258 0.019742
v 0.001629 0.018416 0.019951
v -0.001334 0.018656 0.016515
v -0.002641 0.018371 0.016711
v -0.007054 0.023486 0.011485
v 0.001190 0.018450 0.019951
v -0.003569 0.020138 0.014711
v -0.004082 0.018764 0.015921
v 0.001601 0.019187 0.020577
v -0.004390 0.020796 0.014030
v -0.003942 0.020309 0.014505
v 0.000414 0.018556 0.020026
v -0.008224 0.023079 0.011502
v -0.008246 0.021358 0.012737
v -0.004664 0.020155 0.014505
v 0.000226 0.018560 0.020026
v 0.000000 0.018561 0.020026
v 0.000000 0.018266 0.019684
v -0.023776 0.015602 0.000207
v -0.023893 0.015422 0.000207
v -0.023948 0.015097 0.000418
v -0.000150 0.018560 0.020026
v -0.004997 0.019832 0.014711
v -0.000338 0.018558 0.020026
v -0.024123 0.015060 0.000207
v -0.024173 0.014734 0.000418
v -0.024236 0.014878 0.000207
v -0.024347 0.014695 0.000207
v -0.024393 0.014368 0.000418
v -0.023685 0.015328 0.000632
v -0.023800 0.015149 0.000632
v -0.009783 0.022429 0.011527
v -0.024566 0.014326 0.000207
v -0.023913 0.014969 0.000632
v -0.003976 0.018276 0.016515
v -0.005229 0.017808 0.016711
v -0.001311 0.018262 0.019742
v -0.001342 0.018631 0.020138
v -0.001107 0.018455 0.019951
v -0.024025 0.014788 0.000632
v -0.016993 0.023062 0.006937
v -0.024779 0.013955 0.000207
v -0.023638 0.015191 0.001071
v -0.001546 0.018423 0.019951
v -0.024498 0.013987 0.000638
v -0.025239 0.013134 0.000188
v -0.001392 0.019203 0.020577
v -0.025222 0.013128 0.000213
v -0.006806 0.019425 0.014596
v -0.017571 0.022525 0.007152
v -0.007412 0.019530 0.014334
v -0.017732 0.022318 0.007304
v -0.024944 0.013170 0.000644
v -0.002427 0.018402 0.020026
v -0.002599 0.018080 0.019684
v -0.002641 0.018372 0.020026
v -0.002320 0.018415 0.020026
v -0.025080 0.012893 0.000664
v -0.007723 0.019079 0.014596
v -0.007977 0.017467 0.015921
v -0.002878 0.018337 0.020026
v -0.003216 0.018170 0.019913
v -0.024712 0.013325 0.001388
v -0.024860 0.013051 0.001293
v -0.006536 0.017525 0.016515
v -0.007710 0.016882 0.016711
v -0.004045 0.018040 0.019951
v -0.003833 0.017903 0.019742
v -0.003844 0.018866 0.020577
v -0.009188 0.018265 0.014716
v -0.009203 0.016854 0.015921
v -0.010254 0.018602 0.014042
v -0.009639 0.018294 0.014514
v -0.004822 0.017924 0.020026
v -0.013924 0.019717 0.011783
v -0.013697 0.018096 0.012890
v -0.013783 0.018111 0.012841
v -0.013825 0.018121 0.012815
v -0.013995 0.018177 0.012702
v -0.013931 0.018153 0.012746
v -0.013868 0.018132 0.012788
v -0.014075 0.019758 0.011690
v -0.014162 0.019771 0.011642
v -0.014206 0.019781 0.011617
v -0.014249 0.019792 0.011590
v -0.005003 0.017874 0.020026
v -0.005146 0.017526 0.019684
v -0.005229 0.017809 0.020026
v -0.010286 0.017938 0.014514
v -0.005439 0.017746 0.020026
v -0.005544 0.017714 0.020026
v -0.010468 0.017563 0.014716
v -0.010382 0.016154 0.015921
v -0.015351 0.019108 0.011495
v -0.008964 0.016416 0.016515
v -0.010034 0.015613 0.016711
v -0.006397 0.017155 0.019742
v -0.006524 0.017503 0.020138
v -0.006251 0.017399 0.019951
v -0.027769 0.006159 0.000199
v -0.016288 0.018333 0.011485
v -0.015745 0.016720 0.012681
v -0.006664 0.017245 0.019951
v -0.027376 0.006857 0.000607
v -0.006721 0.018042 0.020577
v -0.011935 0.016697 0.014648
v -0.011508 0.015373 0.015921
v -0.027931 0.005349 0.000207
v -0.012508 0.016617 0.014411
v -0.027528 0.006047 0.000707
v -0.027561 0.006507 0.000402
v -0.028008 0.004927 0.000207
v -0.027884 0.004894 0.000418
v -0.007405 0.017020 0.020026
v -0.028044 0.004716 0.000207
v -0.027954 0.004473 0.000418
v -0.017170 0.017430 0.011529
v -0.017159 0.017349 0.011580
v -0.007577 0.016944 0.020026
v -0.007711 0.016884 0.020026
v -0.007588 0.016615 0.019684
v -0.017154 0.017285 0.011618
v -0.017152 0.017222 0.011653
v -0.017156 0.017139 0.011697
v -0.028126 0.004202 0.000207
v -0.028031 0.003960 0.000418
v -0.027690 0.005244 0.000716
v -0.027543 0.005600 0.001021
v -0.012716 0.016110 0.014648
v -0.012575 0.014512 0.015921
v -0.013097 0.015115 0.015120
v -0.015726 0.016639 0.012737
v -0.017165 0.017058 0.011736
v -0.015704 0.016434 0.012863
v -0.015707 0.016496 0.012827
v -0.015706 0.016353 0.012907
v -0.015713 0.016275 0.012946
v -0.015726 0.016200 0.012981
v -0.015713 0.016559 0.012788
v -0.007919 0.016787 0.020026
v -0.028163 0.003944 0.000207
v -0.027339 0.006387 0.001412
v -0.008089 0.016706 0.020026
v -0.027859 0.004446 0.000632
v -0.027892 0.004236 0.000632
v -0.027856 0.004005 0.000850
v -0.027930 0.003981 0.000632
v -0.028110 0.003233 0.000446
v -0.011209 0.014973 0.016515
v -0.012154 0.014026 0.016711
v -0.027521 0.005615 0.001678
v -0.008751 0.016286 0.019951
v -0.008824 0.016042 0.019742
v -0.027663 0.004796 0.001413
v -0.027812 0.003999 0.001071
v -0.009136 0.016073 0.019951
v -0.027947 0.003264 0.000872
v -0.014066 0.014898 0.014678
v -0.013578 0.013578 0.015921
v -0.014560 0.014777 0.014456
v -0.009436 0.016783 0.020577
v -0.023713 0.014004 0.008803
v -0.009828 0.015746 0.020026
v -0.009875 0.015366 0.019684
v -0.010035 0.015615 0.020026
v -0.014759 0.014212 0.014678
v -0.014512 0.012575 0.015921
v -0.010213 0.015499 0.020026
v -0.010302 0.015440 0.020026
v -0.010966 0.014662 0.019742
v -0.011181 0.014963 0.020138
v -0.010891 0.014939 0.019951
v -0.013226 0.013226 0.016515
v -0.014026 0.012154 0.016711
v -0.020554 0.013376 0.011485
v -0.011244 0.014676 0.019951
v -0.015869 0.012912 0.014705
v -0.015373 0.011508 0.015921
v -0.016905 0.012906 0.014019
v -0.016255 0.012813 0.014497
v -0.011511 0.015434 0.020577
v -0.021203 0.012347 0.011475
v -0.020176 0.010973 0.012681
v -0.011893 0.014250 0.020026
v -0.016702 0.012224 0.014497
v -0.028229 -0.003443 0.000207
v -0.028141 -0.003064 0.000423
v -0.028076 -0.003628 0.000418
v -0.012037 0.014129 0.020026
v -0.011962 0.013804 0.019684
v -0.012155 0.014028 0.020026
v -0.028174 -0.003868 0.000207
v -0.028018 -0.004051 0.000418
v -0.028144 -0.004081 0.000207
v -0.012320 0.013882 0.020026
v -0.016750 0.011747 0.014705
v -0.028112 -0.004293 0.000207
v -0.027954 -0.004473 0.000418
v -0.012460 0.013757 0.020026
v -0.027952 -0.003262 0.000851
v -0.027856 -0.004005 0.000850
v -0.028044 -0.004716 0.000207
v -0.027867 -0.004984 0.000418
v -0.027953 -0.003815 0.000632
v -0.021889 0.010783 0.011580
v -0.028000 -0.004973 0.000207
v -0.027923 -0.004026 0.000632
v -0.021864 0.010724 0.011618
v -0.020096 0.010829 0.012788
v -0.020133 0.010901 0.012737
v -0.027892 -0.004236 0.000632
v -0.014973 0.011209 0.016515
v -0.015613 0.010034 0.016711
v -0.027852 -0.004492 0.000632
v -0.027904 -0.005484 0.000207
v -0.012977 0.013168 0.019951
v -0.012982 0.012911 0.019742
v -0.027812 -0.003999 0.001071
v -0.013287 0.012855 0.019951
v -0.027746 -0.006297 0.000188
v -0.027680 -0.005288 0.000720
v -0.017827 0.010249 0.014614
v -0.013764 0.013463 0.020577
v -0.018335 0.009946 0.014360
v -0.027521 -0.006093 0.000700
v -0.027541 -0.005600 0.001029
v -0.027663 -0.004796 0.001419
v -0.013860 0.012346 0.020026
v -0.014028 0.012155 0.020026
v -0.013804 0.011962 0.019684
v -0.027378 -0.006907 0.000573
v -0.018294 0.009389 0.014614
v -0.017467 0.007977 0.015921
v -0.014162 0.011998 0.020026
v -0.014228 0.011919 0.020026
v -0.027524 -0.005621 0.001726
v -0.027339 -0.006387 0.001421
v -0.014648 0.010984 0.019742
v -0.014936 0.011217 0.020138
v -0.014653 0.011274 0.019951
v -0.016416 0.008964 0.016515
v -0.016882 0.007710 0.016711
v -0.014917 0.010922 0.019951
v -0.018892 0.007809 0.014719
v -0.017992 0.006711 0.015921
v -0.015377 0.011587 0.020577
v -0.019907 0.007392 0.014046
v -0.019247 0.007548 0.014517
v -0.023582 0.005949 0.011642
v -0.022239 0.004838 0.012841
v -0.022278 0.004818 0.012815
v -0.022317 0.004799 0.012788
v -0.022443 0.004751 0.012702
v -0.022379 0.004773 0.012746
v -0.023621 0.005928 0.011617
v -0.023661 0.005909 0.011590
v -0.015421 0.010330 0.020026
v -0.015525 0.010174 0.020026
v -0.015366 0.009875 0.019684
v -0.015615 0.010035 0.020026
v -0.019504 0.006857 0.014517
v -0.015727 0.009857 0.020026
v -0.019401 0.006442 0.014719
v -0.018425 0.005410 0.015921
v -0.015826 0.009697 0.020026
v -0.017525 0.006536 0.016515
v -0.017808 0.005229 0.016711
v -0.016091 0.008736 0.019742
v -0.016437 0.008873 0.020138
v -0.016156 0.008988 0.019951
v -0.025219 -0.013126 0.000219
v -0.024276 0.003477 0.011485
v -0.025356 -0.012338 0.000668
v -0.016365 0.008601 0.019951
v -0.024779 -0.013955 0.000207
v -0.019963 0.004843 0.014631
v -0.018764 0.004082 0.015921
v -0.024939 -0.013169 0.000656
v -0.024566 -0.014326 0.000207
v -0.016987 0.009064 0.020577
v -0.020351 0.004427 0.014386
v -0.024347 -0.014695 0.000207
v -0.024393 -0.014368 0.000418
v -0.024173 -0.014734 0.000418
v -0.016772 0.007950 0.020026
v -0.016884 0.007711 0.020026
v -0.016615 0.007588 0.019684
v -0.024236 -0.014878 0.000207
v -0.028402 -0.003653 0.006965
v -0.024496 -0.013986 0.000644
v -0.024620 -0.013619 0.000874
v -0.024123 -0.015060 0.000207
v -0.023948 -0.015097 0.000418
v -0.020171 0.003888 0.014631
v -0.019007 0.002733 0.015921
v -0.023893 -0.015422 0.000207
v -0.016966 0.007528 0.020026
v -0.017006 0.007437 0.020026
v -0.023776 -0.015602 0.000207
v -0.024712 -0.013325 0.001372
v -0.024025 -0.014788 0.000632
v -0.023913 -0.014969 0.000632
v -0.023800 -0.015149 0.000632
v -0.023685 -0.015328 0.000632
v -0.023675 -0.015215 0.000850
v -0.017147 0.006418 0.019742
v -0.017487 0.006567 0.020138
v -0.017231 0.006699 0.019951
v -0.018276 0.003976 0.016515
v -0.018371 0.002641 0.016711
v -0.023638 -0.015191 0.001071
v -0.017386 0.006287 0.019951
v -0.023383 -0.015650 0.000872
v -0.018009 0.006810 0.020577
v -0.020366 0.002068 0.014694
v -0.019154 0.001370 0.015921
v -0.020650 0.001664 0.014481
v -0.017704 0.005576 0.020026
v -0.017759 0.005397 0.020026
v -0.017809 0.005229 0.020026
v -0.017526 0.005146 0.019684
v -0.020441 0.001097 0.014694
v -0.019203 0.000000 0.015921
v -0.017865 0.005036 0.020026
v -0.017915 0.004855 0.020026
v -0.018656 0.001334 0.016515
v -0.018560 0.000000 0.016711
v -0.017899 0.003855 0.019742
v -0.018268 0.003895 0.020138
v -0.018032 0.004082 0.019951
v -0.024266 -0.003452 0.011495
v -0.022472 -0.004742 0.012681
v -0.018124 0.003652 0.019951
v -0.018847 0.003937 0.020577
v -0.020447 -0.001109 0.014689
v -0.019154 -0.001370 0.015921
v -0.019671 -0.020309 0.000489
v -0.020658 -0.001683 0.014472
v -0.018331 0.002912 0.020026
v -0.018345 0.002822 0.020026
v -0.018372 0.002642 0.020026
v -0.018080 0.002599 0.019684
v -0.018852 -0.021292 0.000207
v -0.018691 -0.021433 0.000207
v -0.018691 -0.021262 0.000418
v -0.018369 -0.021541 0.000418
v -0.019263 -0.020597 0.000661
v -0.018399 0.002450 0.020026
v -0.020371 -0.002081 0.014689
v -0.019007 -0.002733 0.015921
v -0.018411 0.002354 0.020026
v -0.018366 -0.021712 0.000207
v -0.018042 -0.021816 0.000418
v -0.023676 -0.005904 0.011580
v -0.018202 -0.021850 0.000207
v -0.023619 -0.005932 0.011618
v -0.023563 -0.005964 0.011653
v -0.022206 -0.004856 0.012863
v -0.022261 -0.004826 0.012827
v -0.022393 -0.004768 0.012737
v -0.022318 -0.004799 0.012788
v -0.018551 -0.021255 0.000632
v -0.018884 -0.020909 0.000737
v -0.018429 -0.021269 0.000850
v -0.017870 -0.022122 0.000207
v -0.018390 -0.021394 0.000632
v -0.018228 -0.021532 0.000632
v -0.018260 0.001333 0.019742
v -0.018627 0.001388 0.020138
v -0.018420 0.001584 0.019951
v -0.018656 -0.001334 0.016515
v -0.018371 -0.002641 0.016711
v -0.018401 -0.021235 0.001071
v -0.018452 0.001145 0.019951
v -0.018743 -0.020903 0.001407
v -0.018387 -0.021220 0.001297
v -0.017661 -0.021948 0.000748
v -0.019196 0.001487 0.020577
v -0.020162 -0.003894 0.014639
v -0.018764 -0.004082 0.015921
v -0.017111 -0.022398 0.000703
v -0.020337 -0.004436 0.014397
v -0.016574 -0.022873 0.000548
v -0.018557 0.000372 0.020026
v -0.017851 -0.021669 0.001419
v -0.018560 0.000184 0.020026
v -0.018266 0.000000 0.019684
v -0.018561 0.000000 0.020026
v -0.019954 -0.004849 0.014639
v -0.018425 -0.005410 0.015921
v -0.018560 -0.000191 0.020026
v -0.018557 -0.000379 0.020026
v -0.016748 -0.022533 0.001421
v -0.023711 -0.014008 0.008803
v -0.018276 -0.003976 0.016515
v -0.017808 -0.005229 0.016711
v -0.018260 -0.001338 0.019742
v -0.018627 -0.001397 0.020138
v -0.018452 -0.001152 0.019951
v -0.018419 -0.001591 0.019951
v -0.019400 -0.006446 0.014718
v -0.017992 -0.006711 0.015921
v -0.019905 -0.007400 0.014046
v -0.021863 -0.010729 0.011617
v -0.020078 -0.010789 0.012815
v -0.020160 -0.010947 0.012702
v -0.020126 -0.010888 0.012746
v -0.020096 -0.010829 0.012788
v -0.021881 -0.010770 0.011590
v -0.019502 -0.006862 0.014517
v -0.019195 -0.001506 0.020577
v -0.018410 -0.002361 0.020026
v -0.018398 -0.002454 0.020026
v -0.018080 -0.002599 0.019684
v -0.018372 -0.002642 0.020026
v -0.019245 -0.007554 0.014517
v -0.018345 -0.002827 0.020026
v -0.018330 -0.002919 0.020026
v -0.018891 -0.007813 0.014718
v -0.017467 -0.007977 0.015921
v -0.021228 -0.012342 0.011460
v -0.010653 -0.026367 0.000207
v -0.011403 -0.025805 0.000632
v -0.017898 -0.003859 0.019742
v -0.018267 -0.003904 0.020138
v -0.018122 -0.003660 0.019951
v -0.017525 -0.006536 0.016515
v -0.016882 -0.007710 0.016711
v -0.010255 -0.026525 0.000207
v -0.020601 -0.013386 0.011450
v -0.018030 -0.004090 0.019951
v -0.019299 -0.021442 0.006004
v -0.010797 -0.026041 0.000689
v -0.010601 -0.026122 0.000689
v -0.018843 -0.003955 0.020577
v -0.018289 -0.009377 0.014623
v -0.010277 -0.026273 0.000632
v -0.009301 -0.026874 0.000207
v -0.018327 -0.009927 0.014373
v -0.008895 -0.027011 0.000207
v -0.008834 -0.026896 0.000418
v -0.017913 -0.004862 0.020026
v -0.008691 -0.027078 0.000207
v -0.008427 -0.027026 0.000418
v -0.017863 -0.005043 0.020026
v -0.017809 -0.005229 0.020026
v -0.017526 -0.005146 0.019684
v -0.008282 -0.027206 0.000207
v -0.017822 -0.010236 0.014623
v -0.008077 -0.027267 0.000207
v -0.017757 -0.005403 0.020026
v -0.017701 -0.005583 0.020026
v -0.008173 -0.027002 0.000632
v -0.008377 -0.026940 0.000632
v -0.007970 -0.027063 0.000632
v -0.016416 -0.008964 0.016515
v -0.015613 -0.010034 0.016711
v -0.017146 -0.006422 0.019742
v -0.017483 -0.006576 0.020138
v -0.017383 -0.006294 0.019951
v -0.017731 -0.022315 0.007311
v -0.007916 -0.026960 0.001071
v -0.017354 -0.022666 0.007204
v -0.017229 -0.006706 0.019951
v -0.016752 -0.011745 0.014704
v -0.015373 -0.011508 0.015921
v -0.018002 -0.006828 0.020577
v -0.016706 -0.012222 0.014496
v -0.016911 -0.012902 0.014017
v -0.016964 -0.007533 0.020026
v -0.017003 -0.007443 0.020026
v -0.016884 -0.007711 0.020026
v -0.016615 -0.007588 0.019684
v -0.016259 -0.012810 0.014496
v -0.017158 -0.017070 0.011733
v -0.015728 -0.016193 0.012984
v -0.015717 -0.016252 0.012958
v -0.015710 -0.016301 0.012934
v -0.015705 -0.016385 0.012890
v -0.015706 -0.016471 0.012841
v -0.015709 -0.016515 0.012815
v -0.015737 -0.016691 0.012702
v -0.015723 -0.016625 0.012746
v -0.015713 -0.016559 0.012788
v -0.017150 -0.017157 0.011690
v -0.017149 -0.017245 0.011642
v -0.017151 -0.017290 0.011617
v -0.016808 -0.007874 0.020026
v -0.016769 -0.007956 0.020026
v -0.015872 -0.012910 0.014704
v -0.014512 -0.012575 0.015921
v -0.016298 -0.018307 0.011495
v -0.014023 -0.018189 0.012681
v -0.016088 -0.008740 0.019742
v -0.016433 -0.008881 0.020138
v -0.016362 -0.008608 0.019951
v -0.014973 -0.011209 0.016515
v -0.014026 -0.012154 0.016711
v -0.016152 -0.008994 0.019951
v -0.016978 -0.009080 0.020577
v -0.010779 -0.026767 0.005145
v -0.015378 -0.019103 0.011485
v -0.014759 -0.014210 0.014679
v -0.013578 -0.013578 0.015921
v -0.015823 -0.009703 0.020026
v -0.014560 -0.014774 0.014458
v -0.000643 -0.028431 0.000207
v -0.015724 -0.009863 0.020026
v -0.015366 -0.009875 0.019684
v -0.015615 -0.010035 0.020026
v -0.001785 -0.028083 0.000859
v -0.001402 -0.028155 0.000692
v -0.000214 -0.028437 0.000207
v 0.000000 -0.028310 0.000418
v -0.000427 -0.028307 0.000418
v -0.011321 -0.026437 0.006540
v 0.000000 -0.028438 0.000207
v -0.015521 -0.010179 0.020026
v -0.014066 -0.014896 0.014679
v -0.012575 -0.014512 0.015921
v -0.013097 -0.015115 0.015120
v -0.014264 -0.019798 0.011580
v 0.000260 -0.028437 0.000207
v 0.000518 -0.028305 0.000418
v -0.010705 -0.026739 0.006327
v -0.014201 -0.019783 0.011618
v -0.015417 -0.010336 0.020026
v -0.000802 -0.028162 0.000743
v -0.014139 -0.019771 0.011653
v -0.014084 -0.019763 0.011683
v -0.013917 -0.019716 0.011787
v -0.013945 -0.018158 0.012737
v -0.013868 -0.018132 0.012788
v -0.013807 -0.018116 0.012827
v -0.013693 -0.018096 0.012893
v -0.013746 -0.018104 0.012863
v -0.000213 -0.028211 0.000632
v 0.000000 -0.028142 0.000850
v 0.000781 -0.028428 0.000207
v -0.010370 -0.026824 0.006540
v 0.000000 -0.028212 0.000632
v -0.009438 -0.027270 0.005908
v 0.000258 -0.028211 0.000632
v -0.013226 -0.013226 0.016515
v -0.012154 -0.014026 0.016711
v -0.014646 -0.010987 0.019742
v -0.014930 -0.011225 0.020138
v -0.014912 -0.010928 0.019951
v 0.000000 -0.028098 0.001071
v -0.000588 -0.028069 0.001413
v 0.000000 -0.028078 0.001297
v 0.000848 -0.028159 0.000748
v 0.001177 -0.028072 0.001087
v -0.014648 -0.011280 0.019951
v -0.009686 -0.026945 0.006974
v -0.012714 -0.016110 0.014648
v -0.011508 -0.015373 0.015921
v 0.002062 -0.028206 0.000473
v -0.015365 -0.011602 0.020577
v -0.012506 -0.016617 0.014412
v 0.000588 -0.028069 0.001419
v -0.008718 -0.027274 0.006974
v 0.001783 -0.028079 0.000876
v -0.014159 -0.012002 0.020026
v -0.013804 -0.011962 0.019684
v -0.014028 -0.012155 0.020026
v -0.014224 -0.011925 0.020026
v -0.011933 -0.016697 0.014648
v -0.010382 -0.016154 0.015921
v -0.013855 -0.012351 0.020026
v 0.001765 -0.028020 0.001421
v -0.008975 -0.026088 0.008745
v -0.012979 -0.012914 0.019742
v -0.013274 -0.013142 0.020138
v -0.013282 -0.012861 0.019951
v -0.011209 -0.014973 0.016515
v -0.010034 -0.015613 0.016711
v -0.012972 -0.013173 0.019951
v -0.009788 -0.022454 0.011507
v -0.008237 -0.021410 0.012702
v -0.008249 -0.021344 0.012746
v -0.010465 -0.017565 0.014716
v -0.009203 -0.016854 0.015921
v -0.013750 -0.013477 0.020577
v -0.010247 -0.018607 0.014040
v -0.010281 -0.017942 0.014513
v -0.012455 -0.013761 0.020026
v -0.012315 -0.013887 0.020026
v -0.011962 -0.013804 0.019684
v -0.012155 -0.014028 0.020026
v -0.009634 -0.018297 0.014513
v -0.001104 -0.028800 0.004829
v -0.012032 -0.014133 0.020026
v -0.008199 -0.023079 0.011510
v 0.008077 -0.027267 0.000207
v -0.009185 -0.018267 0.014716
v -0.007977 -0.017467 0.015921
v 0.008282 -0.027206 0.000207
v 0.008427 -0.027026 0.000418
v -0.011888 -0.014255 0.020026
v 0.008691 -0.027078 0.000207
v 0.008834 -0.026896 0.000418
v 0.008895 -0.027011 0.000207
v 0.007970 -0.027063 0.000632
v 0.008173 -0.027002 0.000632
v 0.009301 -0.026874 0.000207
v -0.008964 -0.016416 0.016515
v -0.007710 -0.016882 0.016711
v -0.001118 -0.028828 0.005988
v 0.008377 -0.026940 0.000632
v -0.010962 -0.014665 0.019742
v -0.011173 -0.014969 0.020138
v -0.011238 -0.014680 0.019951
v -0.007016 -0.023442 0.011527
v 0.001088 -0.028782 0.004704
v 0.007916 -0.026960 0.001071
v -0.010885 -0.014944 0.019951
v 0.010255 -0.026525 0.000207
v -0.007724 -0.019075 0.014600
v -0.011496 -0.015445 0.020577
v -0.007414 -0.019524 0.014339
v 0.010653 -0.026367 0.000207
v 0.010277 -0.026273 0.000632
v -0.010209 -0.015501 0.020026
v -0.010296 -0.015444 0.020026
v -0.010035 -0.015615 0.020026
v -0.009875 -0.015366 0.019684
v 0.000903 -0.028821 0.006113
v -0.006807 -0.019420 0.014600
v -0.000826 -0.028419 0.007465
v 0.010601 -0.026121 0.000691
v 0.010797 -0.026041 0.000691
v -0.009822 -0.015749 0.020026
v 0.011403 -0.025805 0.000632
v -0.008820 -0.016044 0.019742
v -0.009129 -0.016077 0.019951
v 0.000831 -0.028432 0.007437
v -0.006536 -0.017525 0.016515
v -0.005229 -0.017808 0.016711
v -0.008744 -0.016289 0.019951
v -0.009420 -0.016792 0.020577
v -0.004993 -0.019832 0.014711
v -0.004082 -0.018764 0.015921
v -0.004659 -0.020155 0.014507
v -0.004382 -0.020796 0.014032
v -0.008082 -0.016709 0.020026
v -0.002253 -0.023901 0.011884
v -0.001415 -0.022563 0.012958
v -0.007913 -0.016790 0.020026
v -0.007588 -0.016615 0.019684
v -0.007711 -0.016884 0.020026
v -0.002214 -0.023936 0.011860
v -0.001378 -0.022597 0.012934
v -0.001319 -0.022657 0.012890
v -0.001264 -0.022724 0.012841
v -0.001237 -0.022759 0.012815
v -0.001213 -0.022795 0.012788
v -0.001178 -0.022852 0.012746
v -0.002076 -0.024113 0.011734
v -0.002014 -0.024175 0.011690
v -0.001956 -0.024242 0.011642
v -0.001929 -0.024277 0.011617
v -0.001903 -0.024313 0.011590
v -0.003936 -0.020309 0.014507
v -0.007571 -0.016947 0.020026
v -0.007399 -0.017023 0.020026
v -0.003565 -0.020138 0.014711
v -0.002733 -0.019007 0.015921
v -0.000620 -0.024503 0.011495
v -0.003976 -0.018276 0.016515
v -0.002641 -0.018371 0.016711
v -0.006392 -0.017157 0.019742
v -0.006516 -0.017506 0.020138
v -0.006657 -0.017248 0.019951
v -0.006244 -0.017401 0.019951
v 0.000596 -0.024516 0.011485
v 0.016571 -0.022866 0.000566
v -0.006703 -0.018049 0.020577
v -0.001889 -0.020411 0.014670
v -0.001370 -0.019154 0.015921
v 0.017870 -0.022122 0.000207
v -0.001390 -0.020712 0.014445
v 0.017113 -0.022401 0.000692
v 0.017320 -0.022125 0.001077
v -0.005435 -0.017748 0.020026
v -0.005537 -0.017716 0.020026
v -0.005146 -0.017526 0.019684
v -0.005229 -0.017809 0.020026
v 0.018202 -0.021850 0.000207
v 0.018042 -0.021816 0.000418
v 0.018366 -0.021712 0.000207
v 0.018369 -0.021541 0.000418
v 0.001852 -0.024396 0.011529
v 0.001896 -0.024327 0.011580
v 0.008757 -0.027393 0.006540
v 0.001934 -0.024275 0.011618
v -0.000916 -0.020477 0.014670
v 0.000000 -0.019203 0.015921
v 0.001974 -0.024226 0.011653
v 0.018691 -0.021433 0.000207
v 0.018691 -0.021262 0.000418
v -0.004996 -0.017876 0.020026
v 0.002010 -0.024185 0.011683
v 0.017662 -0.021949 0.000743
v 0.002049 -0.024146 0.011710
v 0.009420 -0.027218 0.006327
v 0.018852 -0.021291 0.000207
v 0.016748 -0.022533 0.001414
v 0.002184 -0.023964 0.011841
v 0.001170 -0.022865 0.012737
v 0.001212 -0.022796 0.012788
v 0.001396 -0.022580 0.012946
v 0.001359 -0.022616 0.012920
v 0.001248 -0.022744 0.012827
v 0.001287 -0.022694 0.012863
v 0.001322 -0.022654 0.012893
v 0.018228 -0.021532 0.000632
v 0.018429 -0.021269 0.000850
v 0.002223 -0.023927 0.011866
v 0.018390 -0.021394 0.000632
v 0.009729 -0.027063 0.006540
v 0.010725 -0.026790 0.005908
v 0.018551 -0.021255 0.000632
v -0.003949 -0.017878 0.019742
v -0.004241 -0.017995 0.019951
v -0.001334 -0.018656 0.016515
v 0.000000 -0.018560 0.016711
v 0.019340 -0.020654 0.000446
v -0.003811 -0.018091 0.019951
v 0.018400 -0.021235 0.001071
v 0.017851 -0.021669 0.001413
v 0.018387 -0.021220 0.001297
v 0.009295 -0.026813 0.007572
v -0.004333 -0.018760 0.020577
v 0.010325 -0.026707 0.006974
v 0.019148 -0.020617 0.000872
v 0.000910 -0.020482 0.014666
v 0.001370 -0.019154 0.015921
v 0.010642 -0.026534 0.007098
v 0.001382 -0.020720 0.014439
v 0.018743 -0.020903 0.001419
v -0.003057 -0.018308 0.020026
v 0.011271 -0.026321 0.006974
v -0.002871 -0.018338 0.020026
v -0.002641 -0.018372 0.020026
v -0.002599 -0.018080 0.019684
v 0.001883 -0.020416 0.014666
v 0.002733 -0.019007 0.015921
v -0.002499 -0.018392 0.020026
v -0.002313 -0.018416 0.020026
v 0.001334 -0.018656 0.016515
v 0.002641 -0.018371 0.016711
v -0.001306 -0.018262 0.019742
v -0.001332 -0.018631 0.020138
v -0.001538 -0.018424 0.019951
v 0.007054 -0.023486 0.011485
v -0.001099 -0.018455 0.019951
v 0.003569 -0.020138 0.014711
v 0.004082 -0.018764 0.015921
v 0.004390 -0.020796 0.014030
v 0.003942 -0.020309 0.014505
v -0.001373 -0.019204 0.020577
v 0.008224 -0.023079 0.011502
v 0.008246 -0.021358 0.012737
v -0.000331 -0.018558 0.020026
v 0.004664 -0.020155 0.014505
v -0.000143 -0.018560 0.020026
v 0.000000 -0.018561 0.020026
v 0.000000 -0.018266 0.019684
v 0.017672 -0.022805 0.005094
v 0.023776 -0.015602 0.000207
v 0.023893 -0.015422 0.000207
v 0.023948 -0.015097 0.000418
v 0.000233 -0.018560 0.020026
v 0.004997 -0.019832 0.014711
v 0.024123 -0.015060 0.000207
v 0.024173 -0.014734 0.000418
v 0.000421 -0.018556 0.020026
v 0.024236 -0.014878 0.000207
v 0.024347 -0.014695 0.000207
v 0.024393 -0.014368 0.000418
v 0.023685 -0.015328 0.000632
v 0.023386 -0.015654 0.000852
v 0.023675 -0.015215 0.000850
v 0.023800 -0.015149 0.000632
v 0.009783 -0.022429 0.011527
v 0.024566 -0.014326 0.000207
v 0.023913 -0.014969 0.000632
v 0.003976 -0.018276 0.016515
v 0.005229 -0.017808 0.016711
v 0.001198 -0.018449 0.019951
v 0.001365 -0.018258 0.019742
v 0.024025 -0.014788 0.000632
v 0.016993 -0.023062 0.006937
v 0.024779 -0.013955 0.000207
v 0.023638 -0.015191 0.001071
v 0.001637 -0.018415 0.019951
v 0.024498 -0.013987 0.000638
v 0.025239 -0.013134 0.000188
v 0.025222 -0.013128 0.000213
v 0.006806 -0.019425 0.014596
v 0.017571 -0.022525 0.007152
v 0.001620 -0.019185 0.020577
v 0.007412 -0.019530 0.014334
v 0.017732 -0.022318 0.007304
v 0.024944 -0.013170 0.000644
v 0.002402 -0.018405 0.020026
v 0.002600 -0.018080 0.019684
v 0.002642 -0.018372 0.020026
v 0.025080 -0.012893 0.000664
v 0.007723 -0.019079 0.014596
v 0.007977 -0.017467 0.015921
v 0.002854 -0.018340 0.020026
v 0.002960 -0.018324 0.020026
v 0.024712 -0.013325 0.001388
v 0.024860 -0.013051 0.001293
v 0.003886 -0.017892 0.019742
v 0.003958 -0.018255 0.020138
v 0.003704 -0.018113 0.019951
v 0.006536 -0.017525 0.016515
v 0.007710 -0.016882 0.016711
v 0.004134 -0.018020 0.019951
v 0.009188 -0.018265 0.014716
v 0.009203 -0.016854 0.015921
v 0.004067 -0.018819 0.020577
v 0.010254 -0.018602 0.014042
v 0.009639 -0.018294 0.014514
v 0.013924 -0.019717 0.011783
v 0.013783 -0.018111 0.012841
v 0.013697 -0.018096 0.012890
v 0.013825 -0.018121 0.012815
v 0.013868 -0.018132 0.012788
v 0.013995 -0.018177 0.012702
v 0.013931 -0.018153 0.012746
v 0.014075 -0.019758 0.011690
v 0.014162 -0.019771 0.011642
v 0.014206 -0.019781 0.011617
v 0.014249 -0.019792 0.011590
v 0.004901 -0.017902 0.020026
v 0.005082 -0.017852 0.020026
v 0.005146 -0.017526 0.019684
v 0.005229 -0.017809 0.020026
v 0.010286 -0.017938 0.014514
v 0.005443 -0.017745 0.020026
v 0.010468 -0.017563 0.014716
v 0.010382 -0.016154 0.015921
v 0.005622 -0.017689 0.020026
v 0.015351 -0.019108 0.011495
v 0.008964 -0.016416 0.016515
v 0.010034 -0.015613 0.016711
v 0.006337 -0.017368 0.019951
v 0.006447 -0.017136 0.019742
v 0.016288 -0.018333 0.011485
v 0.015745 -0.016720 0.012681
v 0.027814 -0.005949 0.000200
v 0.006749 -0.017212 0.019951
v 0.027901 -0.005529 0.000200
v 0.011935 -0.016697 0.014648
v 0.011508 -0.015373 0.015921
v 0.027872 -0.005521 0.000243
v 0.027844 -0.005514 0.000289
v 0.027282 -0.006805 0.000958
v 0.006934 -0.017961 0.020577
v 0.012508 -0.016617 0.014411
v 0.007481 -0.016987 0.020026
v 0.007588 -0.016615 0.019684
v 0.007711 -0.016884 0.020026
v 0.017170 -0.017430 0.011529
v 0.017159 -0.017349 0.011580
v 0.027458 -0.006039 0.000978
v 0.017154 -0.017285 0.011618
v 0.027514 -0.005849 0.000908
v 0.017152 -0.017222 0.011653
v 0.028100 -0.004346 0.000213
v 0.028083 -0.004345 0.000239
v 0.028065 -0.004344 0.000265
v 0.017156 -0.017139 0.011697
v 0.012716 -0.016110 0.014648
v 0.015726 -0.016639 0.012737
v 0.013097 -0.015115 0.015120
v 0.012575 -0.014512 0.015921
v 0.027603 -0.005465 0.000863
v 0.017165 -0.017058 0.011736
v 0.015726 -0.016200 0.012981
v 0.015713 -0.016275 0.012946
v 0.015713 -0.016559 0.012788
v 0.015707 -0.016496 0.012827
v 0.015706 -0.016353 0.012907
v 0.015704 -0.016434 0.012863
v 0.007899 -0.016796 0.020026
v 0.007993 -0.016752 0.020026
v 0.028175 -0.003831 0.000213
v 0.027814 -0.004304 0.000838
v 0.008763 -0.016075 0.019742
v 0.008929 -0.016407 0.020138
v 0.008648 -0.016341 0.019951
v 0.011209 -0.014973 0.016515
v 0.012154 -0.014026 0.016711
v 0.027869 -0.003915 0.000848
v 0.027878 -0.003717 0.000923
v 0.009034 -0.016130 0.019951
v 0.014066 -0.014898 0.014678
v 0.013578 -0.013578 0.015921
v 0.009181 -0.016924 0.020577
v 0.027979 -0.002936 0.000888
v 0.014560 -0.014777 0.014456
v 0.009738 -0.015801 0.020026
v 0.023713 -0.014004 0.008803
v 0.009898 -0.015702 0.020026
v 0.010035 -0.015615 0.020026
v 0.009875 -0.015366 0.019684
v 0.014759 -0.014212 0.014678
v 0.014512 -0.012575 0.015921
v 0.010214 -0.015498 0.020026
v 0.010370 -0.015394 0.020026
v 0.013226 -0.013226 0.016515
v 0.014026 -0.012154 0.016711
v 0.020554 -0.013376 0.011485
v 0.011009 -0.014629 0.019742
v 0.011269 -0.014897 0.020138
v 0.010965 -0.014885 0.019951
v 0.011316 -0.014620 0.019951
v 0.015869 -0.012912 0.014705
v 0.015373 -0.011508 0.015921
v 0.016905 -0.012906 0.014019
v 0.016255 -0.012813 0.014497
v 0.021203 -0.012347 0.011475
v 0.011693 -0.015296 0.020577
v 0.016702 -0.012224 0.014497
v 0.011956 -0.014197 0.020026
v 0.011961 -0.013804 0.019684
v 0.012155 -0.014028 0.020026
v 0.012307 -0.013895 0.020026
v 0.016750 -0.011747 0.014705
v 0.016154 -0.010382 0.015921
v 0.012382 -0.013828 0.020026
v 0.021889 -0.010783 0.011580
v 0.021864 -0.010724 0.011618
v 0.012933 -0.012960 0.019742
v 0.013181 -0.013235 0.020138
v 0.012894 -0.013250 0.019951
v 0.014973 -0.011209 0.016515
v 0.015613 -0.010034 0.016711
v 0.021801 -0.010236 0.011825
v 0.013205 -0.012939 0.019951
v 0.013558 -0.013670 0.020577
v 0.013789 -0.012425 0.020026
v 0.022012 -0.009095 0.012030
v 0.022027 -0.009048 0.012033
v 0.019368 -0.006989 0.014590
v 0.019348 -0.007042 0.014590
v 0.019506 -0.006622 0.014581
v 0.019390 -0.006936 0.014587
v 0.019533 -0.006572 0.014574
v 0.013914 -0.012284 0.020026
v 0.014027 -0.012155 0.020026
v 0.013804 -0.011962 0.019684
v 0.014160 -0.012000 0.020026
v 0.014281 -0.011856 0.020026
v 0.018121 -0.009015 0.014900
v 0.015399 -0.009456 0.017572
v 0.015113 -0.009713 0.017868
v 0.015233 -0.009790 0.017487
v 0.018004 -0.008533 0.015192
v 0.017654 -0.008780 0.015391
v 0.014681 -0.010940 0.019742
v 0.015002 -0.011129 0.020138
v 0.014708 -0.011202 0.019951
v 0.015375 -0.009225 0.017994
v 0.015481 -0.009289 0.017615
v 0.015045 -0.009669 0.018244
v 0.018458 -0.008054 0.014991
v 0.017097 -0.007703 0.016453
v 0.014970 -0.010848 0.019951
v 0.015343 -0.009206 0.018182
v 0.023565 -0.006153 0.011616
v 0.015260 -0.009297 0.018614
v 0.015032 -0.009660 0.018614
v 0.024048 -0.005902 0.011298
v 0.023616 -0.006099 0.011588
v 0.024087 -0.005880 0.011273
v 0.023662 -0.006057 0.011562
v 0.023702 -0.006023 0.011538
v 0.023772 -0.005971 0.011495
v 0.023847 -0.005924 0.011447
v 0.015513 -0.011404 0.020577
v 0.015276 -0.009306 0.018796
v 0.015079 -0.009690 0.018978
v 0.015311 -0.009470 0.019216
v 0.015189 -0.009761 0.019335
v 0.015466 -0.010262 0.020026
v 0.018137 -0.007374 0.015527
v 0.015516 -0.010186 0.020026
v 0.015657 -0.008991 0.019335
v 0.015534 -0.009099 0.019216
v 0.015527 -0.008955 0.018978
v 0.015569 -0.009262 0.019452
v 0.015698 -0.009339 0.019684
v 0.018459 -0.006721 0.015462
v 0.018466 -0.006702 0.015462
v 0.017729 -0.006417 0.016324
v 0.017716 -0.006454 0.016323
v 0.018475 -0.006677 0.015462
v 0.017743 -0.006380 0.016323
v 0.018483 -0.006658 0.015461
v 0.017759 -0.006344 0.016320
v 0.018491 -0.006639 0.015460
v 0.018501 -0.006614 0.015458
v 0.018557 -0.006464 0.015455
v 0.017884 -0.005984 0.016320
v 0.018622 -0.006276 0.015455
v 0.017900 -0.005948 0.016315
v 0.018630 -0.006258 0.015453
v 0.017936 -0.005879 0.016300
v 0.017917 -0.005913 0.016308
v 0.018732 -0.006024 0.015430
v 0.018051 -0.005514 0.016300
v 0.018792 -0.005834 0.015430
v 0.018070 -0.005480 0.016289
v 0.018112 -0.005416 0.016264
v 0.018091 -0.005447 0.016277
v 0.016248 -0.008747 0.019913
v 0.018920 -0.005584 0.015381
v 0.018217 -0.005049 0.016264
v 0.018257 -0.004994 0.016235
v 0.016232 -0.008044 0.019452
v 0.016247 -0.008258 0.019626
v 0.016024 -0.008319 0.019335
v 0.017368 -0.006191 0.016889
v 0.017180 -0.006619 0.016932
v 0.017377 -0.006167 0.016889
v 0.017386 -0.006143 0.016888
v 0.017432 -0.006014 0.016887
v 0.016912 -0.009202 0.020577
v 0.017223 -0.006092 0.017169
v 0.017229 -0.006074 0.017170
v 0.017236 -0.006056 0.017169
v 0.017243 -0.006039 0.017168
v 0.017477 -0.005884 0.016885
v 0.017303 -0.005864 0.017168
v 0.017310 -0.005846 0.017165
v 0.017550 -0.005680 0.016877
v 0.017561 -0.005658 0.016872
v 0.017095 -0.008858 0.020577
v 0.016869 -0.008624 0.020360
v 0.017605 -0.005527 0.016869
v 0.017070 -0.008555 0.020469
v 0.017403 -0.005578 0.017159
v 0.017410 -0.005560 0.017155
v 0.017647 -0.005397 0.016866
v 0.017418 -0.005543 0.017151
v 0.017226 -0.005651 0.017440
v 0.017135 -0.005291 0.017982
v 0.016959 -0.005820 0.017995
v 0.017473 -0.005367 0.017151
v 0.017719 -0.005194 0.016851
v 0.017481 -0.005350 0.017146
v 0.017731 -0.005173 0.016842
v 0.017420 -0.008460 0.020649
v 0.017240 -0.008208 0.020469
v 0.017771 -0.005043 0.016838
v 0.017214 -0.007912 0.020360
v 0.016967 -0.008010 0.020213
v 0.017816 -0.004905 0.016828
v 0.017569 -0.005081 0.017134
v 0.017577 -0.005064 0.017128
v 0.017585 -0.005049 0.017122
v 0.017394 -0.005144 0.017420
v 0.017296 -0.004760 0.017959
v 0.017635 -0.004870 0.017122
v 0.017651 -0.004843 0.017108
v 0.019991 -0.003357 0.014872
v 0.018656 -0.003356 0.016202
v 0.017611 -0.007782 0.020577
v 0.017371 -0.007562 0.020360
v 0.017972 -0.004357 0.016808
v 0.020399 -0.002973 0.014569
v 0.017815 -0.007303 0.020577
v 0.017521 -0.007209 0.020360
v 0.017859 -0.004055 0.017092
v 0.019839 -0.002790 0.015088
v 0.018936 -0.002246 0.016071
v 0.020045 -0.001017 0.015054
v 0.019055 -0.001121 0.016049
v 0.019053 -0.001683 0.016005
v 0.017907 -0.002190 0.017648
v 0.017919 -0.002619 0.017483
v 0.018162 -0.002308 0.017100
v 0.017794 -0.001670 0.018348
v 0.018451 -0.000460 0.016861
v 0.018314 -0.000686 0.017068
v 0.018339 -0.000458 0.017039
v 0.018228 -0.000682 0.017219
v 0.018169 -0.000680 0.017332
v 0.018115 -0.000678 0.017443
v 0.017804 -0.001489 0.018558
v 0.017789 -0.001669 0.018432
v 0.017833 -0.001095 0.018550
v 0.018069 -0.000677 0.017546
v 0.017881 -0.001833 0.019143
v 0.017873 -0.001649 0.019065
v 0.017936 -0.001655 0.019239
v 0.017973 -0.001658 0.019322
v 0.017905 -0.001652 0.019160
v 0.017857 -0.002230 0.019200
v 0.018697 -0.003019 0.020355
v 0.018932 -0.003476 0.020574
v 0.018632 -0.003397 0.020355
v 0.017998 -0.002001 0.019440
v 0.017886 -0.002233 0.019269
v 0.017909 -0.002236 0.019321
v 0.017829 -0.001370 0.018757
v 0.017953 -0.000551 0.017880
v 0.018035 -0.000675 0.017631
v 0.019019 -0.002964 0.020574
v 0.017929 -0.000550 0.017965
v 0.017839 -0.000975 0.018535
v 0.017914 -0.001470 0.019143
v 0.018754 -0.002640 0.020355
v 0.017915 -0.000550 0.018026
v 0.018126 -0.001830 0.019617
v 0.017889 -0.001192 0.018995
v 0.017896 -0.000857 0.018945
v 0.017915 -0.000858 0.019021
v 0.017938 -0.000859 0.019094
v 0.017963 -0.000860 0.019166
v 0.018098 -0.001485 0.019525
v 0.018073 -0.001299 0.019459
v 0.018106 -0.001302 0.019515
v 0.018140 -0.001304 0.019569
v 0.018937 -0.002406 0.020465
v 0.018599 -0.002425 0.020207
v 0.017861 -0.000427 0.018499
v 0.017861 -0.000427 0.018553
v 0.019226 -0.002290 0.020646
v 0.018982 -0.002022 0.020465
v 0.017952 -0.000738 0.019122
v 0.017966 -0.000739 0.019160
v 0.018147 -0.000902 0.019541
v 0.019214 -0.001784 0.020605
v 0.018876 -0.001858 0.020376
v 0.017979 -0.000309 0.019162
v 0.019246 -0.001395 0.020605
v 0.027920 0.004321 0.000536
v 0.027823 0.004906 0.000536
v 0.027714 0.005489 0.000536
v 0.025078 0.013146 0.000409
v 0.024856 0.013557 0.000412
v 0.024628 0.013964 0.000415
v 0.024306 0.014196 0.000827
v 0.023822 0.014984 0.000850
v 0.019361 0.020619 0.000468
v 0.020062 0.001897 0.014980
v 0.019179 0.020589 0.000866
v 0.017750 0.022016 0.000475
v 0.018313 0.001229 0.017024
v 0.017478 0.022247 0.000453
v 0.018062 0.001022 0.017526
v 0.017883 0.000493 0.018197
v 0.018306 0.001498 0.017001
v 0.018030 0.001020 0.017600
v 0.018008 0.001019 0.017656
v 0.017949 0.000894 0.017848
v 0.018567 0.002002 0.016553
v 0.017024 0.022559 0.000515
v 0.017877 0.000769 0.018179
v 0.018262 0.001772 0.017034
v 0.017897 0.000365 0.018877
v 0.017892 0.000582 0.018876
v 0.018106 0.000151 0.019435
v 0.017992 0.001825 0.017541
v 0.017833 0.001424 0.018199
v 0.017793 0.001681 0.018348
v 0.017805 0.001500 0.018420
v 0.017820 0.001302 0.018425
v 0.017824 0.001936 0.018000
v 0.018225 0.002979 0.016847
v 0.017800 0.001578 0.018639
v 0.017848 0.001430 0.018895
v 0.017790 0.001668 0.018603
v 0.017796 0.002272 0.017954
v 0.017768 0.002100 0.018186
v 0.018035 0.003103 0.017114
v 0.017757 0.002310 0.018105
v 0.018107 0.003346 0.016929
v 0.017035 0.022347 0.001788
v 0.017993 0.001490 0.019335
v 0.017788 0.002128 0.018940
v 0.017842 0.002244 0.019165
v 0.017971 0.001843 0.019355
v 0.017986 0.002046 0.019427
v 0.017869 0.002247 0.019234
v 0.017631 0.003029 0.018204
v 0.017673 0.002843 0.018135
v 0.017697 0.003012 0.017915
v 0.018387 0.001688 0.019926
v 0.018334 0.002028 0.019905
v 0.017611 0.003373 0.017994
v 0.017728 0.003356 0.017643
v 0.017547 0.003400 0.018340
v 0.018064 0.002135 0.019573
v 0.017926 0.002364 0.019387
v 0.018040 0.002490 0.019606
v 0.017570 0.003240 0.018557
v 0.018627 0.002013 0.020188
v 0.018274 0.002463 0.019898
v 0.017519 0.003505 0.018571
v 0.017540 0.004422 0.017530
v 0.017625 0.003716 0.017723
v 0.018326 0.002566 0.019969
v 0.018299 0.002752 0.019969
v 0.017434 0.004811 0.017538
v 0.017430 0.004819 0.017542
v 0.018270 0.002937 0.019969
v 0.017426 0.004827 0.017546
v 0.017592 0.006987 0.016234
v 0.017120 0.005108 0.018520
v 0.017197 0.004842 0.018509
v 0.017161 0.004995 0.018335
v 0.018483 0.003866 0.020311
v 0.018134 0.003606 0.019952
v 0.017061 0.005941 0.017585
v 0.017058 0.005950 0.017585
v 0.017054 0.005959 0.017586
v 0.017051 0.005967 0.017585
v 0.010261 0.026385 0.000418
v 0.009788 0.026564 0.000418
v 0.009779 0.026704 0.000207
v 0.018993 0.003925 0.020666
v 0.018428 0.004092 0.020306
v 0.017030 0.005400 0.018526
v 0.017089 0.005244 0.018700
v 0.016991 0.005543 0.018350
v 0.017368 0.004875 0.019301
v 0.017457 0.005090 0.019564
v 0.017527 0.004816 0.019553
v 0.017416 0.004698 0.019301
v 0.018279 0.004287 0.020222
v 0.017873 0.004233 0.019814
v 0.017992 0.004673 0.020054
v 0.017785 0.004561 0.019806
v 0.017621 0.004460 0.019553
v 0.016927 0.006275 0.017617
v 0.016946 0.006731 0.017233
v 0.017332 0.005010 0.019306
v 0.017248 0.004942 0.019044
v 0.017738 0.004741 0.019806
v 0.016944 0.005665 0.018532
v 0.017280 0.005185 0.019306
v 0.017350 0.005442 0.019564
v 0.009807 0.026453 0.000632
v 0.009333 0.026623 0.000632
v 0.009312 0.026734 0.000418
v 0.018642 0.004563 0.020537
v 0.017649 0.005072 0.019809
v 0.017191 0.005481 0.019311
v 0.017266 0.005712 0.019569
v 0.017613 0.005210 0.019814
v 0.017812 0.005344 0.020061
v 0.009602 0.026453 0.000851
v 0.018839 0.004788 0.020693
v 0.017150 0.005615 0.019314
v 0.017072 0.005531 0.019055
v 0.018546 0.004940 0.020537
v 0.017559 0.005388 0.019814
v 0.016876 0.008176 0.016452
v 0.017092 0.005788 0.019314
v 0.017147 0.006061 0.019569
v 0.016617 0.007681 0.017104
v 0.016732 0.007365 0.017147
v 0.016567 0.007472 0.017347
v 0.018455 0.005287 0.020540
v 0.018281 0.005073 0.020380
v 0.016765 0.008403 0.016451
v 0.017457 0.005715 0.019816
v 0.016589 0.007925 0.016974
v 0.017414 0.005852 0.019819
v 0.016480 0.006976 0.018162
v 0.016599 0.006881 0.017856
v 0.016522 0.007086 0.017828
v 0.016710 0.008742 0.016320
v 0.008622 0.026789 0.000850
v 0.018639 0.005529 0.020695
v 0.017354 0.006028 0.019819
v 0.017603 0.006007 0.020064
v 0.018344 0.005659 0.020540
v 0.018077 0.005773 0.020383
v 0.016487 0.008521 0.016713
v 0.015986 0.008771 0.017231
v 0.016411 0.007076 0.018369
v 0.016486 0.006886 0.018492
v 0.016350 0.007275 0.018162
v 0.008143 0.026939 0.000850
v 0.017270 0.006310 0.019838
v 0.018237 0.006002 0.020542
v 0.016281 0.007376 0.018328
v 0.018408 0.006260 0.020697
v 0.018112 0.006370 0.020542
v 0.015986 0.008388 0.017616
v 0.016030 0.008033 0.017995
v 0.016167 0.008155 0.017489
v 0.017192 0.006899 0.019989
v 0.016968 0.006615 0.019608
v 0.016033 0.009535 0.016581
v 0.017121 0.007073 0.019989
v 0.015993 0.007963 0.018492
v 0.016087 0.007782 0.018369
v 0.016062 0.007863 0.018245
v 0.015895 0.008168 0.018368
v 0.016130 0.007995 0.019216
v 0.015902 0.008271 0.018978
v 0.016066 0.007947 0.018978
v 0.016277 0.007812 0.019335
v 0.016920 0.007631 0.020026
v 0.015519 0.009642 0.017166
v 0.015480 0.009727 0.017144
v 0.016842 0.007802 0.020026
v 0.016560 0.007707 0.019684
v 0.016735 0.007857 0.019951
v 0.016513 0.008235 0.019913
v 0.015471 0.008970 0.018244
v 0.016353 0.008138 0.019684
v 0.015622 0.008689 0.018705
v 0.015674 0.008665 0.018917
v 0.015734 0.008491 0.018736
v 0.015591 0.008724 0.018491
v 0.015543 0.008835 0.018736
v 0.015426 0.009013 0.018460
v 0.015748 0.008653 0.019127
v 0.015289 0.009249 0.018399
v 0.015652 0.008826 0.019127
v 0.016759 0.008391 0.020194
v 0.016342 0.008515 0.019885
v 0.015390 0.009203 0.019008
v 0.015280 0.009385 0.019008
v 0.015485 0.009402 0.019452
v 0.014855 0.009926 0.018522
v 0.014861 0.009930 0.018337
v 0.015323 0.009664 0.019452
v 0.001523 0.028249 0.000457
v 0.014491 0.010450 0.018522
v 0.014317 0.010717 0.018244
v 0.014304 0.010708 0.018614
v 0.014497 0.010454 0.018337
v 0.015050 0.010056 0.019423
v 0.001026 0.028286 0.000428
v 0.001291 0.028112 0.000853
v 0.014109 0.010960 0.018522
v 0.014115 0.010965 0.018337
v 0.014686 0.010758 0.019598
v 0.014957 0.010720 0.019856
v 0.014831 0.010463 0.019510
v 0.015269 0.010706 0.020110
v 0.014555 0.010874 0.019539
v 0.014454 0.010820 0.019335
v 0.013709 0.011457 0.018522
v 0.013516 0.011711 0.018244
v 0.013504 0.011701 0.018614
v 0.013715 0.011462 0.018337
v 0.014492 0.011019 0.019598
v 0.014565 0.011247 0.019856
v -0.001116 0.028276 0.000441
v -0.001450 0.028158 0.000678
v 0.015201 0.011112 0.020268
v -0.001589 0.028234 0.000478
v 0.013291 0.011939 0.018522
v 0.013297 0.011944 0.018337
v 0.013888 0.011607 0.019423
v 0.013645 0.011823 0.019335
v 0.014674 0.011508 0.020110
v -0.001312 0.028104 0.000881
v -0.001921 0.028131 0.000673
v 0.012856 0.012406 0.018522
v 0.012862 0.012411 0.018337
v 0.012646 0.012646 0.018244
v 0.012635 0.012635 0.018614
v 0.013465 0.012095 0.019423
v 0.008983 0.026933 0.007546
v -0.001773 0.028033 0.001145
v 0.012405 0.012856 0.018522
v 0.012411 0.012862 0.018337
v 0.012975 0.012770 0.019598
v 0.013218 0.012804 0.019856
v 0.013161 0.012498 0.019510
v 0.012838 0.012855 0.019539
v 0.012767 0.012767 0.019335
v 0.013498 0.012868 0.020110
v 0.011939 0.013291 0.018522
v 0.011711 0.013516 0.018244
v 0.011701 0.013504 0.018614
v 0.011944 0.013297 0.018337
v 0.012745 0.013000 0.019598
v 0.012753 0.013267 0.019856
v 0.012473 0.013185 0.019510
v 0.011457 0.013709 0.018522
v 0.011462 0.013715 0.018337
v 0.013186 0.013441 0.020268
v 0.012095 0.013465 0.019423
v 0.011823 0.013645 0.019335
v 0.012790 0.013572 0.020110
v 0.010960 0.014109 0.018522
v 0.010965 0.014115 0.018337
v 0.010717 0.014317 0.018244
v 0.010708 0.014304 0.018614
v 0.011607 0.013888 0.019423
v 0.010450 0.014491 0.018522
v 0.010454 0.014497 0.018337
v 0.011064 0.014457 0.019598
v 0.011339 0.014494 0.019856
v 0.011286 0.014214 0.019510
v 0.011646 0.014565 0.020110
v 0.010904 0.014532 0.019539
v 0.010820 0.014454 0.019335
v 0.009926 0.014855 0.018522
v 0.009669 0.015045 0.018244
v 0.009660 0.015032 0.018614
v 0.009930 0.014861 0.018337
v 0.010804 0.014653 0.019598
v 0.010814 0.014890 0.019856
v -0.008143 0.026939 0.000850
v 0.011470 0.014933 0.020268
v -0.009779 0.026704 0.000207
v -0.009788 0.026564 0.000418
v -0.009312 0.026734 0.000418
v -0.009333 0.026623 0.000632
v -0.008622 0.026789 0.000850
v 0.009389 0.015200 0.018522
v 0.009393 0.015206 0.018337
v 0.010056 0.015050 0.019423
v 0.009761 0.015189 0.019335
v 0.010849 0.015168 0.020110
v -0.010261 0.026385 0.000418
v -0.009807 0.026453 0.000632
v -0.009604 0.026458 0.000829
v -0.009601 0.026452 0.000858
v 0.008841 0.015525 0.018522
v 0.008571 0.015696 0.018244
v 0.008563 0.015683 0.018614
v 0.008844 0.015532 0.018337
v 0.009512 0.015399 0.019423
v -0.011518 0.025853 0.000432
v 0.008281 0.015831 0.018522
v 0.008284 0.015838 0.018337
v 0.008856 0.015906 0.019598
v 0.009084 0.016004 0.019856
v 0.009111 0.015698 0.019510
v 0.008699 0.015950 0.019539
v 0.009338 0.016142 0.020110
v 0.007711 0.016116 0.018522
v 0.007429 0.016267 0.018244
v 0.007423 0.016254 0.018614
v 0.007714 0.016123 0.018337
v 0.008571 0.016062 0.019598
v 0.008507 0.016318 0.019856
v 0.008257 0.016163 0.019510
v 0.007130 0.016381 0.018522
v 0.007134 0.016388 0.018337
v 0.008881 0.016603 0.020268
v 0.007812 0.016327 0.019423
v 0.007500 0.016423 0.019335
v 0.008461 0.016619 0.020110
v 0.006541 0.016625 0.018522
v 0.006544 0.016632 0.018337
v 0.006250 0.016756 0.018244
v 0.006244 0.016742 0.018614
v 0.007224 0.016596 0.019423
v 0.005944 0.016848 0.018522
v 0.005946 0.016855 0.018337
v 0.006547 0.016987 0.019598
v 0.006805 0.017098 0.019856
v 0.006829 0.016816 0.019510
v 0.007084 0.017251 0.020110
v 0.006371 0.017014 0.019539
v 0.006310 0.016917 0.019335
v 0.005339 0.017050 0.018522
v 0.005038 0.017159 0.018244
v 0.005034 0.017145 0.018614
v 0.005341 0.017057 0.018337
v 0.006243 0.017101 0.019598
v 0.006190 0.017330 0.019856
v 0.006815 0.017553 0.020268
v 0.004727 0.017229 0.018522
v 0.004729 0.017237 0.018337
v 0.005409 0.017273 0.019423
v 0.005087 0.017324 0.019335
v 0.006150 0.017605 0.020110
v -0.017478 0.022246 0.000455
v 0.004109 0.017387 0.018522
v 0.004110 0.017394 0.018337
v 0.003801 0.017475 0.018244
v 0.003798 0.017460 0.018614
v 0.004789 0.017455 0.019423
v -0.017752 0.022018 0.000471
v 0.003485 0.017522 0.018522
v 0.003487 0.017530 0.018337
v 0.004021 0.017756 0.019598
v 0.004216 0.017913 0.019856
v 0.004324 0.017628 0.019510
v 0.003857 0.017754 0.019539
v 0.004426 0.018116 0.020110
v 0.002858 0.017636 0.018522
v 0.002545 0.017702 0.018244
v 0.002543 0.017687 0.018614
v 0.002859 0.017643 0.018337
v 0.003703 0.017825 0.019598
v 0.003574 0.018052 0.019856
v -0.017034 0.022345 0.001770
v 0.003374 0.017834 0.019510
v 0.002227 0.017726 0.018522
v 0.002227 0.017734 0.018337
v 0.002895 0.017867 0.019423
v 0.002569 0.017871 0.019335
v 0.003450 0.018327 0.020110
v 0.001592 0.017795 0.018522
v 0.001276 0.017838 0.018244
v 0.001275 0.017823 0.018614
v 0.001593 0.017802 0.018337
v 0.002256 0.017959 0.019423
v 0.000956 0.017840 0.018522
v 0.000957 0.017848 0.018337
v 0.001501 0.018143 0.019598
v 0.001722 0.018322 0.019856
v 0.001819 0.018059 0.019510
v 0.001951 0.018546 0.020110
v 0.001323 0.018120 0.019539
v 0.001288 0.018009 0.019335
v 0.000319 0.017863 0.018522
v 0.000000 0.017884 0.018244
v 0.000000 0.017868 0.018614
v 0.000319 0.017871 0.018337
v 0.001177 0.018167 0.019598
v 0.001066 0.018372 0.019856
v 0.001612 0.018760 0.020268
v -0.000319 0.017863 0.018522
v -0.000319 0.017871 0.018337
v 0.000956 0.018624 0.020110
v 0.000323 0.018097 0.019423
v 0.000000 0.018055 0.019335
v -0.000956 0.017840 0.018522
v -0.000957 0.017848 0.018337
v -0.001276 0.017838 0.018244
v -0.001275 0.017823 0.018614
v -0.000323 0.018097 0.019423
v -0.001592 0.017795 0.018522
v -0.001593 0.017802 0.018337
v -0.001140 0.018170 0.019598
v -0.000992 0.018376 0.019856
v -0.000813 0.018132 0.019510
v -0.001298 0.018121 0.019539
v -0.000842 0.018630 0.020110
v -0.002227 0.017726 0.018522
v -0.002227 0.017734 0.018337
v -0.002545 0.017702 0.018244
v -0.002543 0.017687 0.018614
v -0.001464 0.018146 0.019598
v -0.001647 0.018329 0.019856
v -0.023822 0.014984 0.000850
v -0.001782 0.018062 0.019510
v -0.024625 0.013963 0.000421
v -0.002858 0.017636 0.018522
v -0.002859 0.017643 0.018337
v -0.002256 0.017959 0.019423
v -0.002569 0.017871 0.019335
v -0.024850 0.013555 0.000424
v -0.024306 0.014196 0.000829
v -0.001838 0.018558 0.020110
v -0.025069 0.013142 0.000427
v -0.003485 0.017522 0.018522
v -0.003487 0.017530 0.018337
v -0.003801 0.017475 0.018244
v -0.003798 0.017460 0.018614
v -0.002895 0.017867 0.019423
v -0.004109 0.017387 0.018522
v -0.004110 0.017394 0.018337
v -0.004727 0.017229 0.018522
v -0.004729 0.017237 0.018337
v -0.005038 0.017159 0.018244
v -0.005034 0.017145 0.018614
v -0.003984 0.017764 0.019598
v -0.003833 0.017759 0.019539
v -0.004143 0.017930 0.019856
v -0.003838 0.017642 0.019335
v -0.005339 0.017050 0.018522
v -0.005341 0.017057 0.018337
v -0.004316 0.018142 0.020110
v -0.004789 0.017455 0.019423
v -0.005087 0.017324 0.019335
v -0.005944 0.016848 0.018522
v -0.005946 0.016855 0.018337
v -0.006250 0.016756 0.018244
v -0.006244 0.016742 0.018614
v -0.005409 0.017273 0.019423
v -0.006541 0.016625 0.018522
v -0.006544 0.016632 0.018337
v -0.006208 0.017114 0.019598
v -0.006120 0.017355 0.019856
v -0.005884 0.017170 0.019510
v -0.006348 0.017023 0.019539
v -0.006043 0.017642 0.020110
v -0.007130 0.016381 0.018522
v -0.007134 0.016388 0.018337
v -0.007429 0.016267 0.018244
v -0.007423 0.016254 0.018614
v -0.006513 0.017000 0.019598
v -0.006735 0.017126 0.019856
v -0.027451 0.006907 0.000425
v -0.006795 0.016830 0.019510
v -0.027266 0.007021 0.000801
v -0.007711 0.016116 0.018522
v -0.007714 0.016123 0.018337
v -0.007224 0.016596 0.019423
v -0.007500 0.016423 0.019335
v -0.027628 0.006098 0.000451
v -0.006979 0.017294 0.020110
v -0.027711 0.005696 0.000455
v -0.027789 0.005292 0.000459
v -0.008281 0.015831 0.018522
v -0.008284 0.015838 0.018337
v -0.008571 0.015696 0.018244
v -0.008563 0.015683 0.018614
v -0.007812 0.016327 0.019423
v -0.027406 0.006211 0.001055
v -0.027535 0.005597 0.001075
v -0.008841 0.015525 0.018522
v -0.008844 0.015532 0.018337
v -0.027649 0.005015 0.001060
v -0.027511 0.005603 0.001373
v -0.008619 0.016036 0.019598
v -0.008606 0.016266 0.019856
v -0.008732 0.015932 0.019539
v -0.008653 0.015846 0.019335
v -0.009389 0.015200 0.018522
v -0.009669 0.015045 0.018244
v -0.009660 0.015032 0.018614
v -0.009393 0.015206 0.018337
v -0.008612 0.016541 0.020110
v -0.008904 0.015879 0.019598
v -0.009181 0.015949 0.019856
v -0.009158 0.015670 0.019510
v -0.009926 0.014855 0.018522
v -0.009930 0.014861 0.018337
v -0.009512 0.015399 0.019423
v -0.009761 0.015189 0.019335
v -0.009267 0.016391 0.020268
v -0.009485 0.016057 0.020110
v -0.010450 0.014491 0.018522
v -0.010454 0.014497 0.018337
v -0.010717 0.014317 0.018244
v -0.010708 0.014304 0.018614
v -0.010056 0.015050 0.019423
v -0.010960 0.014109 0.018522
v -0.010965 0.014115 0.018337
v -0.010775 0.014674 0.019598
v -0.010754 0.014934 0.019856
v -0.010479 0.014819 0.019510
v -0.010757 0.015234 0.020110
v -0.010884 0.014547 0.019539
v -0.011457 0.013709 0.018522
v -0.011462 0.013715 0.018337
v -0.011711 0.013516 0.018244
v -0.011701 0.013504 0.018614
v -0.011035 0.014480 0.019598
v -0.011280 0.014540 0.019856
v -0.011257 0.014237 0.019510
v -0.011939 0.013291 0.018522
v -0.011944 0.013297 0.018337
v -0.011607 0.013888 0.019423
v -0.011823 0.013645 0.019335
v -0.011557 0.014636 0.020110
v -0.012406 0.012856 0.018522
v -0.012646 0.012646 0.018244
v -0.012635 0.012635 0.018614
v -0.012411 0.012862 0.018337
v -0.012095 0.013465 0.019423
v -0.012857 0.012406 0.018522
v -0.012862 0.012411 0.018337
v -0.012785 0.012961 0.019598
v -0.012833 0.013190 0.019856
v -0.012864 0.012829 0.019539
v -0.012767 0.012767 0.019335
v -0.013291 0.011939 0.018522
v -0.013516 0.011711 0.018244
v -0.013504 0.011701 0.018614
v -0.013297 0.011944 0.018337
v -0.012913 0.013455 0.020110
v -0.013014 0.012731 0.019598
v -0.013296 0.012723 0.019856
v -0.027821 -0.004243 0.000850
v -0.013199 0.012459 0.019510
v -0.027771 -0.005382 0.000461
v -0.013709 0.011457 0.018522
v -0.013715 0.011462 0.018337
v -0.027694 -0.005786 0.000451
v -0.013465 0.012095 0.019423
v -0.013645 0.011823 0.019335
v -0.013497 0.013130 0.020268
v -0.027612 -0.006189 0.000442
v -0.013614 0.012745 0.020110
v -0.027644 -0.005037 0.001065
v -0.027533 -0.005597 0.001087
v -0.014109 0.010960 0.018522
v -0.014115 0.010965 0.018337
v -0.014317 0.010717 0.018244
v -0.014304 0.010708 0.018614
v -0.013888 0.011607 0.019423
v -0.027401 -0.006234 0.001055
v -0.027337 -0.006637 0.000896
v -0.027510 -0.005605 0.001403
v -0.014491 0.010450 0.018522
v -0.014497 0.010454 0.018337
v -0.014470 0.011048 0.019598
v -0.014519 0.011307 0.019856
v -0.014227 0.011270 0.019510
v -0.014604 0.011597 0.020110
v -0.014540 0.010893 0.019539
v -0.014855 0.009926 0.018522
v -0.015045 0.009669 0.018244
v -0.015032 0.009660 0.018614
v -0.014861 0.009930 0.018337
v -0.014665 0.010788 0.019598
v -0.014914 0.010781 0.019856
v -0.014810 0.010493 0.019510
v -0.015200 0.009389 0.018522
v -0.015206 0.009393 0.018337
v -0.015050 0.010056 0.019423
v -0.015189 0.009761 0.019335
v -0.015204 0.010799 0.020110
v -0.015525 0.008841 0.018522
v -0.015532 0.008844 0.018337
v -0.015696 0.008571 0.018244
v -0.015683 0.008563 0.018614
v -0.015399 0.009512 0.019423
v -0.015831 0.008281 0.018522
v -0.015838 0.008284 0.018337
v -0.015916 0.008838 0.019598
v -0.016024 0.009048 0.019856
v -0.015956 0.008688 0.019539
v -0.015846 0.008653 0.019335
v -0.016173 0.009285 0.020110
v -0.016116 0.007711 0.018522
v -0.016123 0.007714 0.018337
v -0.016267 0.007429 0.018244
v -0.016254 0.007423 0.018614
v -0.016071 0.008553 0.019598
v -0.016337 0.008471 0.019856
v -0.016172 0.008240 0.019510
v -0.025381 -0.012143 0.000875
v -0.025065 -0.013141 0.000436
v -0.016381 0.007130 0.018522
v -0.016388 0.007134 0.018337
v -0.025178 -0.012561 0.000869
v -0.016327 0.007812 0.019423
v -0.016423 0.007500 0.019335
v -0.016640 0.008812 0.020268
v -0.024847 -0.013553 0.000430
v -0.016647 0.008406 0.020110
v -0.024623 -0.013963 0.000424
v -0.016625 0.006541 0.018522
v -0.016756 0.006250 0.018244
v -0.016742 0.006244 0.018614
v -0.016632 0.006544 0.018337
v -0.024753 -0.013384 0.000861
v -0.024601 -0.013613 0.000967
v -0.016596 0.007224 0.019423
v -0.024798 -0.013233 0.001009
v -0.024584 -0.013607 0.001070
v -0.024301 -0.014194 0.000849
v -0.016848 0.005944 0.018522
v -0.016855 0.005946 0.018337
v -0.016994 0.006529 0.019598
v -0.017113 0.006767 0.019856
v -0.016824 0.006810 0.019510
v -0.017274 0.007027 0.020110
v -0.017019 0.006359 0.019539
v -0.023822 -0.014984 0.000850
v -0.017050 0.005339 0.018522
v -0.017057 0.005341 0.018337
v -0.017159 0.005038 0.018244
v -0.017145 0.005034 0.018614
v -0.017108 0.006224 0.019598
v -0.017344 0.006152 0.019856
v -0.017164 0.005900 0.019510
v -0.017581 0.006742 0.020268
v -0.017229 0.004727 0.018522
v -0.017237 0.004729 0.018337
v -0.017273 0.005409 0.019423
v -0.017324 0.005087 0.019335
v -0.017626 0.006092 0.020110
v -0.017387 0.004109 0.018522
v -0.017475 0.003801 0.018244
v -0.017460 0.003798 0.018614
v -0.017394 0.004110 0.018337
v -0.017455 0.004789 0.019423
v -0.017522 0.003485 0.018522
v -0.017530 0.003487 0.018337
v -0.017760 0.004001 0.019598
v -0.017922 0.004176 0.019856
v -0.017757 0.003843 0.019539
v -0.017642 0.003838 0.019335
v -0.018130 0.004366 0.020110
v -0.017636 0.002858 0.018522
v -0.017702 0.002545 0.018244
v -0.017687 0.002543 0.018614
v -0.017643 0.002859 0.018337
v -0.017829 0.003683 0.019598
v -0.018060 0.003534 0.019856
v -0.017837 0.003354 0.019510
v -0.017726 0.002227 0.018522
v -0.017734 0.002227 0.018337
v -0.018445 0.003785 0.020268
v -0.017867 0.002895 0.019423
v -0.017871 0.002569 0.019335
v -0.018338 0.003389 0.020110
v -0.017795 0.001592 0.018522
v -0.017802 0.001593 0.018337
v -0.017838 0.001276 0.018244
v -0.017823 0.001275 0.018614
v -0.019363 -0.020620 0.000463
v -0.017959 0.002256 0.019423
v -0.017840 0.000956 0.018522
v -0.017848 0.000957 0.018337
v -0.019180 -0.020590 0.000861
v -0.018145 0.001481 0.019598
v -0.018326 0.001681 0.019856
v -0.018061 0.001799 0.019510
v -0.018553 0.001890 0.020110
v -0.018121 0.001309 0.019539
v -0.017863 0.000319 0.018522
v -0.017871 0.000319 0.018337
v -0.017884 0.000000 0.018244
v -0.017868 0.000000 0.018614
v -0.018168 0.001157 0.019598
v -0.018009 0.001288 0.019335
v -0.018374 0.001026 0.019856
v -0.017750 -0.022016 0.000475
v -0.018131 0.000830 0.019510
v -0.018767 0.001534 0.020268
v -0.017478 -0.022247 0.000453
v -0.017863 -0.000319 0.018522
v -0.017871 -0.000319 0.018337
v -0.018097 0.000323 0.019423
v -0.018055 0.000000 0.019335
v -0.018627 0.000894 0.020110
v -0.017024 -0.022559 0.000515
v -0.017840 -0.000956 0.018522
v -0.017848 -0.000957 0.018337
v -0.017838 -0.001276 0.018244
v -0.017823 -0.001275 0.018614
v -0.018097 -0.000323 0.019423
v -0.017795 -0.001592 0.018522
v -0.017802 -0.001593 0.018337
v -0.018168 -0.001160 0.019598
v -0.018374 -0.001033 0.019856
v -0.018131 -0.000833 0.019510
v -0.017035 -0.022347 0.001788
v -0.018120 -0.001312 0.019539
v -0.018009 -0.001288 0.019335
v -0.018627 -0.000904 0.020110
v -0.017726 -0.002227 0.018522
v -0.017734 -0.002227 0.018337
v -0.017702 -0.002545 0.018244
v -0.017687 -0.002543 0.018614
v -0.018145 -0.001484 0.019598
v -0.018325 -0.001688 0.019856
v -0.018060 -0.001802 0.019510
v -0.017636 -0.002858 0.018522
v -0.017643 -0.002859 0.018337
v -0.018766 -0.001547 0.020268
v -0.017959 -0.002256 0.019423
v -0.017871 -0.002569 0.019335
v -0.018552 -0.001900 0.020110
v -0.017522 -0.003485 0.018522
v -0.017475 -0.003801 0.018244
v -0.017460 -0.003798 0.018614
v -0.017530 -0.003487 0.018337
v -0.017867 -0.002895 0.019423
v -0.017387 -0.004109 0.018522
v -0.017394 -0.004110 0.018337
v -0.011516 -0.025850 0.000438
v -0.017828 -0.003687 0.019598
v -0.018059 -0.003541 0.019856
v -0.017837 -0.003358 0.019510
v -0.018336 -0.003400 0.020110
v -0.017756 -0.003846 0.019539
v -0.017642 -0.003838 0.019335
v -0.017229 -0.004727 0.018522
v -0.017159 -0.005038 0.018244
v -0.017145 -0.005034 0.018614
v -0.017237 -0.004729 0.018337
v -0.017759 -0.004004 0.019598
v -0.017921 -0.004183 0.019856
v -0.018442 -0.003798 0.020268
v -0.010261 -0.026385 0.000418
v -0.009788 -0.026564 0.000418
v -0.009779 -0.026704 0.000207
v -0.017050 -0.005339 0.018522
v -0.017057 -0.005341 0.018337
v -0.017455 -0.004789 0.019423
v -0.017324 -0.005087 0.019335
v -0.018128 -0.004376 0.020110
v -0.009807 -0.026453 0.000632
v -0.009333 -0.026623 0.000632
v -0.009312 -0.026734 0.000418
v -0.016848 -0.005944 0.018522
v -0.016756 -0.006250 0.018244
v -0.016742 -0.006244 0.018614
v -0.016855 -0.005946 0.018337
v -0.017273 -0.005409 0.019423
v -0.009605 -0.026459 0.000827
v -0.009602 -0.026452 0.000854
v -0.016625 -0.006541 0.018522
v -0.016632 -0.006544 0.018337
v -0.008622 -0.026789 0.000850
v -0.017107 -0.006227 0.019598
v -0.017342 -0.006158 0.019856
v -0.017163 -0.005903 0.019510
v -0.017018 -0.006361 0.019539
v -0.016917 -0.006310 0.019335
v -0.008143 -0.026939 0.000850
v -0.017622 -0.006102 0.020110
v -0.016381 -0.007130 0.018522
v -0.016388 -0.007134 0.018337
v -0.016267 -0.007429 0.018244
v -0.016254 -0.007423 0.018614
v -0.016993 -0.006532 0.019598
v -0.017111 -0.006773 0.019856
v -0.016823 -0.006813 0.019510
v -0.016116 -0.007711 0.018522
v -0.016123 -0.007714 0.018337
v -0.017577 -0.006754 0.020268
v -0.016596 -0.007224 0.019423
v -0.016423 -0.007500 0.019335
v -0.017270 -0.007036 0.020110
v -0.015831 -0.008281 0.018522
v -0.015696 -0.008571 0.018244
v -0.015683 -0.008563 0.018614
v -0.015838 -0.008284 0.018337
v -0.016327 -0.007812 0.019423
v -0.015525 -0.008841 0.018522
v -0.015532 -0.008844 0.018337
v -0.016070 -0.008556 0.019598
v -0.016334 -0.008477 0.019856
v -0.016170 -0.008243 0.019510
v -0.016642 -0.008415 0.020110
v -0.015955 -0.008690 0.019539
v -0.015846 -0.008653 0.019335
v -0.015200 -0.009389 0.018522
v -0.015206 -0.009393 0.018337
v -0.015045 -0.009669 0.018244
v -0.015032 -0.009660 0.018614
v -0.015914 -0.008841 0.019598
v -0.016021 -0.009054 0.019856
v -0.016634 -0.008824 0.020268
v -0.014855 -0.009926 0.018522
v -0.014861 -0.009930 0.018337
v -0.015399 -0.009512 0.019423
v -0.015189 -0.009761 0.019335
v -0.016168 -0.009294 0.020110
v -0.001516 -0.028226 0.000504
v -0.014491 -0.010450 0.018522
v -0.014497 -0.010454 0.018337
v -0.014317 -0.010717 0.018244
v -0.014304 -0.010708 0.018614
v -0.015050 -0.010056 0.019423
v -0.014109 -0.010960 0.018522
v -0.014115 -0.010965 0.018337
v -0.014662 -0.010791 0.019598
v -0.014910 -0.010787 0.019856
v -0.014808 -0.010496 0.019510
v -0.014539 -0.010895 0.019539
v -0.015198 -0.010807 0.020110
v -0.013709 -0.011457 0.018522
v -0.013516 -0.011711 0.018244
v -0.013504 -0.011701 0.018614
v -0.013715 -0.011462 0.018337
v -0.014468 -0.011051 0.019598
v -0.014515 -0.011312 0.019856
v 0.001116 -0.028276 0.000441
v 0.001450 -0.028158 0.000678
v -0.014225 -0.011273 0.019510
v 0.001589 -0.028234 0.000478
v -0.013291 -0.011939 0.018522
v -0.013297 -0.011944 0.018337
v -0.014973 -0.011418 0.020268
v -0.013888 -0.011607 0.019423
v -0.013645 -0.011823 0.019335
v -0.014597 -0.011605 0.020110
v 0.001312 -0.028104 0.000881
v 0.001921 -0.028131 0.000673
v -0.012857 -0.012406 0.018522
v -0.012862 -0.012411 0.018337
v -0.012646 -0.012646 0.018244
v -0.012635 -0.012635 0.018614
v -0.013465 -0.012095 0.019423
v -0.008983 -0.026933 0.007546
v 0.001773 -0.028033 0.001145
v -0.012406 -0.012856 0.018522
v -0.012411 -0.012862 0.018337
v -0.013011 -0.012733 0.019598
v -0.013291 -0.012728 0.019856
v -0.013197 -0.012461 0.019510
v -0.013607 -0.012752 0.020110
v -0.012863 -0.012830 0.019539
v -0.012767 -0.012767 0.019335
v -0.011939 -0.013291 0.018522
v -0.011711 -0.013516 0.018244
v -0.011701 -0.013504 0.018614
v -0.011944 -0.013297 0.018337
v -0.012782 -0.012963 0.019598
v -0.012828 -0.013195 0.019856
v -0.013487 -0.013139 0.020268
v -0.011457 -0.013709 0.018522
v -0.011462 -0.013715 0.018337
v -0.012095 -0.013465 0.019423
v -0.011823 -0.013645 0.019335
v -0.012905 -0.013462 0.020110
v -0.010960 -0.014109 0.018522
v -0.010717 -0.014317 0.018244
v -0.010708 -0.014304 0.018614
v -0.010965 -0.014115 0.018337
v -0.011607 -0.013888 0.019423
v -0.010450 -0.014491 0.018522
v -0.010454 -0.014497 0.018337
v -0.011032 -0.014482 0.019598
v -0.011274 -0.014544 0.019856
v -0.011255 -0.014239 0.019510
v -0.010883 -0.014548 0.019539
v -0.011549 -0.014642 0.020110
v -0.009926 -0.014855 0.018522
v -0.009930 -0.014861 0.018337
v -0.009669 -0.015045 0.018244
v -0.009660 -0.015032 0.018614
v -0.010772 -0.014676 0.019598
v -0.010748 -0.014938 0.019856
v 0.008143 -0.026939 0.000850
v -0.010476 -0.014821 0.019510
v 0.009779 -0.026704 0.000207
v 0.009788 -0.026564 0.000418
v 0.009312 -0.026734 0.000418
v 0.009333 -0.026623 0.000632
v 0.008622 -0.026789 0.000850
v -0.009389 -0.015200 0.018522
v -0.009393 -0.015206 0.018337
v -0.010056 -0.015050 0.019423
v -0.009761 -0.015189 0.019335
v -0.010748 -0.015240 0.020110
v 0.010261 -0.026385 0.000418
v 0.009807 -0.026453 0.000632
v 0.009604 -0.026458 0.000829
v 0.009601 -0.026452 0.000858
v -0.008841 -0.015525 0.018522
v -0.008571 -0.015696 0.018244
v -0.008563 -0.015683 0.018614
v -0.008844 -0.015532 0.018337
v -0.009512 -0.015399 0.019423
v 0.011518 -0.025853 0.000432
v -0.008281 -0.015831 0.018522
v -0.008284 -0.015838 0.018337
v -0.008901 -0.015881 0.019598
v -0.009175 -0.015952 0.019856
v -0.009155 -0.015672 0.019510
v -0.009476 -0.016062 0.020110
v -0.008730 -0.015933 0.019539
v -0.008653 -0.015846 0.019335
v -0.007711 -0.016116 0.018522
v -0.007714 -0.016123 0.018337
v -0.007429 -0.016267 0.018244
v -0.007423 -0.016254 0.018614
v -0.008616 -0.016037 0.019598
v -0.008600 -0.016270 0.019856
v -0.009255 -0.016398 0.020268
v -0.007130 -0.016381 0.018522
v -0.007134 -0.016388 0.018337
v -0.008602 -0.016546 0.020110
v -0.007812 -0.016327 0.019423
v -0.007500 -0.016423 0.019335
v -0.006541 -0.016625 0.018522
v -0.006250 -0.016756 0.018244
v -0.006244 -0.016742 0.018614
v -0.006544 -0.016632 0.018337
v -0.007224 -0.016596 0.019423
v -0.005944 -0.016848 0.018522
v -0.005946 -0.016855 0.018337
v -0.006510 -0.017002 0.019598
v -0.006729 -0.017128 0.019856
v -0.006791 -0.016832 0.019510
v -0.006346 -0.017023 0.019539
v -0.006969 -0.017298 0.020110
v -0.005339 -0.017050 0.018522
v -0.005341 -0.017057 0.018337
v -0.005038 -0.017159 0.018244
v -0.005034 -0.017145 0.018614
v -0.006205 -0.017115 0.019598
v -0.006113 -0.017357 0.019856
v -0.005881 -0.017171 0.019510
v -0.004727 -0.017229 0.018522
v -0.004729 -0.017237 0.018337
v -0.005409 -0.017273 0.019423
v -0.005087 -0.017324 0.019335
v -0.006033 -0.017646 0.020110
v 0.017026 -0.022563 0.000504
v 0.017480 -0.022249 0.000447
v -0.004109 -0.017387 0.018522
v -0.004110 -0.017394 0.018337
v -0.003801 -0.017475 0.018244
v -0.003798 -0.017460 0.018614
v -0.004789 -0.017455 0.019423
v 0.017751 -0.022017 0.000472
v -0.003485 -0.017522 0.018522
v -0.003487 -0.017530 0.018337
v -0.004071 -0.017744 0.019598
v -0.004318 -0.017889 0.019856
v -0.004374 -0.017615 0.019510
v -0.004581 -0.018077 0.020110
v -0.003890 -0.017746 0.019539
v -0.003838 -0.017642 0.019335
v -0.002858 -0.017636 0.018522
v -0.002859 -0.017643 0.018337
v -0.002545 -0.017702 0.018244
v -0.002543 -0.017687 0.018614
v -0.003754 -0.017814 0.019598
v -0.003677 -0.018031 0.019856
v 0.017035 -0.022348 0.001797
v -0.004278 -0.018337 0.020268
v -0.002227 -0.017726 0.018522
v -0.002227 -0.017734 0.018337
v -0.003607 -0.018297 0.020110
v -0.002895 -0.017867 0.019423
v -0.002569 -0.017871 0.019335
v -0.001592 -0.017795 0.018522
v -0.001593 -0.017802 0.018337
v -0.001276 -0.017838 0.018244
v -0.001275 -0.017823 0.018614
v -0.002256 -0.017959 0.019423
v -0.000956 -0.017840 0.018522
v -0.000957 -0.017848 0.018337
v -0.001461 -0.018147 0.019598
v -0.001640 -0.018329 0.019856
v -0.001779 -0.018063 0.019510
v -0.001296 -0.018122 0.019539
v -0.001828 -0.018559 0.020110
v -0.000319 -0.017863 0.018522
v 0.000000 -0.017884 0.018244
v 0.000000 -0.017868 0.018614
v -0.000319 -0.017871 0.018337
v -0.001137 -0.018170 0.019598
v -0.000985 -0.018376 0.019856
v -0.000810 -0.018132 0.019510
v 0.000319 -0.017863 0.018522
v 0.000319 -0.017871 0.018337
v -0.000323 -0.018097 0.019423
v 0.000000 -0.018055 0.019335
v -0.000832 -0.018630 0.020110
v 0.000956 -0.017840 0.018522
v 0.000957 -0.017848 0.018337
v 0.001276 -0.017838 0.018244
v 0.001275 -0.017823 0.018614
v 0.000323 -0.018097 0.019423
v 0.001592 -0.017795 0.018522
v 0.001593 -0.017802 0.018337
v 0.001180 -0.018167 0.019598
v 0.001073 -0.018371 0.019856
v 0.001325 -0.018119 0.019539
v 0.001288 -0.018009 0.019335
v 0.002227 -0.017726 0.018522
v 0.002227 -0.017734 0.018337
v 0.002545 -0.017702 0.018244
v 0.002543 -0.017687 0.018614
v 0.000966 -0.018624 0.020110
v 0.001504 -0.018143 0.019598
v 0.001728 -0.018321 0.019856
v 0.023822 -0.014984 0.000850
v 0.001822 -0.018058 0.019510
v 0.024625 -0.013963 0.000421
v 0.002858 -0.017636 0.018522
v 0.002859 -0.017643 0.018337
v 0.002256 -0.017959 0.019423
v 0.002569 -0.017871 0.019335
v 0.024850 -0.013555 0.000424
v 0.001625 -0.018759 0.020268
v 0.024306 -0.014196 0.000829
v 0.001962 -0.018545 0.020110
v 0.025069 -0.013142 0.000427
v 0.003485 -0.017522 0.018522
v 0.003801 -0.017475 0.018244
v 0.003798 -0.017460 0.018614
v 0.003487 -0.017530 0.018337
v 0.002895 -0.017867 0.019423
v 0.004109 -0.017387 0.018522
v 0.004110 -0.017394 0.018337
v 0.003706 -0.017824 0.019598
v 0.003581 -0.018051 0.019856
v 0.003377 -0.017833 0.019510
v 0.003859 -0.017753 0.019539
v 0.003461 -0.018325 0.020110
v 0.004727 -0.017229 0.018522
v 0.004729 -0.017237 0.018337
v 0.005038 -0.017159 0.018244
v 0.005034 -0.017145 0.018614
v 0.004024 -0.017755 0.019598
v 0.004223 -0.017911 0.019856
v 0.004327 -0.017627 0.019510
v 0.005339 -0.017050 0.018522
v 0.005341 -0.017057 0.018337
v 0.004789 -0.017455 0.019423
v 0.005087 -0.017324 0.019335
v 0.004437 -0.018113 0.020110
v 0.005944 -0.016848 0.018522
v 0.006250 -0.016756 0.018244
v 0.006244 -0.016742 0.018614
v 0.005946 -0.016855 0.018337
v 0.005409 -0.017273 0.019423
v 0.006541 -0.016625 0.018522
v 0.006544 -0.016632 0.018337
v 0.006246 -0.017100 0.019598
v 0.006197 -0.017328 0.019856
v 0.006373 -0.017013 0.019539
v 0.006310 -0.016917 0.019335
v 0.007130 -0.016381 0.018522
v 0.007429 -0.016267 0.018244
v 0.007423 -0.016254 0.018614
v 0.007134 -0.016388 0.018337
v 0.006160 -0.017602 0.020110
v 0.006551 -0.016986 0.019598
v 0.006811 -0.017096 0.019856
v 0.006832 -0.016815 0.019510
v 0.007711 -0.016116 0.018522
v 0.007714 -0.016123 0.018337
v 0.007224 -0.016596 0.019423
v 0.007500 -0.016423 0.019335
v 0.006827 -0.017548 0.020268
v 0.007094 -0.017247 0.020110
v 0.008281 -0.015831 0.018522
v 0.008284 -0.015838 0.018337
v 0.008571 -0.015696 0.018244
v 0.008563 -0.015683 0.018614
v 0.027698 -0.005484 0.000573
v 0.007812 -0.016327 0.019423
v 0.027812 -0.004903 0.000561
v 0.008841 -0.015525 0.018522
v 0.008844 -0.015532 0.018337
v 0.027914 -0.004320 0.000548
v 0.008574 -0.016060 0.019598
v 0.008513 -0.016315 0.019856
v 0.008260 -0.016161 0.019510
v 0.008470 -0.016614 0.020110
v 0.008701 -0.015949 0.019539
v 0.009389 -0.015200 0.018522
v 0.009669 -0.015045 0.018244
v 0.009660 -0.015032 0.018614
v 0.009393 -0.015206 0.018337
v 0.008859 -0.015904 0.019598
v 0.009090 -0.016001 0.019856
v 0.009114 -0.015696 0.019510
v 0.009926 -0.014855 0.018522
v 0.009930 -0.014861 0.018337
v 0.009512 -0.015399 0.019423
v 0.009761 -0.015189 0.019335
v 0.009347 -0.016137 0.020110
v 0.010450 -0.014491 0.018522
v 0.010717 -0.014317 0.018244
v 0.010708 -0.014304 0.018614
v 0.010454 -0.014497 0.018337
v 0.010056 -0.015050 0.019423
v 0.010960 -0.014109 0.018522
v 0.010965 -0.014115 0.018337
v 0.010807 -0.014651 0.019598
v 0.010820 -0.014886 0.019856
v 0.010906 -0.014530 0.019539
v 0.010820 -0.014454 0.019335
v 0.010858 -0.015162 0.020110
v 0.011457 -0.013709 0.018522
v 0.011711 -0.013516 0.018244
v 0.011701 -0.013504 0.018614
v 0.011462 -0.013715 0.018337
v 0.011067 -0.014455 0.019598
v 0.011344 -0.014490 0.019856
v 0.011289 -0.014212 0.019510
v 0.011939 -0.013291 0.018522
v 0.011944 -0.013297 0.018337
v 0.011607 -0.013888 0.019423
v 0.011823 -0.013645 0.019335
v 0.011480 -0.014925 0.020268
v 0.011654 -0.014559 0.020110
v 0.012405 -0.012856 0.018522
v 0.012411 -0.012862 0.018337
v 0.012646 -0.012646 0.018244
v 0.012635 -0.012635 0.018614
v 0.012095 -0.013465 0.019423
v 0.012856 -0.012406 0.018522
v 0.012862 -0.012411 0.018337
v 0.012748 -0.012997 0.019598
v 0.012758 -0.013263 0.019856
v 0.012476 -0.013183 0.019510
v 0.012797 -0.013565 0.020110
v 0.012840 -0.012853 0.019539
v 0.013291 -0.011939 0.018522
v 0.013297 -0.011944 0.018337
v 0.013516 -0.011711 0.018244
v 0.013504 -0.011701 0.018614
v 0.012978 -0.012768 0.019598
v 0.013223 -0.012799 0.019856
v 0.013163 -0.012496 0.019510
v 0.013196 -0.013432 0.020268
v 0.013709 -0.011457 0.018522
v 0.013715 -0.011462 0.018337
v 0.013465 -0.012095 0.019423
v 0.013645 -0.011823 0.019335
v 0.013505 -0.012860 0.020110
v 0.014109 -0.010960 0.018522
v 0.014115 -0.010965 0.018337
v 0.014317 -0.010717 0.018244
v 0.014304 -0.010708 0.018614
v 0.013888 -0.011607 0.019423
v 0.014491 -0.010450 0.018522
v 0.014497 -0.010454 0.018337
v 0.016035 -0.009531 0.016581
v 0.015520 -0.009640 0.017166
v 0.015481 -0.009726 0.017144
v 0.014494 -0.011016 0.019598
v 0.014569 -0.011242 0.019856
v 0.014556 -0.010872 0.019539
v 0.014454 -0.010820 0.019335
v 0.014681 -0.011500 0.020110
v 0.014855 -0.009926 0.018522
v 0.014861 -0.009930 0.018337
v 0.014688 -0.010756 0.019598
v 0.014961 -0.010715 0.019856
v 0.016714 -0.008732 0.016320
v 0.015990 -0.008764 0.017232
v 0.014833 -0.010460 0.019510
v 0.016491 -0.008511 0.016713
v 0.016770 -0.008392 0.016452
v 0.015291 -0.009245 0.018399
v 0.015209 -0.011101 0.020268
v 0.015050 -0.010056 0.019423
v 0.016882 -0.008164 0.016452
v 0.015475 -0.008964 0.018244
v 0.015275 -0.010698 0.020110
v 0.015430 -0.009008 0.018460
v 0.015595 -0.008716 0.018491
v 0.015548 -0.008828 0.018736
v 0.015282 -0.009381 0.019008
v 0.015991 -0.008378 0.017616
v 0.016172 -0.008143 0.017489
v 0.016036 -0.008022 0.017995
v 0.015324 -0.009662 0.019452
v 0.015394 -0.009197 0.019008
v 0.016595 -0.007912 0.016974
v 0.015489 -0.009396 0.019452
v 0.015627 -0.008680 0.018705
v 0.015739 -0.008481 0.018736
v 0.015679 -0.008655 0.018917
v 0.016623 -0.007667 0.017104
v 0.015658 -0.008816 0.019127
v 0.017599 -0.006967 0.016235
v 0.015754 -0.008643 0.019127
v 0.015908 -0.008259 0.018978
v 0.016739 -0.007350 0.017147
v 0.016574 -0.007457 0.017347
v 0.016068 -0.007851 0.018245
v 0.015901 -0.008157 0.018368
v 0.015999 -0.007951 0.018492
v 0.016093 -0.007770 0.018369
v 0.016136 -0.007982 0.019216
v 0.016072 -0.007935 0.018978
v 0.016284 -0.007798 0.019335
v 0.016350 -0.008500 0.019885
v 0.016522 -0.008219 0.019913
v 0.016487 -0.006959 0.018162
v 0.016357 -0.007259 0.018162
v 0.016529 -0.007070 0.017828
v 0.016606 -0.006863 0.017856
v 0.016418 -0.007059 0.018369
v 0.016288 -0.007361 0.018328
v 0.016493 -0.006869 0.018492
v 0.016360 -0.008123 0.019684
v 0.016568 -0.007691 0.019684
v 0.016935 -0.006254 0.017616
v 0.016953 -0.006711 0.017233
v 0.016768 -0.008372 0.020194
v 0.017060 -0.005944 0.017585
v 0.017063 -0.005935 0.017585
v 0.017066 -0.005927 0.017585
v 0.017069 -0.005918 0.017584
v 0.016744 -0.007839 0.019951
v 0.016850 -0.007783 0.020026
v 0.016928 -0.007612 0.020026
v 0.017130 -0.007051 0.019989
v 0.016999 -0.005520 0.018350
v 0.017433 -0.004806 0.017543
v 0.017439 -0.004792 0.017537
v 0.017038 -0.005377 0.018525
v 0.016952 -0.005641 0.018531
v 0.017545 -0.004404 0.017529
v 0.017100 -0.005764 0.019314
v 0.017274 -0.005688 0.019569
v 0.017156 -0.006036 0.019569
v 0.017096 -0.005220 0.018699
v 0.017127 -0.005085 0.018519
v 0.017279 -0.006286 0.019838
v 0.017200 -0.006877 0.019989
v 0.016977 -0.006593 0.019608
v 0.017157 -0.005590 0.019314
v 0.017203 -0.004819 0.018508
v 0.017168 -0.004973 0.018334
v 0.017362 -0.006003 0.019819
v 0.017199 -0.005456 0.019311
v 0.017080 -0.005507 0.019054
v 0.017357 -0.005417 0.019563
v 0.017422 -0.005826 0.019819
v 0.017612 -0.005981 0.020064
v 0.017465 -0.005690 0.019816
v 0.017287 -0.005161 0.019305
v 0.017463 -0.005065 0.019563
v 0.018108 -0.003335 0.016929
v 0.020053 -0.001906 0.014988
v 0.017338 -0.004985 0.019305
v 0.017255 -0.004919 0.019043
v 0.017629 -0.003700 0.017722
v 0.017374 -0.004851 0.019300
v 0.017533 -0.004792 0.019553
v 0.017566 -0.005362 0.019814
v 0.018226 -0.002971 0.016848
v 0.018037 -0.003093 0.017115
v 0.017422 -0.004674 0.019300
v 0.017627 -0.004436 0.019553
v 0.017620 -0.005184 0.019814
v 0.017819 -0.005318 0.020060
v 0.018417 -0.006233 0.020697
v 0.018121 -0.006343 0.020541
v 0.018246 -0.005975 0.020541
v 0.017655 -0.005047 0.019809
v 0.018352 -0.005632 0.020540
v 0.018085 -0.005746 0.020383
v 0.017744 -0.004716 0.019805
v 0.017699 -0.002998 0.017914
v 0.017614 -0.003357 0.017993
v 0.017730 -0.003342 0.017643
v 0.018566 -0.001999 0.016556
v 0.017790 -0.004536 0.019805
v 0.017998 -0.004648 0.020053
v 0.017632 -0.003014 0.018211
v 0.017550 -0.003383 0.018339
v 0.018647 -0.005501 0.020695
v 0.018462 -0.005260 0.020540
v 0.017573 -0.003223 0.018568
v 0.017524 -0.003487 0.018588
v 0.017673 -0.002829 0.018147
v 0.017887 -0.004212 0.019825
v 0.018552 -0.004913 0.020536
v 0.018288 -0.005047 0.020380
v 0.018261 -0.001767 0.017036
v 0.018293 -0.004264 0.020229
v 0.018305 -0.001495 0.017004
v 0.018846 -0.004761 0.020693
v 0.017992 -0.001817 0.017542
v 0.018648 -0.004536 0.020536
v 0.018312 -0.001225 0.017025
v 0.017770 -0.002088 0.018186
v 0.017758 -0.002298 0.018105
v 0.017798 -0.002261 0.017954
v 0.017825 -0.001926 0.018000
v 0.018511 -0.003847 0.020329
v 0.018164 -0.003589 0.019979
v 0.018062 -0.001015 0.017526
v 0.017794 -0.002114 0.018958
v 0.017764 -0.002003 0.018713
v 0.018031 -0.001013 0.017600
v 0.018009 -0.001012 0.017656
v 0.017955 -0.002351 0.019438
v 0.017974 -0.002354 0.019473
v 0.017798 -0.001656 0.018698
v 0.018350 -0.002739 0.020018
v 0.018321 -0.002924 0.020018
v 0.017813 -0.001567 0.018761
v 0.017916 -0.000885 0.017964
v 0.018377 -0.002553 0.020018
v 0.018089 -0.002479 0.019674
v 0.018317 -0.002449 0.019943
v 0.018336 -0.002010 0.019905
v 0.017861 -0.001419 0.018951
v 0.018148 -0.002004 0.019674
v 0.017863 -0.000762 0.018282
v 0.017994 -0.001477 0.019335
v 0.017874 -0.000488 0.018264
v 0.018627 -0.002013 0.020188
v 0.018373 -0.001684 0.019909
v 0.017885 -0.000582 0.018840
v 0.017894 -0.000368 0.018860
v 0.024338 0.014276 0.000621
v 0.023957 0.014685 0.001060
v 0.017585 0.022335 0.000224
v 0.018049 0.001420 0.017493
v 0.017847 0.000816 0.018479
v 0.017818 0.002466 0.017795
v 0.017748 0.002056 0.018451
v 0.017774 0.002734 0.017811
v 0.017835 0.003052 0.017517
v 0.017715 0.002344 0.018637
v 0.017838 0.003528 0.017328
v 0.017679 0.002611 0.018652
v 0.017689 0.002565 0.018329
v 0.017642 0.002823 0.018551
v 0.017812 0.002513 0.019179
v 0.017723 0.002664 0.018969
v 0.017777 0.002782 0.019193
v 0.017603 0.003053 0.018489
v 0.017615 0.003084 0.018771
v 0.017620 0.002960 0.018455
v 0.017566 0.003553 0.018033
v 0.017684 0.002932 0.018983
v 0.017532 0.003602 0.018151
v 0.017895 0.002635 0.019401
v 0.017476 0.003949 0.018056
v 0.017587 0.003333 0.018869
v 0.017519 0.003615 0.018800
v 0.017625 0.003257 0.018974
v 0.017656 0.003435 0.019176
v 0.017973 0.002851 0.019586
v 0.017417 0.004296 0.017961
v 0.017372 0.004190 0.018385
v 0.017577 0.003524 0.018989
v 0.017607 0.003702 0.019190
v 0.017912 0.003181 0.019577
v 0.017552 0.003656 0.018996
v 0.017516 0.003818 0.018992
v 0.017709 0.003619 0.019374
v 0.017844 0.003510 0.019568
v 0.017784 0.003809 0.019571
v 0.017684 0.003753 0.019381
v 0.017647 0.003916 0.019377
v 0.017226 0.004807 0.018237
v 0.017670 0.004121 0.019501
v 0.017532 0.004026 0.019181
v 0.017567 0.004240 0.019368
v 0.018056 0.003939 0.019943
v 0.017108 0.005206 0.018254
v 0.017204 0.004887 0.018778
v 0.017264 0.004759 0.018909
v 0.017062 0.005352 0.018256
v 0.017166 0.005020 0.018784
v 0.018127 0.004159 0.020062
v 0.017232 0.006845 0.016737
v 0.016932 0.005748 0.018265
v 0.017159 0.005207 0.019005
v 0.017033 0.005459 0.018792
v 0.018904 0.004272 0.020658
v 0.016990 0.005592 0.018795
v 0.016800 0.006312 0.017933
v 0.016637 0.006778 0.017870
v 0.016713 0.006364 0.018245
v 0.017978 0.004897 0.020096
v 0.016773 0.006747 0.017553
v 0.016755 0.006800 0.017546
v 0.016977 0.005712 0.018927
v 0.017934 0.005065 0.020098
v 0.017449 0.009330 0.015323
v 0.016607 0.007216 0.017489
v 0.008723 0.026829 0.000632
v 0.016632 0.006524 0.018554
v 0.016735 0.006259 0.018431
v 0.016540 0.006824 0.018183
v 0.016656 0.006476 0.018645
v 0.016596 0.006701 0.018858
v 0.017736 0.005735 0.020103
v 0.016938 0.009390 0.015745
v 0.016427 0.007359 0.017757
v 0.016277 0.007698 0.017743
v 0.017069 0.009735 0.015456
v 0.009242 0.026521 0.001185
v 0.016408 0.007799 0.017361
v 0.016709 0.006534 0.019038
v 0.016741 0.006643 0.019237
v 0.016838 0.006372 0.019217
v 0.016993 0.010093 0.015344
v 0.017023 0.006330 0.019530
v 0.016659 0.006668 0.019048
v 0.016892 0.006488 0.019414
v 0.016619 0.006774 0.019058
v 0.016664 0.006856 0.019256
v 0.016262 0.007529 0.018037
v 0.016403 0.007091 0.018635
v 0.016429 0.007120 0.018898
v 0.016447 0.006999 0.018696
v 0.008263 0.026856 0.001071
v 0.016204 0.008439 0.017167
v 0.016336 0.007240 0.018615
v 0.016189 0.007557 0.018546
v 0.017643 0.006325 0.020194
v 0.016157 0.007775 0.017995
v 0.016162 0.007731 0.018058
v 0.016430 0.007251 0.019098
v 0.016344 0.007460 0.019117
v 0.016452 0.007392 0.019295
v 0.016849 0.006947 0.019627
v 0.017623 0.006632 0.020268
v 0.016246 0.007499 0.018834
v 0.016748 0.007220 0.019646
v 0.016117 0.007747 0.018763
v 0.015875 0.008371 0.017932
v 0.015714 0.008707 0.017869
v 0.015801 0.008375 0.018244
v 0.015832 0.008730 0.017552
v 0.015656 0.008990 0.017615
v 0.016055 0.007854 0.018675
v 0.015806 0.009237 0.017102
v 0.017465 0.007098 0.020286
v 0.016015 0.007948 0.018736
v 0.016495 0.007544 0.019491
v 0.016643 0.007492 0.019665
v 0.015716 0.009390 0.017102
v 0.015934 0.008110 0.018736
v 0.015819 0.008331 0.018736
v 0.015797 0.008346 0.018491
v 0.015754 0.008426 0.018491
v 0.015633 0.008705 0.018182
v 0.015545 0.008969 0.017931
v 0.015732 0.008567 0.018932
v 0.016157 0.008411 0.019612
v 0.015588 0.008825 0.018932
v 0.015459 0.008979 0.018721
v 0.015391 0.009098 0.018736
v 0.014977 0.009815 0.018103
v 0.015014 0.009840 0.017915
v 0.015464 0.009228 0.019231
v 0.014836 0.010106 0.017915
v 0.015425 0.009294 0.019231
v 0.014955 0.009801 0.018751
v 0.014766 0.010058 0.018568
v 0.014466 0.010629 0.017915
v 0.014496 0.010852 0.017487
v 0.014382 0.010766 0.017868
v 0.015052 0.009864 0.019201
v 0.014430 0.010603 0.018103
v 0.014584 0.010320 0.018568
v 0.014693 0.010201 0.018796
v 0.014239 0.010859 0.018103
v 0.014274 0.010886 0.017915
v 0.014902 0.010233 0.019379
v 0.015061 0.010227 0.019598
v 0.014078 0.011139 0.017915
v 0.014409 0.010587 0.018751
v 0.014349 0.010741 0.018978
v 0.015248 0.010239 0.019813
v 0.014218 0.010843 0.018751
v 0.015146 0.010452 0.019856
v 0.014011 0.011086 0.018568
v 0.013637 0.011605 0.018103
v 0.013577 0.011765 0.017868
v 0.013671 0.011634 0.017915
v 0.014284 0.010978 0.019246
v 0.014250 0.011241 0.019510
v 0.013811 0.011334 0.018568
v 0.013928 0.011224 0.018796
v 0.013428 0.011847 0.018103
v 0.013461 0.011876 0.017915
v 0.013247 0.012115 0.017915
v 0.013617 0.011588 0.018751
v 0.013546 0.011738 0.018978
v 0.014033 0.011395 0.019379
v 0.014089 0.011529 0.019598
v 0.014436 0.011355 0.019813
v 0.013408 0.011830 0.018751
v 0.013706 0.011663 0.019201
v 0.014362 0.011506 0.019856
v 0.013185 0.012057 0.018568
v 0.014171 0.011684 0.019813
v 0.012806 0.012580 0.017915
v 0.012804 0.012804 0.017487
v 0.012703 0.012703 0.017868
v 0.013495 0.011906 0.019201
v 0.014111 0.011756 0.019813
v 0.012774 0.012548 0.018103
v 0.012967 0.012291 0.018568
v 0.013091 0.012189 0.018796
v 0.012548 0.012774 0.018103
v 0.012580 0.012806 0.017915
v 0.013279 0.012265 0.019379
v 0.013423 0.012299 0.019598
v 0.012349 0.013029 0.017915
v 0.012756 0.012530 0.018751
v 0.012674 0.012674 0.018978
v 0.013653 0.012285 0.019813
v 0.013591 0.012354 0.019813
v 0.012530 0.012756 0.018751
v 0.012902 0.012573 0.019246
v 0.013445 0.012566 0.019856
v 0.012291 0.012967 0.018568
v 0.011847 0.013428 0.018103
v 0.011764 0.013577 0.017868
v 0.011876 0.013461 0.017915
v 0.012057 0.013185 0.018568
v 0.012189 0.013091 0.018796
v 0.011605 0.013637 0.018103
v 0.011634 0.013671 0.017915
v 0.011388 0.013877 0.017915
v 0.011830 0.013408 0.018751
v 0.011738 0.013546 0.018978
v 0.012252 0.013291 0.019379
v 0.012273 0.013446 0.019598
v 0.011588 0.013617 0.018751
v 0.011906 0.013495 0.019201
v 0.012514 0.013493 0.019856
v 0.011334 0.013811 0.018568
v 0.010886 0.014274 0.017915
v 0.010852 0.014496 0.017487
v 0.010766 0.014382 0.017868
v 0.012314 0.013626 0.019813
v 0.011663 0.013706 0.019201
v 0.010858 0.014239 0.018103
v 0.011086 0.014011 0.018568
v 0.011224 0.013928 0.018796
v 0.010603 0.014430 0.018103
v 0.010629 0.014466 0.017915
v 0.011417 0.014015 0.019379
v 0.011573 0.014053 0.019598
v 0.010369 0.014654 0.017915
v 0.010843 0.014218 0.018751
v 0.010741 0.014349 0.018978
v 0.011751 0.014115 0.019813
v 0.010587 0.014409 0.018751
v 0.011596 0.014290 0.019856
v 0.010320 0.014584 0.018568
v 0.009815 0.014977 0.018103
v 0.009713 0.015113 0.017868
v 0.009840 0.015014 0.017915
v 0.010614 0.014556 0.019246
v 0.010509 0.014798 0.019510
v 0.010058 0.014766 0.018568
v 0.010201 0.014693 0.018796
v 0.009546 0.015150 0.018103
v 0.009570 0.015188 0.017915
v -0.008723 0.026829 0.000632
v 0.009297 0.015356 0.017915
v 0.009801 0.014955 0.018751
v 0.009690 0.015079 0.018978
v 0.010256 0.014886 0.019379
v 0.010275 0.015029 0.019598
v 0.010660 0.014956 0.019813
v -0.008263 0.026856 0.001071
v 0.009532 0.015128 0.018751
v 0.009864 0.015052 0.019201
v 0.010547 0.015080 0.019856
v 0.009254 0.015284 0.018568
v 0.010311 0.015199 0.019813
v 0.008743 0.015678 0.017915
v 0.008678 0.015893 0.017487
v 0.008610 0.015767 0.017868
v 0.009594 0.015226 0.019201
v 0.010234 0.015251 0.019813
v 0.010115 0.015248 0.019727
v 0.008722 0.015639 0.018103
v 0.008979 0.015446 0.018568
v 0.009127 0.015383 0.018796
v -0.009241 0.026521 0.001191
v 0.008441 0.015792 0.018103
v 0.008462 0.015832 0.017915
v 0.009288 0.015508 0.019379
v 0.009418 0.015580 0.019598
v 0.008178 0.015980 0.017915
v 0.008709 0.015616 0.018751
v 0.008590 0.015732 0.018978
v 0.009566 0.015679 0.019813
v 0.008429 0.015769 0.018751
v 0.009368 0.015840 0.019856
v 0.008140 0.015905 0.018568
v 0.007584 0.016221 0.018103
v 0.007603 0.016262 0.017915
v 0.007463 0.016341 0.017868
v 0.007854 0.016047 0.018568
v 0.008007 0.015995 0.018796
v 0.007293 0.016354 0.018103
v 0.007311 0.016395 0.017915
v 0.007017 0.016523 0.017915
v 0.007573 0.016198 0.018751
v 0.007446 0.016304 0.018978
v 0.008014 0.016203 0.019379
v 0.007992 0.016357 0.019598
v 0.007282 0.016331 0.018751
v 0.007622 0.016303 0.019201
v 0.008214 0.016468 0.019856
v 0.006984 0.016445 0.018568
v 0.006423 0.016763 0.017915
v 0.006328 0.016966 0.017487
v 0.006278 0.016832 0.017868
v 0.007983 0.016541 0.019813
v 0.007330 0.016436 0.019201
v 0.006407 0.016721 0.018103
v 0.006690 0.016567 0.018568
v 0.006845 0.016526 0.018796
v 0.006108 0.016833 0.018103
v 0.006123 0.016875 0.017915
v 0.007008 0.016663 0.019379
v 0.007149 0.016743 0.019598
v 0.005821 0.016981 0.017915
v 0.006398 0.016697 0.018751
v 0.006264 0.016794 0.018978
v 0.007305 0.016851 0.019813
v 0.006099 0.016808 0.018751
v 0.007109 0.016974 0.019856
v 0.005793 0.016901 0.018568
v 0.005198 0.017136 0.018103
v 0.005211 0.017178 0.017915
v 0.005061 0.017237 0.017868
v 0.006086 0.016956 0.019246
v 0.005919 0.017158 0.019510
v 0.005491 0.017002 0.018568
v 0.005649 0.016972 0.018796
v 0.004891 0.017226 0.018103
v 0.004904 0.017269 0.017915
v 0.004595 0.017353 0.017915
v 0.005191 0.017111 0.018751
v 0.005050 0.017198 0.018978
v 0.005649 0.017172 0.019379
v 0.005629 0.017313 0.019598
v 0.006023 0.017351 0.019813
v 0.004884 0.017201 0.018751
v 0.005224 0.017222 0.019201
v 0.005880 0.017438 0.019856
v 0.004573 0.017271 0.018568
v -0.017584 0.022334 0.000225
v 0.005618 0.017486 0.019813
v 0.003972 0.017506 0.017915
v 0.003849 0.017694 0.017487
v 0.003819 0.017554 0.017868
v 0.005529 0.017514 0.019813
v 0.004916 0.017312 0.019201
v 0.005413 0.017479 0.019727
v 0.003962 0.017463 0.018103
v 0.004264 0.017350 0.018568
v 0.004424 0.017331 0.018796
v 0.003650 0.017531 0.018103
v 0.003659 0.017574 0.017915
v 0.004545 0.017496 0.019379
v 0.004652 0.017601 0.019598
v 0.003345 0.017637 0.017915
v 0.003957 0.017437 0.018751
v 0.003810 0.017514 0.018978
v 0.004768 0.017737 0.019813
v 0.003645 0.017505 0.018751
v 0.004535 0.017835 0.019856
v 0.003329 0.017554 0.018568
v 0.002706 0.017701 0.018103
v 0.002713 0.017745 0.017915
v 0.002557 0.017782 0.017868
v 0.003015 0.017610 0.018568
v 0.003176 0.017603 0.018796
v 0.002390 0.017746 0.018103
v 0.002396 0.017791 0.017915
v 0.002078 0.017831 0.017915
v 0.002703 0.017675 0.018751
v 0.002551 0.017742 0.018978
v 0.003126 0.017804 0.019379
v 0.003064 0.017946 0.019598
v 0.002387 0.017721 0.018751
v 0.002720 0.017790 0.019201
v 0.003251 0.018113 0.019856
v 0.002068 0.017746 0.018568
v 0.001440 0.017893 0.017915
v 0.001292 0.018062 0.017487
v 0.001282 0.017919 0.017868
v 0.003007 0.018119 0.019813
v 0.002402 0.017836 0.019201
v 0.002955 0.018127 0.019813
v 0.001437 0.017849 0.018103
v 0.001751 0.017781 0.018568
v 0.001912 0.017785 0.018796
v 0.001118 0.017872 0.018103
v 0.001121 0.017916 0.017915
v 0.002032 0.017962 0.019379
v 0.002148 0.018078 0.019598
v 0.000801 0.017933 0.017915
v 0.001435 0.017823 0.018751
v 0.001279 0.017878 0.018978
v 0.002268 0.018226 0.019813
v 0.001116 0.017846 0.018751
v 0.002048 0.018288 0.019856
v 0.000797 0.017849 0.018568
v 0.000160 0.017906 0.018103
v 0.000160 0.017951 0.017915
v 0.000000 0.017965 0.017868
v 0.001064 0.017983 0.019246
v 0.000850 0.018130 0.019510
v 0.000478 0.017860 0.018568
v 0.000638 0.017876 0.018796
v -0.000160 0.017906 0.018103
v -0.000160 0.017951 0.017915
v -0.000481 0.017945 0.017915
v 0.000160 0.017880 0.018751
v 0.000000 0.017924 0.018978
v 0.000585 0.018067 0.019379
v 0.000528 0.018198 0.019598
v 0.000901 0.018344 0.019813
v -0.000160 0.017880 0.018751
v 0.000738 0.018388 0.019856
v 0.000161 0.017996 0.019201
v -0.000478 0.017860 0.018568
v 0.000471 0.018360 0.019813
v -0.001121 0.017916 0.017915
v -0.001292 0.018062 0.017487
v -0.001282 0.017919 0.017868
v 0.000378 0.018362 0.019813
v -0.000161 0.017996 0.019201
v 0.000275 0.018296 0.019727
v -0.001118 0.017872 0.018103
v -0.000797 0.017849 0.018568
v -0.000638 0.017876 0.018796
v -0.001437 0.017849 0.018103
v -0.001440 0.017893 0.017915
v -0.000566 0.018068 0.019379
v -0.000491 0.018199 0.019598
v -0.001760 0.017865 0.017915
v -0.001116 0.017846 0.018751
v -0.001279 0.017878 0.018978
v -0.000415 0.018362 0.019813
v -0.001435 0.017823 0.018751
v -0.000664 0.018391 0.019856
v -0.001751 0.017781 0.018568
v -0.002390 0.017746 0.018103
v -0.002557 0.017782 0.017868
v -0.002396 0.017791 0.017915
v -0.002068 0.017746 0.018568
v -0.001912 0.017785 0.018796
v -0.002706 0.017701 0.018103
v -0.002713 0.017745 0.017915
v -0.003029 0.017694 0.017915
v -0.002387 0.017721 0.018751
v -0.002551 0.017742 0.018978
v -0.002014 0.017964 0.019379
v -0.002111 0.018082 0.019598
v -0.002703 0.017675 0.018751
v -0.002402 0.017836 0.019201
v -0.023957 0.014685 0.001061
v -0.001974 0.018296 0.019856
v -0.003015 0.017610 0.018568
v -0.003659 0.017574 0.017915
v -0.003849 0.017694 0.017487
v -0.003819 0.017554 0.017868
v -0.002213 0.018233 0.019813
v -0.002720 0.017790 0.019201
v -0.002266 0.018226 0.019813
v -0.003650 0.017531 0.018103
v -0.003329 0.017554 0.018568
v -0.003176 0.017603 0.018796
v -0.003962 0.017463 0.018103
v -0.003972 0.017506 0.017915
v -0.002882 0.018070 0.019727
v -0.004284 0.017433 0.017915
v -0.003192 0.017778 0.019349
v -0.003196 0.017885 0.019539
v -0.003505 0.017774 0.019452
v -0.003645 0.017505 0.018751
v -0.003810 0.017514 0.018978
v -0.003051 0.017999 0.019670
v -0.003957 0.017437 0.018751
v -0.003655 0.017628 0.019216
v -0.003359 0.017954 0.019684
v -0.004264 0.017350 0.018568
v -0.004891 0.017226 0.018103
v -0.004904 0.017269 0.017915
v -0.005061 0.017237 0.017868
v -0.004043 0.017555 0.019246
v -0.004288 0.017636 0.019510
v -0.004573 0.017271 0.018568
v -0.004424 0.017331 0.018796
v -0.005198 0.017136 0.018103
v -0.005211 0.017178 0.017915
v -0.005517 0.017083 0.017915
v -0.004884 0.017201 0.018751
v -0.005050 0.017198 0.018978
v -0.004527 0.017501 0.019379
v -0.004616 0.017610 0.019598
v -0.004295 0.017857 0.019813
v -0.005191 0.017111 0.018751
v -0.004463 0.017853 0.019856
v -0.004916 0.017312 0.019201
v -0.005491 0.017002 0.018568
v -0.004714 0.017751 0.019813
v -0.006123 0.016875 0.017915
v -0.006328 0.016966 0.017487
v -0.006278 0.016832 0.017868
v -0.004804 0.017727 0.019813
v -0.005224 0.017222 0.019201
v -0.004887 0.017633 0.019727
v -0.006108 0.016833 0.018103
v -0.005793 0.016901 0.018568
v -0.005649 0.016972 0.018796
v -0.006407 0.016721 0.018103
v -0.006423 0.016763 0.017915
v -0.005631 0.017177 0.019379
v -0.005594 0.017325 0.019598
v -0.006721 0.016645 0.017915
v -0.006099 0.016808 0.018751
v -0.006264 0.016794 0.018978
v -0.005513 0.017519 0.019813
v -0.005564 0.017503 0.019813
v -0.006398 0.016697 0.018751
v -0.005809 0.017462 0.019856
v -0.006690 0.016567 0.018568
v -0.007293 0.016354 0.018103
v -0.007463 0.016341 0.017868
v -0.007311 0.016395 0.017915
v -0.006984 0.016445 0.018568
v -0.006845 0.016526 0.018796
v -0.007584 0.016221 0.018103
v -0.007603 0.016262 0.017915
v -0.007892 0.016124 0.017915
v -0.007282 0.016331 0.018751
v -0.007446 0.016304 0.018978
v -0.006992 0.016670 0.019379
v -0.007115 0.016757 0.019598
v -0.007573 0.016198 0.018751
v -0.007330 0.016436 0.019201
v -0.007040 0.017003 0.019856
v -0.007854 0.016047 0.018568
v -0.008462 0.015832 0.017915
v -0.008678 0.015893 0.017487
v -0.008610 0.015767 0.017868
v -0.007253 0.016873 0.019813
v -0.007622 0.016303 0.019201
v -0.008441 0.015792 0.018103
v -0.008140 0.015905 0.018568
v -0.008007 0.015995 0.018796
v -0.008722 0.015639 0.018103
v -0.008743 0.015678 0.017915
v -0.007852 0.016528 0.019727
v -0.008041 0.016333 0.019598
v -0.009022 0.015519 0.017915
v -0.008038 0.016191 0.019379
v -0.008306 0.016138 0.019510
v -0.008429 0.015769 0.018751
v -0.008590 0.015732 0.018978
v -0.007975 0.016545 0.019813
v -0.008058 0.016504 0.019813
v -0.008709 0.015616 0.018751
v -0.008440 0.015916 0.019246
v -0.008979 0.015446 0.018568
v -0.027744 0.004729 0.000844
v -0.008314 0.016417 0.019856
v -0.008443 0.016310 0.019813
v -0.009546 0.015150 0.018103
v -0.009713 0.015113 0.017868
v -0.009570 0.015188 0.017915
v -0.009254 0.015284 0.018568
v -0.009127 0.015383 0.018796
v -0.009815 0.014977 0.018103
v -0.009840 0.015014 0.017915
v -0.010106 0.014836 0.017915
v -0.009532 0.015128 0.018751
v -0.009690 0.015079 0.018978
v -0.009311 0.015494 0.019379
v -0.009465 0.015551 0.019598
v -0.009801 0.014955 0.018751
v -0.009594 0.015226 0.019201
v -0.010058 0.014766 0.018568
v -0.009464 0.015783 0.019856
v -0.010629 0.014466 0.017915
v -0.010852 0.014496 0.017487
v -0.010766 0.014382 0.017868
v -0.009865 0.015052 0.019201
v -0.009637 0.015635 0.019813
v -0.010603 0.014430 0.018103
v -0.010320 0.014584 0.018568
v -0.010201 0.014693 0.018796
v -0.010859 0.014239 0.018103
v -0.010886 0.014274 0.017915
v -0.010241 0.014896 0.019379
v -0.010244 0.015050 0.019598
v -0.011139 0.014078 0.017915
v -0.010587 0.014409 0.018751
v -0.010741 0.014349 0.018978
v -0.010221 0.015260 0.019813
v -0.010264 0.015230 0.019813
v -0.010843 0.014218 0.018751
v -0.010485 0.015123 0.019856
v -0.011086 0.014011 0.018568
v -0.011605 0.013637 0.018103
v -0.011765 0.013577 0.017868
v -0.011634 0.013671 0.017915
v -0.011334 0.013811 0.018568
v -0.011224 0.013928 0.018796
v -0.011847 0.013428 0.018103
v -0.011876 0.013461 0.017915
v -0.012115 0.013247 0.017915
v -0.011588 0.013617 0.018751
v -0.011738 0.013546 0.018978
v -0.011403 0.014026 0.019379
v -0.011545 0.014077 0.019598
v -0.011830 0.013408 0.018751
v -0.011663 0.013706 0.019201
v -0.011538 0.014337 0.019856
v -0.012057 0.013185 0.018568
v -0.012580 0.012806 0.017915
v -0.012804 0.012804 0.017487
v -0.012703 0.012703 0.017868
v -0.011708 0.014151 0.019813
v -0.011906 0.013495 0.019201
v -0.012548 0.012774 0.018103
v -0.012291 0.012967 0.018568
v -0.012189 0.013091 0.018796
v -0.012774 0.012548 0.018103
v -0.012806 0.012580 0.017915
v -0.012187 0.013649 0.019727
v -0.012314 0.013409 0.019598
v -0.013029 0.012349 0.017915
v -0.012272 0.013272 0.019379
v -0.012513 0.013147 0.019510
v -0.012530 0.012756 0.018751
v -0.012674 0.012674 0.018978
v -0.012307 0.013633 0.019813
v -0.012376 0.013570 0.019813
v -0.012756 0.012530 0.018751
v -0.012580 0.012895 0.019246
v -0.012967 0.012291 0.018568
v -0.012595 0.013417 0.019856
v -0.012690 0.013278 0.019813
v -0.013428 0.011847 0.018103
v -0.013461 0.011876 0.017915
v -0.013577 0.011764 0.017868
v -0.013185 0.012057 0.018568
v -0.013091 0.012189 0.018796
v -0.013637 0.011605 0.018103
v -0.013671 0.011634 0.017915
v -0.013877 0.011388 0.017915
v -0.013408 0.011830 0.018751
v -0.013546 0.011738 0.018978
v -0.013298 0.012245 0.019379
v -0.013460 0.012258 0.019598
v -0.027737 -0.004763 0.000847
v -0.013617 0.011588 0.018751
v -0.013495 0.011906 0.019201
v -0.013811 0.011334 0.018568
v -0.013521 0.012484 0.019856
v -0.014274 0.010886 0.017915
v -0.014496 0.010852 0.017487
v -0.014382 0.010766 0.017868
v -0.013706 0.011663 0.019201
v -0.013647 0.012292 0.019813
v -0.014239 0.010859 0.018103
v -0.014011 0.011086 0.018568
v -0.013928 0.011224 0.018796
v -0.014430 0.010603 0.018103
v -0.014466 0.010629 0.017915
v -0.014021 0.011409 0.019379
v -0.014066 0.011558 0.019598
v -0.014654 0.010369 0.017915
v -0.014218 0.010843 0.018751
v -0.014349 0.010741 0.018978
v -0.014102 0.011766 0.019813
v -0.014135 0.011727 0.019813
v -0.014409 0.010587 0.018751
v -0.014315 0.011564 0.019856
v -0.014584 0.010320 0.018568
v -0.014977 0.009815 0.018103
v -0.015014 0.009840 0.017915
v -0.015113 0.009713 0.017868
v -0.014766 0.010058 0.018568
v -0.014693 0.010201 0.018796
v -0.015150 0.009546 0.018103
v -0.015188 0.009570 0.017915
v -0.015356 0.009297 0.017915
v -0.014955 0.009801 0.018751
v -0.015079 0.009690 0.018978
v -0.014892 0.010248 0.019379
v -0.015040 0.010258 0.019598
v -0.015128 0.009532 0.018751
v -0.015052 0.009864 0.019201
v -0.015104 0.010513 0.019856
v -0.015284 0.009254 0.018568
v -0.015678 0.008743 0.017915
v -0.015893 0.008678 0.017487
v -0.015767 0.008610 0.017868
v -0.015216 0.010285 0.019813
v -0.015226 0.009594 0.019201
v -0.015639 0.008722 0.018103
v -0.015446 0.008979 0.018568
v -0.015383 0.009127 0.018796
v -0.015792 0.008441 0.018103
v -0.015832 0.008462 0.017915
v -0.015536 0.009667 0.019727
v -0.015590 0.009401 0.019598
v -0.015980 0.008178 0.017915
v -0.015513 0.009279 0.019379
v -0.015708 0.009093 0.019510
v -0.015616 0.008709 0.018751
v -0.015732 0.008590 0.018978
v -0.015646 0.009619 0.019813
v -0.015694 0.009540 0.019813
v -0.015769 0.008429 0.018751
v -0.015702 0.008830 0.019246
v -0.015905 0.008140 0.018568
v -0.015860 0.009333 0.019856
v -0.015912 0.009173 0.019813
v -0.016221 0.007584 0.018103
v -0.016262 0.007603 0.017915
v -0.016341 0.007463 0.017868
v -0.016047 0.007854 0.018568
v -0.015995 0.008007 0.018796
v -0.016354 0.007293 0.018103
v -0.016395 0.007311 0.017915
v -0.016523 0.007017 0.017915
v -0.016198 0.007573 0.018751
v -0.016304 0.007446 0.018978
v -0.016208 0.008005 0.019379
v -0.016366 0.007974 0.019598
v -0.016331 0.007282 0.018751
v -0.016303 0.007622 0.019201
v -0.016445 0.006984 0.018568
v -0.016486 0.008178 0.019856
v -0.016763 0.006423 0.017915
v -0.016966 0.006328 0.017487
v -0.016832 0.006278 0.017868
v -0.016436 0.007330 0.019201
v -0.016554 0.007956 0.019813
v -0.016721 0.006407 0.018103
v -0.016567 0.006690 0.018568
v -0.016526 0.006845 0.018796
v -0.024935 -0.012938 0.001118
v -0.016833 0.006108 0.018103
v -0.016875 0.006123 0.017915
v -0.016667 0.006999 0.019379
v -0.016751 0.007131 0.019598
v -0.016981 0.005821 0.017915
v -0.016697 0.006398 0.018751
v -0.016794 0.006264 0.018978
v -0.016863 0.007276 0.019813
v -0.016808 0.006099 0.018751
v -0.016990 0.007071 0.019856
v -0.024414 -0.013884 0.001182
v -0.016901 0.005793 0.018568
v -0.017136 0.005198 0.018103
v -0.017237 0.005061 0.017868
v -0.017178 0.005211 0.017915
v -0.017002 0.005491 0.018568
v -0.016972 0.005649 0.018796
v -0.023956 -0.014685 0.001071
v -0.017226 0.004891 0.018103
v -0.017269 0.004904 0.017915
v -0.017353 0.004595 0.017915
v -0.017111 0.005191 0.018751
v -0.017198 0.005050 0.018978
v -0.017175 0.005639 0.019379
v -0.017319 0.005610 0.019598
v -0.017201 0.004884 0.018751
v -0.017222 0.005224 0.019201
v -0.017451 0.005841 0.019856
v -0.017271 0.004573 0.018568
v -0.017506 0.003972 0.017915
v -0.017694 0.003849 0.017487
v -0.017554 0.003819 0.017868
v -0.017495 0.005589 0.019813
v -0.017312 0.004916 0.019201
v -0.017463 0.003962 0.018103
v -0.017350 0.004264 0.018568
v -0.017331 0.004424 0.018796
v -0.017531 0.003650 0.018103
v -0.017574 0.003659 0.017915
v -0.017629 0.004903 0.019727
v -0.017606 0.004632 0.019598
v -0.017499 0.004535 0.019379
v -0.017632 0.004304 0.019510
v -0.017637 0.003345 0.017915
v -0.017437 0.003957 0.018751
v -0.017514 0.003810 0.018978
v -0.017720 0.004828 0.019813
v -0.017744 0.004739 0.019813
v -0.017505 0.003645 0.018751
v -0.017553 0.004051 0.019246
v -0.017554 0.003329 0.018568
v -0.017845 0.004496 0.019856
v -0.017849 0.004328 0.019813
v -0.017701 0.002706 0.018103
v -0.017782 0.002557 0.017868
v -0.017745 0.002713 0.017915
v -0.017610 0.003015 0.018568
v -0.017603 0.003176 0.018796
v -0.017746 0.002390 0.018103
v -0.017791 0.002396 0.017915
v -0.017831 0.002078 0.017915
v -0.017675 0.002703 0.018751
v -0.017742 0.002551 0.018978
v -0.017806 0.003116 0.019379
v -0.017949 0.003045 0.019598
v -0.017721 0.002387 0.018751
v -0.017790 0.002720 0.019201
v -0.017746 0.002068 0.018568
v -0.018120 0.003211 0.019856
v -0.017893 0.001440 0.017915
v -0.018062 0.001292 0.017487
v -0.017919 0.001282 0.017868
v -0.018124 0.002977 0.019813
v -0.017836 0.002402 0.019201
v -0.017849 0.001437 0.018103
v -0.017781 0.001751 0.018568
v -0.017785 0.001912 0.018796
v -0.017872 0.001118 0.018103
v -0.017916 0.001121 0.017915
v -0.017963 0.002022 0.019379
v -0.018081 0.002128 0.019598
v -0.017933 0.000801 0.017915
v -0.017823 0.001435 0.018751
v -0.017878 0.001279 0.018978
v -0.018229 0.002238 0.019813
v -0.017846 0.001116 0.018751
v -0.018293 0.002008 0.019856
v -0.017849 0.000797 0.018568
v -0.017906 0.000160 0.018103
v -0.017951 0.000160 0.017915
v -0.017965 0.000000 0.017868
v -0.017984 0.001054 0.019246
v -0.017860 0.000478 0.018568
v -0.017876 0.000638 0.018796
v -0.017585 -0.022335 0.000224
v -0.017906 -0.000160 0.018103
v -0.017951 -0.000160 0.017915
v -0.017945 -0.000481 0.017915
v -0.017880 0.000160 0.018751
v -0.017924 0.000000 0.018978
v -0.018068 0.000575 0.019379
v -0.018198 0.000508 0.019598
v -0.017880 -0.000160 0.018751
v -0.017996 0.000161 0.019201
v -0.018389 0.000698 0.019856
v -0.017860 -0.000478 0.018568
v -0.017916 -0.001121 0.017915
v -0.018062 -0.001292 0.017487
v -0.017919 -0.001282 0.017868
v -0.018361 0.000440 0.019813
v -0.017996 -0.000161 0.019201
v -0.018363 0.000347 0.019813
v -0.017872 -0.001118 0.018103
v -0.017849 -0.000797 0.018568
v -0.017876 -0.000638 0.018796
v -0.017849 -0.001437 0.018103
v -0.017893 -0.001440 0.017915
v -0.018068 -0.000576 0.019379
v -0.018198 -0.000511 0.019598
v -0.017865 -0.001760 0.017915
v -0.017846 -0.001116 0.018751
v -0.017878 -0.001279 0.018978
v -0.018363 -0.000352 0.019813
v -0.018361 -0.000445 0.019813
v -0.017823 -0.001435 0.018751
v -0.017984 -0.001056 0.019246
v -0.018389 -0.000704 0.019856
v -0.017781 -0.001751 0.018568
v -0.017746 -0.002390 0.018103
v -0.017791 -0.002396 0.017915
v -0.017782 -0.002557 0.017868
v -0.017746 -0.002068 0.018568
v -0.017785 -0.001912 0.018796
v -0.017701 -0.002706 0.018103
v -0.017745 -0.002713 0.017915
v -0.017694 -0.003030 0.017915
v -0.017721 -0.002387 0.018751
v -0.017742 -0.002551 0.018978
v -0.017963 -0.002024 0.019379
v -0.018080 -0.002131 0.019598
v -0.017675 -0.002703 0.018751
v -0.017836 -0.002402 0.019201
v -0.018292 -0.002014 0.019856
v -0.017610 -0.003015 0.018568
v -0.017574 -0.003659 0.017915
v -0.017694 -0.003849 0.017487
v -0.017554 -0.003819 0.017868
v -0.018229 -0.002243 0.019813
v -0.017790 -0.002720 0.019201
v -0.017531 -0.003650 0.018103
v -0.017554 -0.003329 0.018568
v -0.017603 -0.003176 0.018796
v -0.017463 -0.003962 0.018103
v -0.017506 -0.003972 0.017915
v -0.017806 -0.003118 0.019379
v -0.017948 -0.003048 0.019598
v -0.017433 -0.004284 0.017915
v -0.017505 -0.003645 0.018751
v -0.017514 -0.003810 0.018978
v -0.018123 -0.002982 0.019813
v -0.017437 -0.003957 0.018751
v -0.018119 -0.003218 0.019856
v -0.017350 -0.004264 0.018568
v -0.017226 -0.004891 0.018103
v -0.017269 -0.004904 0.017915
v -0.017237 -0.005061 0.017868
v -0.017553 -0.004053 0.019246
v -0.017632 -0.004307 0.019510
v -0.017271 -0.004573 0.018568
v -0.017331 -0.004424 0.018796
v -0.017136 -0.005198 0.018103
v -0.017178 -0.005211 0.017915
v -0.017083 -0.005517 0.017915
v -0.017201 -0.004884 0.018751
v -0.017198 -0.005050 0.018978
v -0.017498 -0.004537 0.019379
v -0.017605 -0.004635 0.019598
v -0.017848 -0.004334 0.019813
v -0.017111 -0.005191 0.018751
v -0.017312 -0.004916 0.019201
v -0.017843 -0.004502 0.019856
v -0.017002 -0.005491 0.018568
v -0.017743 -0.004744 0.019813
v -0.016875 -0.006123 0.017915
v -0.016966 -0.006328 0.017487
v -0.016832 -0.006278 0.017868
v -0.017222 -0.005224 0.019201
v -0.017719 -0.004833 0.019813
v -0.016833 -0.006108 0.018103
v -0.016901 -0.005793 0.018568
v -0.016972 -0.005649 0.018796
v -0.016721 -0.006407 0.018103
v -0.016763 -0.006423 0.017915
v -0.017174 -0.005641 0.019379
v -0.017318 -0.005613 0.019598
v -0.016645 -0.006721 0.017915
v -0.016808 -0.006099 0.018751
v -0.016794 -0.006264 0.018978
v -0.017522 -0.005505 0.019813
v -0.008723 -0.026829 0.000632
v -0.017494 -0.005593 0.019813
v -0.016697 -0.006398 0.018751
v -0.016959 -0.006078 0.019246
v -0.017449 -0.005848 0.019856
v -0.016567 -0.006690 0.018568
v -0.009241 -0.026521 0.001188
v -0.016354 -0.007293 0.018103
v -0.016341 -0.007463 0.017868
v -0.016395 -0.007311 0.017915
v -0.016445 -0.006984 0.018568
v -0.016526 -0.006845 0.018796
v -0.008263 -0.026856 0.001071
v -0.016221 -0.007584 0.018103
v -0.016262 -0.007603 0.017915
v -0.016124 -0.007892 0.017915
v -0.016331 -0.007282 0.018751
v -0.016304 -0.007446 0.018978
v -0.016666 -0.007001 0.019379
v -0.016749 -0.007134 0.019598
v -0.016198 -0.007573 0.018751
v -0.016436 -0.007330 0.019201
v -0.016987 -0.007078 0.019856
v -0.016047 -0.007854 0.018568
v -0.015832 -0.008462 0.017915
v -0.015893 -0.008678 0.017487
v -0.015767 -0.008610 0.017868
v -0.016861 -0.007281 0.019813
v -0.016303 -0.007622 0.019201
v -0.015792 -0.008441 0.018103
v -0.015905 -0.008140 0.018568
v -0.015995 -0.008007 0.018796
v -0.015639 -0.008722 0.018103
v -0.015678 -0.008743 0.017915
v -0.016207 -0.008006 0.019379
v -0.016365 -0.007977 0.019598
v -0.015519 -0.009022 0.017915
v -0.015769 -0.008429 0.018751
v -0.015732 -0.008590 0.018978
v -0.016552 -0.007960 0.019813
v -0.015616 -0.008709 0.018751
v -0.016483 -0.008184 0.019856
v -0.015446 -0.008979 0.018568
v -0.015150 -0.009546 0.018103
v -0.015113 -0.009713 0.017868
v -0.015188 -0.009570 0.017915
v -0.015701 -0.008832 0.019246
v -0.015706 -0.009096 0.019510
v -0.015284 -0.009254 0.018568
v -0.015383 -0.009127 0.018796
v -0.014977 -0.009815 0.018103
v -0.015014 -0.009840 0.017915
v -0.014836 -0.010106 0.017915
v -0.015128 -0.009532 0.018751
v -0.015079 -0.009690 0.018978
v -0.015513 -0.009281 0.019379
v -0.015589 -0.009404 0.019598
v -0.015908 -0.009179 0.019813
v -0.014955 -0.009801 0.018751
v -0.015226 -0.009594 0.019201
v -0.015857 -0.009339 0.019856
v -0.014766 -0.010058 0.018568
v -0.015692 -0.009544 0.019813
v -0.014466 -0.010629 0.017915
v -0.014496 -0.010852 0.017487
v -0.014382 -0.010766 0.017868
v -0.015052 -0.009864 0.019201
v -0.015643 -0.009623 0.019813
v -0.015534 -0.009670 0.019727
v -0.014430 -0.010603 0.018103
v -0.014584 -0.010320 0.018568
v -0.014693 -0.010201 0.018796
v -0.014239 -0.010859 0.018103
v -0.014274 -0.010886 0.017915
v -0.014891 -0.010249 0.019379
v -0.015038 -0.010261 0.019598
v -0.014078 -0.011139 0.017915
v -0.014409 -0.010587 0.018751
v -0.014349 -0.010741 0.018978
v -0.015213 -0.010290 0.019813
v -0.014218 -0.010843 0.018751
v -0.015100 -0.010519 0.019856
v -0.014011 -0.011086 0.018568
v -0.013637 -0.011605 0.018103
v -0.013577 -0.011764 0.017868
v -0.013671 -0.011634 0.017915
v -0.013811 -0.011334 0.018568
v -0.013928 -0.011224 0.018796
v -0.013428 -0.011847 0.018103
v -0.013461 -0.011876 0.017915
v -0.013247 -0.012115 0.017915
v -0.013617 -0.011588 0.018751
v -0.013546 -0.011738 0.018978
v -0.014020 -0.011411 0.019379
v -0.014064 -0.011560 0.019598
v -0.013408 -0.011830 0.018751
v -0.013706 -0.011663 0.019201
v -0.014311 -0.011569 0.019856
v -0.013185 -0.012057 0.018568
v -0.012806 -0.012580 0.017915
v -0.012804 -0.012804 0.017487
v -0.012703 -0.012703 0.017868
v -0.014132 -0.011731 0.019813
v -0.013495 -0.011906 0.019201
v -0.012774 -0.012548 0.018103
v -0.012967 -0.012291 0.018568
v -0.013091 -0.012189 0.018796
v -0.012548 -0.012774 0.018103
v -0.012580 -0.012806 0.017915
v -0.013297 -0.012246 0.019379
v -0.013458 -0.012261 0.019598
v -0.012349 -0.013029 0.017915
v -0.012756 -0.012530 0.018751
v -0.012674 -0.012674 0.018978
v -0.013643 -0.012296 0.019813
v -0.012530 -0.012756 0.018751
v -0.013516 -0.012489 0.019856
v -0.012291 -0.012967 0.018568
v -0.011847 -0.013428 0.018103
v -0.011876 -0.013461 0.017915
v -0.011765 -0.013577 0.017868
v -0.012579 -0.012896 0.019246
v -0.012511 -0.013149 0.019510
v -0.012057 -0.013185 0.018568
v -0.012189 -0.013091 0.018796
v -0.011605 -0.013637 0.018103
v -0.011634 -0.013671 0.017915
v -0.011388 -0.013877 0.017915
v -0.011830 -0.013408 0.018751
v -0.011738 -0.013546 0.018978
v -0.012271 -0.013274 0.019379
v -0.012311 -0.013411 0.019598
v -0.012685 -0.013282 0.019813
v -0.011588 -0.013617 0.018751
v -0.011906 -0.013495 0.019201
v -0.012590 -0.013421 0.019856
v -0.011334 -0.013811 0.018568
v -0.012372 -0.013574 0.019813
v -0.010886 -0.014274 0.017915
v -0.010852 -0.014496 0.017487
v -0.010766 -0.014382 0.017868
v -0.012304 -0.013636 0.019813
v -0.011663 -0.013706 0.019201
v -0.012184 -0.013651 0.019727
v -0.010859 -0.014239 0.018103
v -0.011086 -0.014011 0.018568
v -0.011224 -0.013928 0.018796
v -0.010603 -0.014430 0.018103
v -0.010629 -0.014466 0.017915
v -0.011402 -0.014028 0.019379
v -0.011542 -0.014079 0.019598
v -0.010369 -0.014654 0.017915
v -0.010843 -0.014218 0.018751
v -0.010741 -0.014349 0.018978
v -0.011704 -0.014154 0.019813
v -0.010587 -0.014409 0.018751
v -0.011532 -0.014341 0.019856
v -0.010320 -0.014584 0.018568
v -0.009815 -0.014977 0.018103
v -0.009840 -0.015014 0.017915
v -0.009713 -0.015113 0.017868
v -0.010058 -0.014766 0.018568
v -0.010201 -0.014693 0.018796
v -0.009546 -0.015150 0.018103
v -0.009570 -0.015188 0.017915
v 0.008723 -0.026829 0.000632
v -0.009297 -0.015356 0.017915
v -0.009801 -0.014955 0.018751
v -0.009690 -0.015079 0.018978
v -0.010239 -0.014897 0.019379
v -0.010241 -0.015052 0.019598
v 0.008263 -0.026856 0.001071
v -0.009532 -0.015128 0.018751
v -0.009865 -0.015052 0.019201
v -0.010480 -0.015127 0.019856
v -0.009254 -0.015284 0.018568
v -0.008743 -0.015678 0.017915
v -0.008678 -0.015893 0.017487
v -0.008610 -0.015767 0.017868
v -0.010260 -0.015233 0.019813
v -0.009594 -0.015226 0.019201
v -0.010217 -0.015262 0.019813
v -0.008722 -0.015639 0.018103
v -0.008979 -0.015446 0.018568
v -0.009127 -0.015383 0.018796
v 0.009241 -0.026521 0.001191
v -0.008441 -0.015792 0.018103
v -0.008462 -0.015832 0.017915
v -0.009310 -0.015495 0.019379
v -0.009462 -0.015553 0.019598
v -0.008178 -0.015980 0.017915
v -0.008709 -0.015616 0.018751
v -0.008590 -0.015732 0.018978
v -0.009633 -0.015638 0.019813
v -0.008429 -0.015769 0.018751
v -0.009458 -0.015786 0.019856
v -0.008140 -0.015905 0.018568
v -0.007584 -0.016221 0.018103
v -0.007603 -0.016262 0.017915
v -0.007463 -0.016341 0.017868
v -0.008438 -0.015916 0.019246
v -0.008303 -0.016139 0.019510
v -0.007854 -0.016047 0.018568
v -0.008007 -0.015995 0.018796
v -0.007293 -0.016354 0.018103
v -0.007311 -0.016395 0.017915
v -0.007017 -0.016523 0.017915
v -0.007573 -0.016198 0.018751
v -0.007446 -0.016304 0.018978
v -0.008037 -0.016192 0.019379
v -0.008038 -0.016335 0.019598
v -0.008437 -0.016314 0.019813
v -0.007282 -0.016331 0.018751
v -0.008308 -0.016421 0.019856
v -0.007622 -0.016303 0.019201
v -0.006984 -0.016445 0.018568
v -0.008054 -0.016506 0.019813
v -0.006423 -0.016763 0.017915
v -0.006328 -0.016966 0.017487
v -0.006278 -0.016832 0.017868
v -0.007970 -0.016547 0.019813
v -0.007330 -0.016436 0.019201
v -0.007849 -0.016529 0.019727
v -0.006407 -0.016721 0.018103
v -0.006690 -0.016567 0.018568
v -0.006845 -0.016526 0.018796
v -0.006108 -0.016833 0.018103
v -0.006123 -0.016875 0.017915
v -0.006990 -0.016671 0.019379
v -0.007112 -0.016758 0.019598
v -0.005821 -0.016981 0.017915
v -0.006398 -0.016697 0.018751
v -0.006264 -0.016794 0.018978
v -0.007248 -0.016875 0.019813
v -0.006099 -0.016808 0.018751
v -0.007034 -0.017005 0.019856
v -0.005793 -0.016901 0.018568
v -0.005198 -0.017136 0.018103
v -0.005211 -0.017178 0.017915
v -0.005061 -0.017237 0.017868
v -0.005491 -0.017002 0.018568
v -0.005649 -0.016972 0.018796
v -0.004891 -0.017226 0.018103
v -0.004904 -0.017269 0.017915
v -0.004595 -0.017353 0.017915
v -0.005191 -0.017111 0.018751
v -0.005050 -0.017198 0.018978
v -0.005630 -0.017178 0.019379
v -0.005590 -0.017326 0.019598
v -0.004884 -0.017201 0.018751
v -0.005224 -0.017222 0.019201
v -0.005802 -0.017464 0.019856
v -0.004573 -0.017271 0.018568
v 0.017586 -0.022336 0.000222
v -0.003972 -0.017506 0.017915
v -0.003849 -0.017694 0.017487
v -0.003819 -0.017554 0.017868
v -0.005559 -0.017505 0.019813
v -0.004916 -0.017312 0.019201
v -0.005509 -0.017521 0.019813
v -0.003962 -0.017463 0.018103
v -0.004264 -0.017350 0.018568
v -0.004424 -0.017331 0.018796
v -0.003650 -0.017531 0.018103
v -0.003659 -0.017574 0.017915
v -0.004570 -0.017490 0.019379
v -0.004702 -0.017588 0.019598
v -0.003345 -0.017637 0.017915
v -0.003957 -0.017437 0.018751
v -0.003810 -0.017514 0.018978
v -0.004844 -0.017716 0.019813
v -0.003645 -0.017505 0.018751
v -0.004637 -0.017809 0.019856
v -0.003329 -0.017554 0.018568
v -0.002706 -0.017701 0.018103
v -0.002713 -0.017745 0.017915
v -0.002557 -0.017782 0.017868
v -0.003615 -0.017649 0.019246
v -0.003425 -0.017824 0.019510
v -0.003015 -0.017610 0.018568
v -0.003176 -0.017603 0.018796
v -0.002390 -0.017746 0.018103
v -0.002396 -0.017791 0.017915
v -0.002078 -0.017831 0.017915
v -0.002703 -0.017675 0.018751
v -0.002551 -0.017742 0.018978
v -0.003152 -0.017800 0.019379
v -0.003115 -0.017937 0.019598
v -0.003509 -0.018028 0.019813
v -0.002387 -0.017721 0.018751
v -0.003354 -0.018094 0.019856
v -0.002720 -0.017790 0.019201
v -0.002068 -0.017746 0.018568
v -0.003084 -0.018106 0.019813
v -0.001440 -0.017893 0.017915
v -0.001292 -0.018062 0.017487
v -0.001282 -0.017919 0.017868
v -0.002992 -0.018121 0.019813
v -0.002402 -0.017836 0.019201
v -0.002879 -0.018070 0.019727
v -0.001437 -0.017849 0.018103
v -0.001751 -0.017781 0.018568
v -0.001912 -0.017785 0.018796
v -0.001118 -0.017872 0.018103
v -0.001121 -0.017916 0.017915
v -0.002012 -0.017964 0.019379
v -0.002107 -0.018083 0.019598
v -0.000801 -0.017933 0.017915
v -0.001435 -0.017823 0.018751
v -0.001279 -0.017878 0.018978
v -0.002208 -0.018233 0.019813
v -0.001116 -0.017846 0.018751
v -0.001967 -0.018297 0.019856
v -0.000797 -0.017849 0.018568
v -0.000160 -0.017906 0.018103
v -0.000160 -0.017951 0.017915
v 0.000000 -0.017965 0.017868
v -0.000478 -0.017860 0.018568
v -0.000638 -0.017876 0.018796
v 0.000160 -0.017906 0.018103
v 0.000160 -0.017951 0.017915
v 0.000481 -0.017945 0.017915
v -0.000160 -0.017880 0.018751
v 0.000000 -0.017924 0.018978
v -0.000565 -0.018068 0.019379
v -0.000487 -0.018199 0.019598
v 0.000160 -0.017880 0.018751
v -0.000161 -0.017996 0.019201
v -0.000657 -0.018391 0.019856
v 0.000478 -0.017860 0.018568
v 0.001121 -0.017916 0.017915
v 0.001292 -0.018062 0.017487
v 0.001282 -0.017919 0.017868
v -0.000410 -0.018362 0.019813
v 0.000161 -0.017996 0.019201
v 0.001118 -0.017872 0.018103
v 0.000797 -0.017849 0.018568
v 0.000638 -0.017876 0.018796
v 0.001437 -0.017849 0.018103
v 0.001440 -0.017893 0.017915
v 0.000278 -0.018296 0.019727
v 0.000531 -0.018198 0.019598
v 0.001760 -0.017865 0.017915
v 0.000586 -0.018067 0.019379
v 0.000853 -0.018130 0.019510
v 0.001116 -0.017846 0.018751
v 0.001279 -0.017878 0.018978
v 0.000383 -0.018362 0.019813
v 0.000476 -0.018360 0.019813
v 0.001435 -0.017823 0.018751
v 0.001066 -0.017983 0.019246
v 0.001751 -0.017781 0.018568
v 0.000745 -0.018387 0.019856
v 0.000908 -0.018344 0.019813
v 0.002390 -0.017746 0.018103
v 0.002557 -0.017782 0.017868
v 0.002396 -0.017791 0.017915
v 0.002068 -0.017746 0.018568
v 0.001912 -0.017785 0.018796
v 0.002706 -0.017701 0.018103
v 0.002713 -0.017745 0.017915
v 0.003030 -0.017694 0.017915
v 0.002387 -0.017721 0.018751
v 0.002551 -0.017742 0.018978
v 0.002034 -0.017962 0.019379
v 0.002151 -0.018078 0.019598
v 0.002703 -0.017675 0.018751
v 0.002402 -0.017836 0.019201
v 0.023957 -0.014685 0.001061
v 0.003015 -0.017610 0.018568
v 0.002055 -0.018287 0.019856
v 0.003659 -0.017574 0.017915
v 0.003849 -0.017694 0.017487
v 0.003819 -0.017554 0.017868
v 0.002720 -0.017790 0.019201
v 0.002273 -0.018225 0.019813
v 0.003650 -0.017531 0.018103
v 0.003329 -0.017554 0.018568
v 0.003176 -0.017603 0.018796
v 0.003962 -0.017463 0.018103
v 0.003972 -0.017506 0.017915
v 0.003128 -0.017804 0.019379
v 0.003068 -0.017945 0.019598
v 0.004284 -0.017433 0.017915
v 0.003645 -0.017505 0.018751
v 0.003810 -0.017514 0.018978
v 0.002959 -0.018126 0.019813
v 0.003012 -0.018118 0.019813
v 0.003957 -0.017437 0.018751
v 0.003258 -0.018112 0.019856
v 0.004264 -0.017350 0.018568
v 0.004891 -0.017226 0.018103
v 0.005061 -0.017237 0.017868
v 0.004904 -0.017269 0.017915
v 0.004573 -0.017271 0.018568
v 0.004424 -0.017331 0.018796
v 0.005198 -0.017136 0.018103
v 0.005211 -0.017178 0.017915
v 0.005517 -0.017083 0.017915
v 0.004884 -0.017201 0.018751
v 0.005050 -0.017198 0.018978
v 0.004546 -0.017496 0.019379
v 0.004655 -0.017600 0.019598
v 0.005191 -0.017111 0.018751
v 0.004916 -0.017312 0.019201
v 0.004542 -0.017833 0.019856
v 0.005491 -0.017002 0.018568
v 0.006123 -0.016875 0.017915
v 0.006328 -0.016966 0.017487
v 0.006278 -0.016832 0.017868
v 0.004773 -0.017735 0.019813
v 0.005224 -0.017222 0.019201
v 0.006108 -0.016833 0.018103
v 0.005793 -0.016901 0.018568
v 0.005649 -0.016972 0.018796
v 0.006407 -0.016721 0.018103
v 0.006423 -0.016763 0.017915
v 0.005417 -0.017478 0.019727
v 0.005632 -0.017312 0.019598
v 0.006721 -0.016645 0.017915
v 0.005650 -0.017171 0.019379
v 0.005922 -0.017157 0.019510
v 0.006099 -0.016808 0.018751
v 0.006264 -0.016794 0.018978
v 0.005534 -0.017513 0.019813
v 0.005623 -0.017485 0.019813
v 0.006398 -0.016697 0.018751
v 0.006087 -0.016955 0.019246
v 0.006690 -0.016567 0.018568
v 0.005886 -0.017436 0.019856
v 0.006030 -0.017348 0.019813
v 0.007293 -0.016354 0.018103
v 0.007463 -0.016341 0.017868
v 0.007311 -0.016395 0.017915
v 0.006984 -0.016445 0.018568
v 0.006845 -0.016526 0.018796
v 0.007584 -0.016221 0.018103
v 0.007603 -0.016262 0.017915
v 0.007892 -0.016124 0.017915
v 0.007282 -0.016331 0.018751
v 0.007446 -0.016304 0.018978
v 0.007010 -0.016662 0.019379
v 0.007153 -0.016741 0.019598
v 0.007573 -0.016198 0.018751
v 0.007330 -0.016436 0.019201
v 0.007854 -0.016047 0.018568
v 0.007115 -0.016971 0.019856
v 0.008462 -0.015832 0.017915
v 0.008678 -0.015893 0.017487
v 0.008610 -0.015767 0.017868
v 0.007622 -0.016303 0.019201
v 0.007309 -0.016849 0.019813
v 0.008441 -0.015792 0.018103
v 0.008140 -0.015905 0.018568
v 0.008007 -0.015995 0.018796
v 0.008722 -0.015639 0.018103
v 0.008743 -0.015678 0.017915
v 0.008015 -0.016203 0.019379
v 0.007995 -0.016356 0.019598
v 0.009022 -0.015519 0.017915
v 0.008429 -0.015769 0.018751
v 0.008590 -0.015732 0.018978
v 0.007941 -0.016561 0.019813
v 0.007988 -0.016538 0.019813
v 0.008709 -0.015616 0.018751
v 0.008220 -0.016465 0.019856
v 0.008979 -0.015446 0.018568
v 0.009546 -0.015150 0.018103
v 0.009713 -0.015113 0.017868
v 0.009570 -0.015188 0.017915
v 0.009254 -0.015284 0.018568
v 0.009127 -0.015383 0.018796
v 0.009815 -0.014977 0.018103
v 0.009840 -0.015014 0.017915
v 0.010106 -0.014836 0.017915
v 0.009532 -0.015128 0.018751
v 0.009690 -0.015079 0.018978
v 0.009289 -0.015507 0.019379
v 0.009421 -0.015578 0.019598
v 0.009801 -0.014955 0.018751
v 0.009594 -0.015226 0.019201
v 0.009374 -0.015836 0.019856
v 0.010058 -0.014766 0.018568
v 0.010629 -0.014466 0.017915
v 0.010852 -0.014496 0.017487
v 0.010766 -0.014382 0.017868
v 0.009570 -0.015676 0.019813
v 0.009864 -0.015052 0.019201
v 0.010603 -0.014430 0.018103
v 0.010320 -0.014584 0.018568
v 0.010201 -0.014693 0.018796
v 0.010858 -0.014239 0.018103
v 0.010886 -0.014274 0.017915
v 0.010117 -0.015246 0.019727
v 0.010277 -0.015027 0.019598
v 0.011139 -0.014078 0.017915
v 0.010257 -0.014885 0.019379
v 0.010512 -0.014796 0.019510
v 0.010587 -0.014409 0.018751
v 0.010741 -0.014349 0.018978
v 0.010238 -0.015248 0.019813
v 0.010315 -0.015196 0.019813
v 0.010843 -0.014218 0.018751
v 0.010616 -0.014555 0.019246
v 0.011086 -0.014011 0.018568
v 0.010552 -0.015077 0.019856
v 0.010665 -0.014952 0.019813
v 0.011605 -0.013637 0.018103
v 0.011634 -0.013671 0.017915
v 0.011764 -0.013577 0.017868
v 0.011334 -0.013811 0.018568
v 0.011224 -0.013928 0.018796
v 0.011847 -0.013428 0.018103
v 0.011876 -0.013461 0.017915
v 0.012115 -0.013247 0.017915
v 0.011588 -0.013617 0.018751
v 0.011738 -0.013546 0.018978
v 0.011419 -0.014014 0.019379
v 0.011576 -0.014051 0.019598
v 0.011830 -0.013408 0.018751
v 0.011663 -0.013706 0.019201
v 0.012057 -0.013185 0.018568
v 0.011601 -0.014285 0.019856
v 0.012580 -0.012806 0.017915
v 0.012804 -0.012804 0.017487
v 0.012703 -0.012703 0.017868
v 0.011906 -0.013495 0.019201
v 0.011755 -0.014112 0.019813
v 0.012548 -0.012774 0.018103
v 0.012291 -0.012967 0.018568
v 0.012189 -0.013091 0.018796
v 0.012806 -0.012580 0.017915
v 0.012774 -0.012548 0.018103
v 0.012254 -0.013290 0.019379
v 0.012276 -0.013444 0.019598
v 0.012530 -0.012756 0.018751
v 0.012674 -0.012674 0.018978
v 0.012318 -0.013623 0.019813
v 0.012756 -0.012530 0.018751
v 0.012519 -0.013488 0.019856
v 0.012967 -0.012291 0.018568
v 0.013428 -0.011847 0.018103
v 0.013247 -0.012115 0.017915
v 0.013461 -0.011876 0.017915
v 0.013577 -0.011765 0.017868
v 0.013185 -0.012057 0.018568
v 0.013091 -0.012189 0.018796
v 0.013637 -0.011605 0.018103
v 0.013671 -0.011634 0.017915
v 0.013877 -0.011388 0.017915
v 0.013408 -0.011830 0.018751
v 0.013546 -0.011738 0.018978
v 0.013280 -0.012264 0.019379
v 0.013425 -0.012296 0.019598
v 0.013617 -0.011588 0.018751
v 0.013495 -0.011906 0.019201
v 0.013449 -0.012561 0.019856
v 0.013811 -0.011334 0.018568
v 0.014274 -0.010886 0.017915
v 0.014496 -0.010852 0.017487
v 0.014382 -0.010766 0.017868
v 0.013594 -0.012350 0.019813
v 0.013706 -0.011663 0.019201
v 0.016995 -0.010089 0.015344
v 0.014239 -0.010859 0.018103
v 0.014011 -0.011086 0.018568
v 0.013928 -0.011224 0.018796
v 0.014430 -0.010603 0.018103
v 0.014466 -0.010629 0.017915
v 0.017072 -0.009730 0.015456
v 0.014000 -0.011782 0.019727
v 0.014092 -0.011526 0.019598
v 0.014034 -0.011394 0.019379
v 0.014252 -0.011239 0.019510
v 0.014654 -0.010369 0.017915
v 0.014218 -0.010843 0.018751
v 0.014349 -0.010741 0.018978
v 0.014114 -0.011752 0.019813
v 0.014174 -0.011680 0.019813
v 0.017452 -0.009322 0.015323
v 0.016941 -0.009384 0.015745
v 0.014409 -0.010587 0.018751
v 0.014285 -0.010976 0.019246
v 0.014584 -0.010320 0.018568
v 0.014366 -0.011500 0.019856
v 0.014440 -0.011349 0.019813
v 0.015718 -0.009387 0.017102
v 0.014977 -0.009815 0.018103
v 0.015014 -0.009840 0.017915
v 0.014766 -0.010058 0.018568
v 0.014693 -0.010201 0.018796
v 0.015809 -0.009233 0.017102
v 0.015659 -0.008984 0.017615
v 0.014955 -0.009801 0.018751
v 0.014903 -0.010231 0.019379
v 0.015063 -0.010225 0.019598
v 0.015052 -0.009864 0.019201
v 0.015548 -0.008964 0.017931
v 0.015718 -0.008700 0.017869
v 0.015836 -0.008722 0.017552
v 0.015150 -0.010446 0.019856
v 0.016209 -0.008429 0.017167
v 0.015250 -0.010235 0.019813
v 0.015395 -0.009092 0.018736
v 0.015637 -0.008697 0.018182
v 0.015806 -0.008365 0.018244
v 0.015463 -0.008972 0.018721
v 0.015880 -0.008362 0.017932
v 0.015428 -0.009288 0.019231
v 0.015468 -0.009222 0.019231
v 0.015593 -0.008817 0.018932
v 0.016414 -0.007786 0.017361
v 0.016283 -0.007685 0.017743
v 0.015759 -0.008416 0.018491
v 0.015824 -0.008322 0.018736
v 0.015802 -0.008336 0.018491
v 0.015737 -0.008557 0.018932
v 0.016163 -0.007762 0.017995
v 0.016168 -0.007718 0.018058
v 0.015940 -0.008098 0.018736
v 0.017240 -0.006825 0.016737
v 0.016614 -0.007200 0.017489
v 0.016269 -0.007515 0.018037
v 0.016434 -0.007344 0.017757
v 0.016021 -0.007936 0.018736
v 0.016061 -0.007842 0.018675
v 0.016124 -0.007734 0.018763
v 0.016164 -0.008398 0.019612
v 0.016762 -0.006781 0.017546
v 0.016644 -0.006760 0.017870
v 0.016780 -0.006729 0.017553
v 0.016253 -0.007484 0.018834
v 0.016196 -0.007543 0.018546
v 0.016343 -0.007224 0.018614
v 0.016548 -0.006806 0.018183
v 0.016721 -0.006343 0.018245
v 0.016410 -0.007074 0.018635
v 0.016455 -0.006982 0.018696
v 0.016436 -0.007103 0.018898
v 0.016438 -0.007234 0.019098
v 0.016460 -0.007376 0.019295
v 0.016351 -0.007445 0.019117
v 0.016808 -0.006292 0.017932
v 0.016503 -0.007527 0.019491
v 0.016640 -0.006504 0.018553
v 0.016743 -0.006237 0.018430
v 0.016651 -0.007475 0.019665
v 0.016664 -0.006456 0.018645
v 0.016603 -0.006682 0.018858
v 0.016627 -0.006755 0.019058
v 0.016749 -0.006622 0.019237
v 0.016672 -0.006837 0.019256
v 0.016667 -0.006648 0.019048
v 0.016757 -0.007201 0.019646
v 0.016717 -0.006513 0.019038
v 0.016846 -0.006350 0.019217
v 0.016858 -0.006926 0.019627
v 0.016940 -0.005725 0.018265
v 0.016900 -0.006466 0.019413
v 0.017070 -0.005329 0.018255
v 0.017032 -0.006308 0.019530
v 0.017115 -0.005183 0.018252
v 0.016998 -0.005568 0.018794
v 0.016984 -0.005688 0.018926
v 0.017474 -0.007075 0.020286
v 0.017040 -0.005436 0.018791
v 0.017233 -0.004785 0.018235
v 0.017632 -0.006608 0.020268
v 0.017173 -0.004997 0.018783
v 0.017166 -0.005183 0.019004
v 0.017327 -0.004462 0.018181
v 0.017420 -0.004276 0.017969
v 0.017376 -0.004169 0.018401
v 0.017652 -0.006300 0.020194
v 0.017210 -0.004864 0.018777
v 0.017270 -0.004736 0.018908
v 0.017841 -0.003514 0.017328
v 0.017478 -0.003930 0.018064
v 0.017744 -0.005710 0.020102
v 0.017569 -0.003537 0.018032
v 0.017534 -0.003584 0.018159
v 0.017837 -0.003040 0.017517
v 0.017940 -0.005039 0.020097
v 0.017985 -0.004871 0.020095
v 0.017774 -0.002721 0.017817
v 0.017683 -0.004100 0.019514
v 0.017803 -0.003790 0.019593
v 0.017565 -0.003638 0.019027
v 0.017528 -0.003799 0.019017
v 0.017528 -0.003597 0.018835
v 0.017622 -0.003684 0.019218
v 0.017661 -0.003896 0.019396
v 0.017544 -0.004005 0.019197
v 0.017589 -0.003505 0.019017
v 0.017668 -0.003417 0.019198
v 0.017606 -0.003037 0.018505
v 0.017622 -0.003067 0.018794
v 0.017593 -0.003315 0.018886
v 0.017819 -0.002455 0.017796
v 0.017622 -0.002944 0.018473
v 0.017724 -0.003600 0.019397
v 0.017634 -0.003240 0.018997
v 0.018143 -0.004137 0.020073
v 0.018446 -0.004070 0.020316
v 0.018076 -0.003918 0.019959
v 0.017864 -0.003492 0.019593
v 0.017696 -0.002916 0.019018
v 0.017733 -0.002649 0.018998
v 0.017798 -0.002768 0.019239
v 0.017683 -0.002596 0.018670
v 0.017645 -0.002808 0.018567
v 0.017690 -0.002552 0.018337
v 0.017718 -0.002330 0.018650
v 0.018049 -0.001414 0.017494
v 0.018918 -0.004247 0.020663
v 0.017749 -0.002044 0.018451
v 0.018954 -0.004133 0.020670
v 0.017830 -0.002499 0.019220
v 0.018008 -0.002837 0.019634
v 0.017939 -0.003166 0.019614
v 0.017929 -0.002622 0.019458
v 0.019034 -0.003749 0.020670
v 0.017848 -0.000808 0.018529
v 0.017854 -0.000671 0.018563
v 0.017859 0.000698 0.018678
v 0.017774 0.001995 0.018227
v 0.017738 0.002514 0.018064
v 0.017719 0.002325 0.018372
v 0.017716 0.002647 0.018071
v 0.017759 0.002291 0.018903
v 0.017647 0.002832 0.018344
v 0.017743 0.002425 0.018910
v 0.017671 0.002742 0.018761
v 0.017650 0.002875 0.018769
v 0.017515 0.003551 0.018362
v 0.017863 0.002815 0.019391
v 0.017473 0.003749 0.018373
v 0.017771 0.003051 0.019283
v 0.017834 0.002979 0.019386
v 0.017439 0.003921 0.018326
v 0.017437 0.003901 0.018593
v 0.017740 0.003215 0.019278
v 0.017771 0.003307 0.019377
v 0.017466 0.003857 0.018793
v 0.017410 0.004098 0.018787
v 0.017738 0.003470 0.019373
v 0.017381 0.004142 0.018587
v 0.018197 0.003287 0.019955
v 0.017571 0.003864 0.019185
v 0.017342 0.004306 0.018618
v 0.017339 0.004429 0.018848
v 0.017460 0.004060 0.018985
v 0.017260 0.004612 0.018545
v 0.017434 0.004330 0.019110
v 0.017220 0.004798 0.018710
v 0.017363 0.004559 0.019076
v 0.017329 0.004726 0.019106
v 0.017305 0.004814 0.019106
v 0.016950 0.005685 0.018730
v 0.016863 0.006007 0.018877
v 0.016875 0.005870 0.018573
v 0.016754 0.006280 0.018183
v 0.017023 0.005746 0.019121
v 0.016787 0.006129 0.018655
v 0.016746 0.006300 0.018828
v 0.016964 0.005893 0.019097
v 0.016731 0.006276 0.018630
v 0.016970 0.006022 0.019227
v 0.016782 0.006332 0.019024
v 0.016672 0.006501 0.018843
v 0.009526 0.026411 0.001469
v 0.016525 0.006884 0.018878
v 0.016212 0.007536 0.018293
v 0.016784 0.006790 0.019433
v 0.008577 0.026734 0.001469
v 0.016696 0.007033 0.019452
v 0.016567 0.007227 0.019374
v 0.016093 0.007760 0.018567
v 0.018154 0.006703 0.020640
v 0.016409 0.007498 0.019305
v 0.016245 0.007647 0.019086
v 0.016176 0.007769 0.019051
v 0.015168 0.010037 0.017319
v 0.014726 0.010519 0.017511
v 0.014780 0.010068 0.018244
v 0.014690 0.010199 0.018244
v 0.014992 0.009825 0.018978
v 0.014341 0.011038 0.017511
v 0.014656 0.010971 0.017101
v 0.014864 0.010028 0.019000
v 0.014769 0.010254 0.019157
v 0.014008 0.011601 0.017319
v 0.013685 0.011858 0.017487
v 0.014580 0.010415 0.018955
v 0.014024 0.011097 0.018244
v 0.013925 0.011221 0.018244
v 0.013585 0.012094 0.017319
v 0.014237 0.010899 0.019000
v 0.014095 0.011093 0.019023
v 0.014000 0.011282 0.019157
v 0.013809 0.011436 0.019000
v 0.013079 0.012508 0.017511
v 0.013650 0.011616 0.018978
v 0.013197 0.012069 0.018244
v 0.013089 0.012186 0.018244
v 0.013441 0.011858 0.018978
v 0.014571 0.011639 0.020110
v 0.012624 0.012967 0.017511
v 0.012945 0.012945 0.017101
v 0.013285 0.012041 0.019000
v 0.013159 0.012252 0.019157
v 0.012215 0.013477 0.017319
v 0.011858 0.013685 0.017487
v 0.012987 0.012371 0.019023
v 0.012816 0.012539 0.019000
v 0.012303 0.012980 0.018244
v 0.012186 0.013089 0.018244
v 0.011726 0.013904 0.017319
v 0.013612 0.012747 0.020110
v 0.012384 0.012950 0.018955
v 0.012252 0.013159 0.019157
v 0.012041 0.013285 0.019000
v 0.011166 0.014242 0.017511
v 0.011858 0.013441 0.018978
v 0.011345 0.013824 0.018244
v 0.011221 0.013925 0.018244
v 0.011616 0.013650 0.018978
v 0.010650 0.014631 0.017511
v 0.010971 0.014656 0.017101
v 0.012668 0.013685 0.020110
v 0.011436 0.013809 0.019000
v 0.011282 0.014000 0.019157
v 0.010172 0.015078 0.017319
v 0.009790 0.015233 0.017487
v 0.011055 0.014101 0.018955
v 0.010330 0.014598 0.018244
v 0.010199 0.014690 0.018244
v 0.009628 0.015431 0.017319
v 0.010590 0.014468 0.019000
v 0.010399 0.014614 0.019023
v 0.010254 0.014769 0.019157
v 0.010028 0.014864 0.019000
v 0.009025 0.015686 0.017511
v 0.009825 0.014992 0.018978
v 0.009262 0.015298 0.018244
v 0.009125 0.015380 0.018244
v 0.009555 0.015165 0.018978
v 0.010714 0.015264 0.020110
v 0.008460 0.015998 0.017511
v 0.008774 0.016068 0.017101
v 0.009355 0.015296 0.019000
v 0.009175 0.015463 0.019157
v -0.008577 0.026734 0.001472
v 0.007923 0.016372 0.017319
v 0.007522 0.016471 0.017487
v 0.008936 0.015531 0.018955
v 0.008147 0.015920 0.018244
v -0.009526 0.026411 0.001472
v 0.008005 0.015992 0.018244
v 0.007334 0.016644 0.017319
v 0.009482 0.016058 0.020110
v 0.008234 0.015914 0.018955
v 0.008048 0.016078 0.019157
v 0.007810 0.016139 0.019000
v 0.006701 0.016811 0.017511
v 0.007591 0.016237 0.018978
v 0.006991 0.016461 0.018244
v 0.006844 0.016522 0.018244
v 0.007300 0.016370 0.018978
v 0.006097 0.017039 0.017511
v 0.006398 0.017153 0.017101
v 0.008312 0.016694 0.020110
v 0.007083 0.016472 0.019000
v 0.006881 0.016611 0.019157
v 0.005512 0.017333 0.017319
v 0.005102 0.017374 0.017487
v 0.006635 0.016645 0.018955
v 0.005799 0.016917 0.018244
v 0.005648 0.016968 0.018244
v 0.004890 0.017519 0.017319
v 0.006086 0.016865 0.019000
v 0.005862 0.016951 0.019023
v 0.005678 0.017060 0.019157
v 0.005434 0.017087 0.019000
v 0.004240 0.017593 0.017511
v 0.005203 0.017152 0.018978
v 0.004577 0.017288 0.018244
v 0.004423 0.017328 0.018244
v 0.004896 0.017242 0.018978
v 0.005993 0.017659 0.020110
v 0.003610 0.017733 0.017511
v 0.003892 0.017889 0.017101
v 0.004666 0.017312 0.019000
v 0.004447 0.017421 0.019157
v 0.002990 0.017941 0.017319
v 0.002577 0.017923 0.017487
v 0.004199 0.017420 0.018955
v 0.003332 0.017570 0.018244
v 0.003175 0.017599 0.018244
v 0.002347 0.018036 0.017319
v 0.004588 0.018075 0.020110
v 0.003417 0.017590 0.018955
v 0.003192 0.017694 0.019157
v 0.002947 0.017686 0.019000
v 0.001693 0.018018 0.017511
v 0.002709 0.017718 0.018978
v 0.002070 0.017763 0.018244
v 0.001912 0.017781 0.018244
v 0.002392 0.017764 0.018978
v 0.003287 0.018357 0.020110
v 0.001049 0.018067 0.017511
v 0.001306 0.018261 0.017101
v 0.002155 0.017800 0.019000
v 0.001922 0.017877 0.019157
v 0.000406 0.018184 0.017319
v 0.000000 0.018108 0.017487
v 0.001677 0.017840 0.018955
v 0.000798 0.017866 0.018244
v 0.000638 0.017872 0.018244
v -0.000243 0.018187 0.017319
v 0.001089 0.017897 0.019000
v 0.000850 0.017916 0.019023
v 0.000642 0.017968 0.019157
v 0.000400 0.017925 0.019000
v -0.000888 0.018075 0.017511
v 0.000160 0.017923 0.018978
v -0.000479 0.017877 0.018244
v -0.000638 0.017872 0.018244
v -0.000160 0.017923 0.018978
v 0.000790 0.018632 0.020110
v -0.001533 0.018032 0.017511
v -0.001306 0.018261 0.017101
v -0.000400 0.017925 0.019000
v -0.000642 0.017968 0.019157
v -0.002186 0.018057 0.017319
v -0.002577 0.017923 0.017487
v -0.000879 0.017897 0.018955
v -0.001753 0.017797 0.018244
v -0.001912 0.017781 0.018244
v -0.002829 0.017967 0.017319
v -0.000676 0.018636 0.020110
v -0.001677 0.017840 0.018955
v -0.001922 0.017877 0.019157
v -0.002155 0.017800 0.019000
v -0.003451 0.017765 0.017511
v -0.002392 0.017764 0.018978
v -0.003018 0.017627 0.018244
v -0.003175 0.017599 0.018244
v -0.002709 0.017718 0.018978
v -0.002004 0.018541 0.020110
v -0.004083 0.017630 0.017511
v -0.003892 0.017889 0.017101
v -0.002947 0.017686 0.019000
v -0.003192 0.017694 0.019157
v -0.004734 0.017562 0.017319
v -0.005102 0.017374 0.017487
v -0.003413 0.017604 0.019008
v -0.003647 0.017551 0.018985
v -0.004268 0.017367 0.018244
v -0.004423 0.017328 0.018244
v -0.005357 0.017381 0.017319
v -0.003996 0.017479 0.019000
v -0.004231 0.017430 0.019023
v -0.004447 0.017421 0.019157
v -0.003599 0.018099 0.019913
v -0.004666 0.017312 0.019000
v -0.005944 0.017093 0.017511
v -0.004896 0.017242 0.018978
v -0.005496 0.017018 0.018244
v -0.005648 0.016968 0.018244
v -0.005203 0.017152 0.018978
v -0.004478 0.018103 0.020110
v -0.006551 0.016870 0.017511
v -0.006398 0.017153 0.017101
v -0.005434 0.017087 0.019000
v -0.005678 0.017060 0.019157
v -0.007185 0.016709 0.017319
v -0.007522 0.016471 0.017487
v -0.005886 0.016924 0.018955
v -0.006696 0.016583 0.018244
v -0.006844 0.016522 0.018244
v -0.007777 0.016442 0.017319
v -0.005885 0.017696 0.020110
v -0.006635 0.016645 0.018955
v -0.006881 0.016611 0.019157
v -0.007083 0.016472 0.019000
v -0.008316 0.016073 0.017511
v -0.007300 0.016370 0.018978
v -0.007862 0.016063 0.018244
v -0.008005 0.015992 0.018244
v -0.007591 0.016237 0.018978
v -0.007133 0.017231 0.020110
v -0.008885 0.015766 0.017511
v -0.008774 0.016068 0.017101
v -0.007810 0.016139 0.019000
v -0.008048 0.016078 0.019157
v -0.009490 0.015517 0.017319
v -0.009790 0.015233 0.017487
v -0.008216 0.015944 0.019023
v -0.008426 0.015827 0.019000
v -0.008988 0.015461 0.018244
v -0.009125 0.015380 0.018244
v -0.010037 0.015168 0.017319
v -0.008936 0.015531 0.018955
v -0.009175 0.015463 0.019157
v -0.008464 0.016617 0.020110
v -0.009355 0.015296 0.019000
v -0.010519 0.014726 0.017511
v -0.009556 0.015165 0.018978
v -0.010068 0.014780 0.018244
v -0.010199 0.014690 0.018244
v -0.009825 0.014992 0.018978
v -0.011038 0.014341 0.017511
v -0.010971 0.014656 0.017101
v -0.010028 0.014864 0.019000
v -0.010254 0.014769 0.019157
v -0.011601 0.014008 0.017319
v -0.011858 0.013685 0.017487
v -0.010415 0.014580 0.018955
v -0.011097 0.014025 0.018244
v -0.011221 0.013925 0.018244
v -0.012094 0.013585 0.017319
v -0.010620 0.015329 0.020110
v -0.011055 0.014101 0.018955
v -0.011282 0.014000 0.019157
v -0.011436 0.013809 0.019000
v -0.012508 0.013079 0.017511
v -0.011616 0.013650 0.018978
v -0.012069 0.013197 0.018244
v -0.012186 0.013089 0.018244
v -0.011858 0.013441 0.018978
v -0.011687 0.014532 0.020110
v -0.012967 0.012624 0.017511
v -0.012945 0.012945 0.017101
v -0.012041 0.013285 0.019000
v -0.012252 0.013159 0.019157
v -0.013477 0.012215 0.017319
v -0.013685 0.011858 0.017487
v -0.012374 0.012984 0.019023
v -0.012543 0.012813 0.019000
v -0.012980 0.012303 0.018244
v -0.013089 0.012186 0.018244
v -0.013904 0.011726 0.017319
v -0.012950 0.012384 0.018955
v -0.013159 0.012252 0.019157
v -0.012792 0.013570 0.020110
v -0.013285 0.012041 0.019000
v -0.014242 0.011166 0.017511
v -0.013441 0.011858 0.018978
v -0.013824 0.011345 0.018244
v -0.013925 0.011221 0.018244
v -0.013650 0.011616 0.018978
v -0.014631 0.010650 0.017511
v -0.014656 0.010971 0.017101
v -0.013809 0.011436 0.019000
v -0.014000 0.011282 0.019157
v -0.015078 0.010172 0.017319
v -0.015233 0.009790 0.017487
v -0.014101 0.011055 0.018955
v -0.014598 0.010330 0.018244
v -0.014690 0.010199 0.018244
v -0.015431 0.009628 0.017319
v -0.014500 0.011727 0.020110
v -0.014580 0.010415 0.018955
v -0.014769 0.010254 0.019157
v -0.014864 0.010028 0.019000
v -0.015686 0.009025 0.017511
v -0.014992 0.009825 0.018978
v -0.015298 0.009262 0.018244
v -0.015380 0.009125 0.018244
v -0.015165 0.009555 0.018978
v -0.015300 0.010663 0.020110
v -0.015998 0.008460 0.017511
v -0.016068 0.008774 0.017101
v -0.015296 0.009355 0.019000
v -0.015463 0.009175 0.019157
v -0.016372 0.007923 0.017319
v -0.016471 0.007522 0.017487
v -0.015531 0.008973 0.019023
v -0.015644 0.008761 0.019000
v -0.015920 0.008147 0.018244
v -0.015992 0.008005 0.018244
v -0.016644 0.007334 0.017319
v -0.015914 0.008234 0.018955
v -0.016078 0.008048 0.019157
v -0.016090 0.009429 0.020110
v -0.016139 0.007810 0.019000
v -0.016811 0.006701 0.017511
v -0.016237 0.007591 0.018978
v -0.016461 0.006991 0.018244
v -0.016522 0.006844 0.018244
v -0.016370 0.007300 0.018978
v -0.017039 0.006097 0.017511
v -0.017153 0.006398 0.017101
v -0.016472 0.007083 0.019000
v -0.016611 0.006881 0.019157
v -0.017333 0.005512 0.017319
v -0.017374 0.005102 0.017487
v -0.016645 0.006635 0.018955
v -0.024888 -0.012992 0.001396
v -0.016917 0.005799 0.018244
v -0.016968 0.005648 0.018244
v -0.017519 0.004890 0.017319
v -0.017211 0.007180 0.020110
v -0.016924 0.005886 0.018955
v -0.017060 0.005678 0.019157
v -0.017087 0.005434 0.019000
v -0.024021 -0.014534 0.001467
v -0.017593 0.004240 0.017511
v -0.017152 0.005203 0.018978
v -0.017288 0.004577 0.018244
v -0.023779 -0.014926 0.001410
v -0.017328 0.004423 0.018244
v -0.017242 0.004896 0.018978
v -0.017679 0.005934 0.020110
v -0.017733 0.003610 0.017511
v -0.017889 0.003892 0.017101
v -0.017312 0.004666 0.019000
v -0.017421 0.004447 0.019157
v -0.017941 0.002989 0.017319
v -0.017923 0.002577 0.017487
v -0.017429 0.004235 0.019023
v -0.017478 0.004000 0.019000
v -0.017570 0.003332 0.018244
v -0.017599 0.003175 0.018244
v -0.018036 0.002347 0.017319
v -0.017589 0.003417 0.018955
v -0.017694 0.003192 0.019157
v -0.018091 0.004528 0.020110
v -0.017686 0.002947 0.019000
v -0.018018 0.001693 0.017511
v -0.017718 0.002709 0.018978
v -0.017763 0.002070 0.018244
v -0.017781 0.001912 0.018244
v -0.017764 0.002392 0.018978
v -0.018067 0.001049 0.017511
v -0.018261 0.001306 0.017101
v -0.017800 0.002155 0.019000
v -0.017877 0.001922 0.019157
v -0.018184 0.000406 0.017319
v -0.018108 0.000000 0.017487
v -0.017840 0.001677 0.018955
v -0.017866 0.000798 0.018244
v -0.017872 0.000638 0.018244
v -0.018187 -0.000243 0.017319
v -0.017897 0.001084 0.019000
v -0.017916 0.000845 0.019023
v -0.017968 0.000642 0.019157
v -0.017925 0.000400 0.019000
v -0.018075 -0.000888 0.017511
v -0.017923 0.000160 0.018978
v -0.017877 -0.000479 0.018244
v -0.017872 -0.000638 0.018244
v -0.017923 -0.000160 0.018978
v -0.018634 0.000728 0.020110
v -0.018032 -0.001533 0.017511
v -0.018261 -0.001306 0.017101
v -0.017925 -0.000400 0.019000
v -0.017968 -0.000642 0.019157
v -0.018057 -0.002186 0.017319
v -0.017923 -0.002577 0.017487
v -0.017916 -0.000846 0.019023
v -0.017897 -0.001085 0.019000
v -0.017797 -0.001753 0.018244
v -0.017781 -0.001912 0.018244
v -0.017967 -0.002829 0.017319
v -0.017840 -0.001677 0.018955
v -0.017877 -0.001922 0.019157
v -0.018634 -0.000738 0.020110
v -0.017800 -0.002155 0.019000
v -0.017765 -0.003451 0.017511
v -0.017764 -0.002392 0.018978
v -0.017627 -0.003018 0.018244
v -0.017599 -0.003175 0.018244
v -0.017718 -0.002709 0.018978
v -0.017630 -0.004083 0.017511
v -0.017889 -0.003892 0.017101
v -0.017686 -0.002947 0.019000
v -0.017694 -0.003192 0.019157
v -0.017562 -0.004734 0.017319
v -0.017374 -0.005102 0.017487
v -0.017589 -0.003417 0.018955
v -0.017367 -0.004268 0.018244
v -0.017328 -0.004423 0.018244
v -0.017381 -0.005357 0.017319
v -0.017478 -0.004001 0.019000
v -0.017429 -0.004236 0.019023
v -0.017421 -0.004447 0.019157
v -0.017312 -0.004666 0.019000
v -0.017093 -0.005944 0.017511
v -0.017242 -0.004896 0.018978
v -0.017018 -0.005496 0.018244
v -0.016968 -0.005648 0.018244
v -0.017152 -0.005203 0.018978
v -0.018088 -0.004538 0.020110
v -0.016870 -0.006551 0.017511
v -0.017153 -0.006398 0.017101
v -0.017087 -0.005434 0.019000
v -0.017060 -0.005678 0.019157
v -0.016709 -0.007185 0.017319
v -0.016471 -0.007522 0.017487
v -0.016953 -0.005858 0.019023
v -0.016867 -0.006082 0.019000
v -0.016583 -0.006696 0.018244
v -0.016522 -0.006844 0.018244
v -0.016442 -0.007777 0.017319
v -0.017676 -0.005944 0.020110
v -0.016645 -0.006635 0.018955
v -0.016611 -0.006881 0.019157
v -0.009526 -0.026411 0.001470
v -0.016472 -0.007083 0.019000
v -0.016073 -0.008316 0.017511
v -0.008577 -0.026734 0.001470
v -0.016370 -0.007300 0.018978
v -0.016063 -0.007862 0.018244
v -0.015992 -0.008005 0.018244
v -0.016237 -0.007591 0.018978
v -0.015766 -0.008885 0.017511
v -0.016068 -0.008774 0.017101
v -0.017207 -0.007190 0.020110
v -0.016139 -0.007810 0.019000
v -0.016078 -0.008048 0.019157
v -0.015517 -0.009490 0.017319
v -0.015233 -0.009790 0.017487
v -0.015914 -0.008234 0.018955
v -0.015461 -0.008988 0.018244
v -0.015380 -0.009125 0.018244
v -0.015168 -0.010037 0.017319
v -0.015643 -0.008762 0.019000
v -0.015530 -0.008973 0.019023
v -0.015463 -0.009175 0.019157
v -0.015296 -0.009355 0.019000
v -0.014726 -0.010519 0.017511
v -0.015165 -0.009555 0.018978
v -0.014780 -0.010068 0.018244
v -0.014690 -0.010199 0.018244
v -0.014992 -0.009825 0.018978
v -0.016084 -0.009438 0.020110
v -0.014341 -0.011038 0.017511
v -0.014656 -0.010971 0.017101
v -0.014864 -0.010028 0.019000
v -0.014769 -0.010254 0.019157
v -0.014008 -0.011601 0.017319
v -0.013685 -0.011858 0.017487
v -0.014580 -0.010415 0.018955
v -0.014025 -0.011097 0.018244
v -0.013925 -0.011221 0.018244
v -0.013585 -0.012094 0.017319
v -0.015294 -0.010671 0.020110
v -0.014101 -0.011055 0.018955
v -0.014000 -0.011282 0.019157
v -0.013809 -0.011436 0.019000
v -0.013079 -0.012508 0.017511
v -0.013650 -0.011616 0.018978
v -0.013197 -0.012069 0.018244
v -0.013089 -0.012186 0.018244
v -0.013441 -0.011858 0.018978
v -0.012624 -0.012967 0.017511
v -0.012945 -0.012945 0.017101
v -0.014493 -0.011735 0.020110
v -0.013285 -0.012041 0.019000
v -0.013159 -0.012252 0.019157
v -0.012215 -0.013477 0.017319
v -0.011858 -0.013685 0.017487
v -0.012950 -0.012384 0.018955
v -0.012303 -0.012980 0.018244
v -0.012186 -0.013089 0.018244
v -0.011726 -0.013904 0.017319
v -0.012542 -0.012813 0.019000
v -0.012374 -0.012984 0.019023
v -0.012252 -0.013159 0.019157
v -0.012041 -0.013285 0.019000
v -0.011166 -0.014242 0.017511
v -0.011858 -0.013441 0.018978
v -0.011345 -0.013824 0.018244
v -0.011221 -0.013925 0.018244
v -0.011616 -0.013650 0.018978
v -0.012784 -0.013577 0.020110
v -0.010650 -0.014631 0.017511
v -0.010971 -0.014656 0.017101
v -0.011436 -0.013809 0.019000
v -0.011282 -0.014000 0.019157
v -0.010172 -0.015078 0.017319
v -0.009790 -0.015233 0.017487
v -0.011055 -0.014101 0.018955
v -0.010330 -0.014598 0.018244
v -0.010199 -0.014690 0.018244
v -0.009628 -0.015431 0.017319
v -0.011679 -0.014539 0.020110
v -0.010415 -0.014580 0.018955
v -0.010254 -0.014769 0.019157
v -0.010028 -0.014864 0.019000
v -0.009025 -0.015686 0.017511
v -0.009825 -0.014992 0.018978
v -0.009262 -0.015298 0.018244
v -0.009125 -0.015380 0.018244
v -0.009556 -0.015165 0.018978
v -0.010612 -0.015335 0.020110
v -0.008460 -0.015998 0.017511
v -0.008774 -0.016068 0.017101
v -0.009355 -0.015296 0.019000
v -0.009175 -0.015463 0.019157
v 0.008577 -0.026734 0.001472
v -0.007923 -0.016372 0.017319
v -0.007522 -0.016471 0.017487
v -0.008936 -0.015531 0.018955
v -0.008147 -0.015920 0.018244
v 0.009526 -0.026411 0.001472
v -0.008005 -0.015992 0.018244
v -0.007334 -0.016644 0.017319
v -0.008425 -0.015827 0.019000
v -0.008216 -0.015944 0.019023
v -0.008048 -0.016078 0.019157
v -0.007810 -0.016139 0.019000
v -0.006701 -0.016811 0.017511
v -0.007591 -0.016237 0.018978
v -0.006991 -0.016461 0.018244
v -0.006844 -0.016522 0.018244
v -0.007300 -0.016370 0.018978
v -0.008454 -0.016622 0.020110
v -0.006097 -0.017039 0.017511
v -0.006398 -0.017153 0.017101
v -0.007083 -0.016472 0.019000
v -0.006881 -0.016611 0.019157
v -0.005512 -0.017333 0.017319
v -0.005102 -0.017374 0.017487
v -0.006635 -0.016645 0.018955
v -0.005799 -0.016917 0.018244
v -0.005648 -0.016968 0.018244
v -0.004890 -0.017519 0.017319
v -0.007123 -0.017235 0.020110
v -0.005886 -0.016924 0.018955
v -0.005678 -0.017060 0.019157
v -0.005434 -0.017087 0.019000
v -0.004240 -0.017593 0.017511
v -0.005203 -0.017152 0.018978
v -0.004577 -0.017288 0.018244
v -0.004423 -0.017328 0.018244
v -0.004896 -0.017242 0.018978
v -0.005875 -0.017699 0.020110
v -0.003610 -0.017733 0.017511
v -0.003892 -0.017889 0.017101
v -0.004666 -0.017312 0.019000
v -0.004447 -0.017421 0.019157
v -0.002989 -0.017941 0.017319
v -0.002577 -0.017923 0.017487
v -0.004199 -0.017420 0.018955
v -0.003332 -0.017570 0.018244
v -0.003175 -0.017599 0.018244
v -0.002347 -0.018036 0.017319
v -0.003626 -0.017559 0.019000
v -0.003392 -0.017613 0.019023
v -0.003192 -0.017694 0.019157
v -0.002947 -0.017686 0.019000
v -0.001693 -0.018018 0.017511
v -0.002709 -0.017718 0.018978
v -0.002070 -0.017763 0.018244
v -0.001912 -0.017781 0.018244
v -0.002392 -0.017764 0.018978
v -0.003443 -0.018328 0.020110
v -0.001049 -0.018067 0.017511
v -0.001306 -0.018261 0.017101
v -0.002155 -0.017800 0.019000
v -0.001922 -0.017877 0.019157
v -0.000406 -0.018184 0.017319
v 0.000000 -0.018108 0.017487
v -0.001677 -0.017840 0.018955
v -0.000798 -0.017866 0.018244
v -0.000638 -0.017872 0.018244
v 0.000244 -0.018187 0.017319
v -0.001993 -0.018542 0.020110
v -0.000879 -0.017897 0.018955
v -0.000642 -0.017968 0.019157
v -0.000400 -0.017925 0.019000
v 0.000888 -0.018075 0.017511
v -0.000160 -0.017923 0.018978
v 0.000479 -0.017877 0.018244
v 0.000638 -0.017872 0.018244
v 0.000160 -0.017923 0.018978
v -0.000666 -0.018637 0.020110
v 0.001533 -0.018032 0.017511
v 0.001306 -0.018261 0.017101
v 0.000400 -0.017925 0.019000
v 0.000642 -0.017968 0.019157
v 0.002186 -0.018057 0.017319
v 0.002577 -0.017923 0.017487
v 0.000851 -0.017916 0.019023
v 0.001090 -0.017897 0.019000
v 0.001753 -0.017797 0.018244
v 0.001912 -0.017781 0.018244
v 0.002829 -0.017967 0.017319
v 0.001677 -0.017840 0.018955
v 0.001922 -0.017877 0.019157
v 0.000800 -0.018631 0.020110
v 0.002155 -0.017800 0.019000
v 0.003451 -0.017765 0.017511
v 0.002392 -0.017764 0.018978
v 0.003018 -0.017627 0.018244
v 0.003175 -0.017599 0.018244
v 0.002709 -0.017718 0.018978
v 0.004083 -0.017630 0.017511
v 0.003892 -0.017889 0.017101
v 0.002947 -0.017686 0.019000
v 0.003192 -0.017694 0.019157
v 0.004734 -0.017562 0.017319
v 0.005102 -0.017374 0.017487
v 0.003417 -0.017590 0.018955
v 0.004268 -0.017367 0.018244
v 0.004423 -0.017328 0.018244
v 0.005357 -0.017381 0.017319
v 0.003297 -0.018355 0.020110
v 0.004199 -0.017420 0.018955
v 0.004447 -0.017421 0.019157
v 0.004666 -0.017312 0.019000
v 0.005944 -0.017093 0.017511
v 0.004896 -0.017242 0.018978
v 0.005496 -0.017018 0.018244
v 0.005648 -0.016968 0.018244
v 0.005203 -0.017152 0.018978
v 0.004598 -0.018073 0.020110
v 0.006551 -0.016870 0.017511
v 0.006398 -0.017153 0.017101
v 0.005434 -0.017087 0.019000
v 0.005678 -0.017060 0.019157
v 0.007185 -0.016709 0.017319
v 0.007522 -0.016471 0.017487
v 0.005863 -0.016951 0.019023
v 0.006087 -0.016865 0.019000
v 0.006696 -0.016583 0.018244
v 0.006844 -0.016522 0.018244
v 0.007777 -0.016442 0.017319
v 0.006635 -0.016645 0.018955
v 0.006881 -0.016611 0.019157
v 0.006003 -0.017656 0.020110
v 0.007083 -0.016472 0.019000
v 0.008316 -0.016073 0.017511
v 0.007300 -0.016370 0.018978
v 0.007862 -0.016063 0.018244
v 0.008005 -0.015992 0.018244
v 0.007591 -0.016237 0.018978
v 0.008885 -0.015766 0.017511
v 0.008774 -0.016068 0.017101
v 0.007810 -0.016139 0.019000
v 0.008048 -0.016078 0.019157
v 0.009490 -0.015517 0.017319
v 0.009790 -0.015233 0.017487
v 0.008234 -0.015914 0.018955
v 0.008988 -0.015461 0.018244
v 0.009125 -0.015380 0.018244
v 0.010037 -0.015168 0.017319
v 0.008322 -0.016689 0.020110
v 0.008936 -0.015531 0.018955
v 0.009175 -0.015463 0.019157
v 0.009349 -0.015286 0.018955
v 0.010519 -0.014726 0.017511
v 0.009555 -0.015165 0.018978
v 0.010068 -0.014780 0.018244
v 0.010199 -0.014690 0.018244
v 0.009825 -0.014992 0.018978
v 0.009491 -0.016053 0.020110
v 0.011038 -0.014341 0.017511
v 0.010971 -0.014656 0.017101
v 0.010028 -0.014864 0.019000
v 0.010254 -0.014769 0.019157
v 0.011601 -0.014008 0.017319
v 0.011858 -0.013685 0.017487
v 0.010400 -0.014613 0.019023
v 0.010591 -0.014468 0.019000
v 0.011097 -0.014025 0.018244
v 0.011221 -0.013925 0.018244
v 0.012094 -0.013585 0.017319
v 0.011055 -0.014101 0.018955
v 0.011282 -0.014000 0.019157
v 0.010722 -0.015258 0.020110
v 0.011436 -0.013809 0.019000
v 0.012508 -0.013079 0.017511
v 0.011616 -0.013650 0.018978
v 0.012069 -0.013197 0.018244
v 0.012186 -0.013089 0.018244
v 0.011858 -0.013441 0.018978
v 0.012041 -0.013285 0.019000
v 0.012252 -0.013159 0.019157
v 0.013079 -0.012508 0.017511
v 0.012384 -0.012950 0.018955
v 0.013089 -0.012186 0.018244
v 0.013904 -0.011726 0.017319
v 0.013585 -0.012094 0.017319
v 0.013685 -0.011858 0.017487
v 0.013197 -0.012069 0.018244
v 0.012676 -0.013678 0.020110
v 0.012950 -0.012384 0.018955
v 0.013159 -0.012252 0.019157
v 0.013285 -0.012041 0.019000
v 0.014242 -0.011166 0.017511
v 0.013441 -0.011858 0.018978
v 0.013824 -0.011345 0.018244
v 0.013925 -0.011221 0.018244
v 0.013650 -0.011616 0.018978
v 0.013619 -0.012739 0.020110
v 0.014631 -0.010650 0.017511
v 0.014656 -0.010971 0.017101
v 0.013809 -0.011436 0.019000
v 0.014000 -0.011282 0.019157
v 0.015078 -0.010172 0.017319
v 0.014095 -0.011092 0.019023
v 0.014237 -0.010899 0.019000
v 0.014598 -0.010330 0.018244
v 0.014690 -0.010199 0.018244
v 0.014580 -0.010415 0.018955
v 0.014769 -0.010254 0.019157
v 0.014578 -0.011630 0.020110
v 0.014864 -0.010028 0.019000
v 0.014992 -0.009825 0.018978
v 0.016169 -0.007624 0.018303
v 0.016099 -0.007747 0.018567
v 0.016218 -0.007522 0.018293
v 0.016182 -0.007755 0.019051
v 0.016252 -0.007633 0.019086
v 0.016375 -0.007223 0.018858
v 0.016417 -0.007481 0.019305
v 0.016533 -0.006865 0.018878
v 0.016762 -0.006259 0.018183
v 0.016575 -0.007209 0.019374
v 0.016680 -0.006480 0.018843
v 0.016754 -0.006278 0.018828
v 0.016704 -0.007014 0.019452
v 0.016739 -0.006254 0.018630
v 0.016795 -0.006107 0.018655
v 0.016871 -0.005984 0.018877
v 0.016793 -0.006769 0.019433
v 0.016790 -0.006310 0.019023
v 0.016883 -0.005847 0.018573
v 0.016958 -0.005661 0.018730
v 0.016978 -0.005998 0.019226
v 0.016972 -0.005870 0.019097
v 0.017031 -0.005722 0.019121
v 0.017226 -0.004775 0.018709
v 0.017346 -0.004407 0.018856
v 0.018163 -0.006677 0.020640
v 0.017309 -0.004427 0.018521
v 0.017311 -0.004790 0.019105
v 0.017335 -0.004702 0.019105
v 0.017348 -0.004285 0.018630
v 0.017417 -0.004078 0.018803
v 0.017370 -0.004537 0.019079
v 0.017386 -0.004121 0.018603
v 0.017442 -0.003881 0.018619
v 0.017442 -0.003901 0.018343
v 0.017450 -0.004413 0.019207
v 0.017476 -0.003730 0.018390
v 0.017518 -0.003533 0.018375
v 0.017469 -0.004039 0.019001
v 0.017474 -0.003837 0.018819
v 0.017584 -0.003845 0.019208
v 0.017717 -0.002634 0.018078
v 0.017648 -0.002817 0.018358
v 0.017738 -0.002501 0.018068
v 0.017754 -0.003452 0.019397
v 0.017657 -0.002859 0.018794
v 0.017790 -0.003290 0.019407
v 0.017757 -0.003198 0.019308
v 0.017676 -0.002726 0.018784
v 0.017720 -0.002312 0.018379
v 0.017790 -0.003035 0.019318
v 0.017776 -0.001984 0.018227
v 0.017751 -0.002411 0.018937
v 0.017890 -0.002800 0.019438
v 0.017766 -0.002277 0.018927
v 0.018233 -0.003271 0.019989
v 0.017484 0.003680 0.018588
v 0.017320 0.004450 0.018254
v 0.017512 0.004391 0.019333
v 0.017475 0.004506 0.019316
v 0.016496 0.006881 0.018686
v 0.016585 0.006866 0.019068
v 0.015076 0.009928 0.017619
v 0.014987 0.010063 0.017619
v 0.014818 0.010837 0.017016
v 0.014685 0.010342 0.017880
v 0.014846 0.009968 0.018762
v 0.014804 0.010036 0.018785
v 0.014945 0.010034 0.019213
v 0.014874 0.010124 0.019190
v 0.014574 0.010362 0.018762
v 0.014525 0.010425 0.018740
v 0.014031 0.011358 0.017619
v 0.014686 0.010425 0.019235
v 0.013826 0.011607 0.017619
v 0.014510 0.010611 0.019146
v 0.014608 0.010567 0.019279
v 0.014042 0.011081 0.018796
v 0.013510 0.011973 0.017619
v 0.013403 0.012093 0.017619
v 0.013800 0.011377 0.018785
v 0.014157 0.011156 0.019268
v 0.013747 0.011437 0.018762
v 0.013125 0.012836 0.017016
v 0.013912 0.011409 0.019190
v 0.013838 0.011513 0.019213
v 0.013064 0.012327 0.017880
v 0.013277 0.011979 0.018762
v 0.013225 0.012041 0.018785
v 0.013365 0.012059 0.019213
v 0.013274 0.012145 0.019190
v 0.012967 0.012321 0.018796
v 0.012271 0.013240 0.017619
v 0.013061 0.012422 0.019268
v 0.012033 0.013456 0.017619
v 0.012386 0.012894 0.018740
v 0.012330 0.012951 0.018762
v 0.012568 0.012852 0.019146
v 0.011669 0.013774 0.017619
v 0.011545 0.013877 0.017619
v 0.012412 0.013050 0.019235
v 0.012041 0.013225 0.018785
v 0.011979 0.013277 0.018762
v 0.011165 0.014573 0.017016
v 0.012139 0.013280 0.019190
v 0.012059 0.013365 0.019213
v 0.011176 0.014061 0.017880
v 0.011437 0.013747 0.018762
v 0.011377 0.013800 0.018785
v 0.011513 0.013838 0.019213
v 0.011420 0.013903 0.019190
v 0.011064 0.014048 0.018762
v 0.011000 0.014095 0.018740
v 0.010262 0.014851 0.017619
v 0.011156 0.014139 0.019235
v 0.009996 0.015032 0.017619
v 0.010932 0.014269 0.019146
v 0.011041 0.014253 0.019279
v 0.010352 0.014587 0.018796
v 0.009590 0.015294 0.017619
v 0.009453 0.015379 0.017619
v 0.010443 0.014691 0.019268
v 0.010036 0.014804 0.018785
v 0.009968 0.014846 0.018762
v 0.008977 0.016014 0.017016
v 0.010135 0.014866 0.019190
v 0.010034 0.014945 0.019213
v 0.009062 0.015508 0.017880
v 0.009364 0.015235 0.018762
v 0.009297 0.015279 0.018785
v 0.009426 0.015336 0.019213
v 0.009316 0.015393 0.019190
v 0.008953 0.015480 0.018762
v 0.008882 0.015517 0.018740
v 0.008044 0.016161 0.017619
v 0.009011 0.015594 0.019235
v 0.007755 0.016302 0.017619
v 0.008790 0.015680 0.019146
v 0.008653 0.015846 0.019335
v 0.008252 0.015861 0.018740
v 0.008182 0.015900 0.018762
v 0.008438 0.015872 0.019146
v 0.007315 0.016503 0.017619
v 0.007168 0.016568 0.017619
v 0.008235 0.016017 0.019235
v 0.007827 0.016082 0.018785
v 0.007754 0.016114 0.018762
v 0.006607 0.017128 0.017016
v 0.007907 0.016162 0.019190
v 0.007805 0.016221 0.019213
v 0.006762 0.016640 0.017880
v 0.007100 0.016412 0.018762
v 0.007028 0.016447 0.018785
v 0.007148 0.016521 0.019213
v 0.007042 0.016557 0.019190
v 0.006658 0.016596 0.018762
v 0.006583 0.016623 0.018740
v 0.005663 0.017141 0.017619
v 0.006723 0.016709 0.019235
v 0.005356 0.017239 0.017619
v 0.006469 0.016771 0.019146
v 0.006580 0.016786 0.019279
v 0.005823 0.016913 0.018796
v 0.004892 0.017376 0.017619
v 0.004737 0.017419 0.017619
v 0.005884 0.017037 0.019268
v 0.005459 0.017032 0.018785
v 0.005382 0.017053 0.018762
v 0.004102 0.017894 0.017016
v 0.005538 0.017119 0.019190
v 0.005417 0.017167 0.019213
v 0.004325 0.017433 0.017880
v 0.004692 0.017256 0.018762
v 0.004616 0.017279 0.018785
v 0.004724 0.017370 0.019213
v 0.004603 0.017394 0.019190
v 0.004229 0.017375 0.018762
v 0.004151 0.017391 0.018740
v 0.003166 0.017772 0.017619
v 0.004255 0.017500 0.019235
v 0.002848 0.017826 0.017619
v 0.004017 0.017521 0.019146
v 0.003838 0.017642 0.019335
v 0.003449 0.017544 0.018740
v 0.003371 0.017562 0.018762
v 0.003625 0.017606 0.019146
v 0.002370 0.017896 0.017619
v 0.002210 0.017916 0.017619
v 0.003391 0.017688 0.019235
v 0.002979 0.017636 0.018785
v 0.002900 0.017646 0.018762
v 0.001514 0.018296 0.017016
v 0.003034 0.017735 0.019190
v 0.002919 0.017763 0.019213
v 0.001800 0.017871 0.017880
v 0.002189 0.017748 0.018762
v 0.002110 0.017760 0.018785
v 0.002204 0.017866 0.019213
v 0.002093 0.017870 0.019190
v 0.001713 0.017800 0.018762
v 0.001633 0.017805 0.018740
v 0.000604 0.018042 0.017619
v 0.001745 0.017925 0.019235
v 0.000282 0.018050 0.017619
v 0.001482 0.017914 0.019146
v 0.001587 0.017959 0.019279
v 0.000823 0.017868 0.018796
v -0.000201 0.018051 0.017619
v -0.000362 0.018048 0.017619
v 0.000849 0.018004 0.019268
v 0.000439 0.017880 0.018785
v 0.000359 0.017879 0.018762
v -0.001105 0.018325 0.017016
v 0.000492 0.017986 0.019190
v 0.000361 0.017998 0.019213
v -0.000761 0.017945 0.017880
v -0.000359 0.017879 0.018762
v -0.000439 0.017880 0.018785
v -0.000361 0.017998 0.019213
v -0.000482 0.017986 0.019190
v -0.000838 0.017863 0.018762
v -0.000917 0.017856 0.018740
v -0.001970 0.017944 0.017619
v -0.000845 0.017990 0.019235
v -0.002290 0.017906 0.017619
v -0.001082 0.017943 0.019146
v -0.001288 0.018009 0.019335
v -0.001633 0.017805 0.018740
v -0.001713 0.017800 0.018762
v -0.001482 0.017914 0.019146
v -0.002768 0.017838 0.017619
v -0.002927 0.017813 0.017619
v -0.001727 0.017927 0.019235
v -0.002110 0.017760 0.018785
v -0.002189 0.017748 0.018762
v -0.003702 0.017981 0.017016
v -0.002084 0.017871 0.019190
v -0.002204 0.017866 0.019213
v -0.003307 0.017654 0.017880
v -0.002900 0.017646 0.018762
v -0.002979 0.017636 0.018785
v -0.002919 0.017763 0.019213
v -0.003368 0.017566 0.018789
v -0.004503 0.017481 0.017619
v -0.003456 0.017674 0.019231
v -0.004815 0.017398 0.017619
v -0.003548 0.017918 0.019684
v -0.004244 0.017376 0.018796
v -0.005279 0.017263 0.017619
v -0.005433 0.017215 0.017619
v -0.004255 0.017515 0.019268
v -0.004616 0.017279 0.018785
v -0.004692 0.017256 0.018762
v -0.003711 0.018437 0.020249
v -0.006223 0.017271 0.017016
v -0.004594 0.017396 0.019190
v -0.004724 0.017370 0.019213
v -0.005786 0.017004 0.017880
v -0.005382 0.017053 0.018762
v -0.005459 0.017032 0.018785
v -0.005417 0.017167 0.019213
v -0.005529 0.017122 0.019190
v -0.005836 0.016903 0.018762
v -0.005911 0.016874 0.018740
v -0.006945 0.016662 0.017619
v -0.005877 0.017024 0.019235
v -0.007242 0.016536 0.017619
v -0.006094 0.016911 0.019146
v -0.006310 0.016917 0.019335
v -0.006583 0.016623 0.018740
v -0.006658 0.016596 0.018762
v -0.006469 0.016771 0.019146
v -0.007682 0.016336 0.017619
v -0.007827 0.016267 0.017619
v -0.006706 0.016715 0.019235
v -0.007028 0.016447 0.018785
v -0.007100 0.016412 0.018762
v -0.008618 0.016210 0.017016
v -0.007033 0.016561 0.019190
v -0.007148 0.016521 0.019213
v -0.008147 0.016007 0.017880
v -0.007754 0.016114 0.018762
v -0.007827 0.016082 0.018785
v -0.007805 0.016221 0.019213
v -0.007919 0.016156 0.019190
v -0.008171 0.015912 0.018796
v -0.009246 0.015504 0.017619
v -0.008253 0.016024 0.019268
v -0.009521 0.015337 0.017619
v -0.008882 0.015517 0.018740
v -0.008953 0.015480 0.018762
v -0.008790 0.015680 0.019146
v -0.009928 0.015076 0.017619
v -0.008905 0.015677 0.019279
v -0.010063 0.014987 0.017619
v -0.009035 0.015580 0.019235
v -0.009297 0.015279 0.018785
v -0.009364 0.015235 0.018762
v -0.010837 0.014818 0.017016
v -0.009328 0.015386 0.019190
v -0.009426 0.015336 0.019213
v -0.010342 0.014685 0.017880
v -0.009968 0.014846 0.018762
v -0.010036 0.014804 0.018785
v -0.010034 0.014945 0.019213
v -0.010128 0.014871 0.019190
v -0.010362 0.014574 0.018762
v -0.010425 0.014525 0.018740
v -0.011358 0.014031 0.017619
v -0.010434 0.014680 0.019235
v -0.011607 0.013826 0.017619
v -0.010611 0.014510 0.019146
v -0.010820 0.014454 0.019335
v -0.011000 0.014095 0.018740
v -0.011065 0.014048 0.018762
v -0.010932 0.014269 0.019146
v -0.011973 0.013510 0.017619
v -0.012093 0.013403 0.017619
v -0.011141 0.014151 0.019235
v -0.011377 0.013800 0.018785
v -0.011437 0.013747 0.018762
v -0.012836 0.013125 0.017016
v -0.011413 0.013909 0.019190
v -0.011513 0.013838 0.019213
v -0.012327 0.013064 0.017880
v -0.011979 0.013277 0.018762
v -0.012041 0.013225 0.018785
v -0.012059 0.013365 0.019213
v -0.012149 0.013271 0.019190
v -0.012323 0.012965 0.018796
v -0.013240 0.012271 0.017619
v -0.012431 0.013052 0.019268
v -0.013456 0.012033 0.017619
v -0.012894 0.012386 0.018740
v -0.012951 0.012331 0.018762
v -0.012852 0.012568 0.019146
v -0.013774 0.011669 0.017619
v -0.012959 0.012535 0.019279
v -0.013877 0.011545 0.017619
v -0.013057 0.012405 0.019235
v -0.013225 0.012041 0.018785
v -0.013277 0.011979 0.018762
v -0.014573 0.011165 0.017016
v -0.013284 0.012135 0.019190
v -0.013365 0.012059 0.019213
v -0.014061 0.011176 0.017880
v -0.013747 0.011437 0.018762
v -0.013800 0.011377 0.018785
v -0.013838 0.011513 0.019213
v -0.013907 0.011416 0.019190
v -0.014048 0.011065 0.018762
v -0.014095 0.011000 0.018740
v -0.014851 0.010262 0.017619
v -0.014145 0.011148 0.019235
v -0.015032 0.009996 0.017619
v -0.014269 0.010932 0.019146
v -0.014454 0.010820 0.019335
v -0.014525 0.010425 0.018740
v -0.014574 0.010362 0.018762
v -0.014510 0.010611 0.019146
v -0.015294 0.009590 0.017619
v -0.015379 0.009453 0.017619
v -0.014675 0.010440 0.019235
v -0.014804 0.010036 0.018785
v -0.014846 0.009968 0.018762
v -0.016014 0.008977 0.017016
v -0.014869 0.010131 0.019190
v -0.014945 0.010034 0.019213
v -0.015508 0.009062 0.017880
v -0.015235 0.009364 0.018762
v -0.015279 0.009297 0.018785
v -0.015336 0.009426 0.019213
v -0.015395 0.009312 0.019190
v -0.015476 0.008969 0.018796
v -0.016161 0.008044 0.017619
v -0.015603 0.009024 0.019268
v -0.016302 0.007755 0.017619
v -0.015861 0.008252 0.018740
v -0.015900 0.008182 0.018762
v -0.015872 0.008438 0.019146
v -0.016503 0.007315 0.017619
v -0.015965 0.008378 0.019279
v -0.016568 0.007168 0.017619
v -0.016022 0.008226 0.019235
v -0.016082 0.007827 0.018785
v -0.016114 0.007754 0.018762
v -0.017128 0.006607 0.017016
v -0.016164 0.007902 0.019190
v -0.016221 0.007805 0.019213
v -0.016640 0.006762 0.017880
v -0.016412 0.007100 0.018762
v -0.016447 0.007028 0.018785
v -0.016521 0.007148 0.019213
v -0.016559 0.007037 0.019190
v -0.016596 0.006658 0.018762
v -0.016623 0.006583 0.018740
v -0.017141 0.005663 0.017619
v -0.016712 0.006713 0.019235
v -0.017239 0.005356 0.017619
v -0.016771 0.006469 0.019146
v -0.016917 0.006310 0.019335
v -0.016874 0.005911 0.018740
v -0.016903 0.005836 0.018762
v -0.016911 0.006094 0.019146
v -0.017376 0.004892 0.017619
v -0.017419 0.004737 0.017619
v -0.017022 0.005885 0.019235
v -0.017032 0.005459 0.018785
v -0.017053 0.005382 0.018762
v -0.017894 0.004102 0.017016
v -0.017120 0.005533 0.019190
v -0.017167 0.005417 0.019213
v -0.017433 0.004325 0.017880
v -0.017256 0.004692 0.018762
v -0.017279 0.004616 0.018785
v -0.017370 0.004724 0.019213
v -0.017395 0.004598 0.019190
v -0.017376 0.004246 0.018796
v -0.017772 0.003166 0.017619
v -0.017513 0.004265 0.019268
v -0.017826 0.002848 0.017619
v -0.017544 0.003449 0.018740
v -0.017562 0.003371 0.018762
v -0.017606 0.003625 0.019146
v -0.017896 0.002370 0.017619
v -0.017678 0.003543 0.019279
v -0.017916 0.002210 0.017619
v -0.017690 0.003382 0.019235
v -0.017636 0.002979 0.018785
v -0.017646 0.002900 0.018762
v -0.018296 0.001514 0.017016
v -0.017735 0.003030 0.019190
v -0.017763 0.002919 0.019213
v -0.017871 0.001800 0.017880
v -0.017748 0.002189 0.018762
v -0.017760 0.002110 0.018785
v -0.017866 0.002204 0.019213
v -0.017871 0.002088 0.019190
v -0.017800 0.001713 0.018762
v -0.017805 0.001633 0.018740
v -0.018042 0.000604 0.017619
v -0.017926 0.001735 0.019235
v -0.018050 0.000282 0.017619
v -0.017914 0.001482 0.019146
v -0.017868 0.000820 0.018796
v -0.018051 -0.000201 0.017619
v -0.018048 -0.000362 0.017619
v -0.017880 0.000439 0.018785
v -0.018005 0.000837 0.019268
v -0.017879 0.000359 0.018762
v -0.018325 -0.001105 0.017016
v -0.017986 0.000487 0.019190
v -0.017997 0.000361 0.019213
v -0.017945 -0.000761 0.017880
v -0.017879 -0.000359 0.018762
v -0.017880 -0.000439 0.018785
v -0.017997 -0.000361 0.019213
v -0.017986 -0.000488 0.019190
v -0.017868 -0.000821 0.018796
v -0.017944 -0.001970 0.017619
v -0.018005 -0.000839 0.019268
v -0.017906 -0.002290 0.017619
v -0.017805 -0.001633 0.018740
v -0.017800 -0.001713 0.018762
v -0.017914 -0.001482 0.019146
v -0.017838 -0.002768 0.017619
v -0.017960 -0.001579 0.019279
v -0.017813 -0.002927 0.017619
v -0.017926 -0.001737 0.019235
v -0.017760 -0.002110 0.018785
v -0.017748 -0.002189 0.018762
v -0.017981 -0.003702 0.017016
v -0.017871 -0.002089 0.019190
v -0.017866 -0.002204 0.019213
v -0.017654 -0.003307 0.017880
v -0.017646 -0.002900 0.018762
v -0.017636 -0.002979 0.018785
v -0.017763 -0.002919 0.019213
v -0.017735 -0.003030 0.019190
v -0.017562 -0.003371 0.018762
v -0.017544 -0.003449 0.018740
v -0.017481 -0.004503 0.017619
v -0.017690 -0.003383 0.019235
v -0.017398 -0.004815 0.017619
v -0.017606 -0.003625 0.019146
v -0.017677 -0.003545 0.019279
v -0.017376 -0.004246 0.018796
v -0.017263 -0.005279 0.017619
v -0.017215 -0.005433 0.017619
v -0.017279 -0.004616 0.018785
v -0.017512 -0.004267 0.019268
v -0.017256 -0.004692 0.018762
v -0.017271 -0.006223 0.017016
v -0.017395 -0.004599 0.019190
v -0.017370 -0.004724 0.019213
v -0.017004 -0.005786 0.017880
v -0.017053 -0.005382 0.018762
v -0.017032 -0.005459 0.018785
v -0.017167 -0.005417 0.019213
v -0.017120 -0.005534 0.019190
v -0.016913 -0.005821 0.018796
v -0.016662 -0.006945 0.017619
v -0.017040 -0.005875 0.019268
v -0.016536 -0.007242 0.017619
v -0.016623 -0.006583 0.018740
v -0.016596 -0.006658 0.018762
v -0.016771 -0.006469 0.019146
v -0.016336 -0.007682 0.017619
v -0.016267 -0.007827 0.017619
v -0.016712 -0.006715 0.019235
v -0.016447 -0.007028 0.018785
v -0.016412 -0.007100 0.018762
v -0.016210 -0.008618 0.017016
v -0.016559 -0.007038 0.019190
v -0.016521 -0.007148 0.019213
v -0.016007 -0.008147 0.017880
v -0.016114 -0.007754 0.018762
v -0.016082 -0.007827 0.018785
v -0.016221 -0.007805 0.019213
v -0.016164 -0.007903 0.019190
v -0.015900 -0.008182 0.018762
v -0.015861 -0.008252 0.018740
v -0.015504 -0.009246 0.017619
v -0.016021 -0.008228 0.019235
v -0.015337 -0.009521 0.017619
v -0.015872 -0.008438 0.019146
v -0.015964 -0.008379 0.019279
v -0.015476 -0.008969 0.018796
v -0.015076 -0.009928 0.017619
v -0.014987 -0.010063 0.017619
v -0.015602 -0.009025 0.019268
v -0.015279 -0.009297 0.018785
v -0.015235 -0.009364 0.018762
v -0.014818 -0.010837 0.017016
v -0.015395 -0.009312 0.019190
v -0.015336 -0.009426 0.019213
v -0.014685 -0.010342 0.017880
v -0.014846 -0.009968 0.018762
v -0.014804 -0.010036 0.018785
v -0.014945 -0.010034 0.019213
v -0.014868 -0.010132 0.019190
v -0.014574 -0.010362 0.018762
v -0.014525 -0.010425 0.018740
v -0.014031 -0.011358 0.017619
v -0.014674 -0.010442 0.019235
v -0.013826 -0.011607 0.017619
v -0.014510 -0.010611 0.019146
v -0.014454 -0.010820 0.019335
v -0.014095 -0.011000 0.018740
v -0.014048 -0.011065 0.018762
v -0.014269 -0.010932 0.019146
v -0.013510 -0.011973 0.017619
v -0.013403 -0.012093 0.017619
v -0.014144 -0.011149 0.019235
v -0.013800 -0.011377 0.018785
v -0.013747 -0.011437 0.018762
v -0.013125 -0.012836 0.017016
v -0.013906 -0.011417 0.019190
v -0.013838 -0.011513 0.019213
v -0.013064 -0.012327 0.017880
v -0.013277 -0.011979 0.018762
v -0.013225 -0.012041 0.018785
v -0.013365 -0.012059 0.019213
v -0.013283 -0.012136 0.019190
v -0.012951 -0.012331 0.018762
v -0.012894 -0.012386 0.018740
v -0.012271 -0.013240 0.017619
v -0.013056 -0.012406 0.019235
v -0.012033 -0.013456 0.017619
v -0.012852 -0.012568 0.019146
v -0.012958 -0.012536 0.019279
v -0.012322 -0.012966 0.018796
v -0.011669 -0.013774 0.017619
v -0.011545 -0.013877 0.017619
v -0.012429 -0.013053 0.019268
v -0.012041 -0.013225 0.018785
v -0.011979 -0.013277 0.018762
v -0.011165 -0.014573 0.017016
v -0.012149 -0.013272 0.019190
v -0.012059 -0.013365 0.019213
v -0.011176 -0.014061 0.017880
v -0.011437 -0.013747 0.018762
v -0.011377 -0.013800 0.018785
v -0.011513 -0.013838 0.019213
v -0.011412 -0.013910 0.019190
v -0.011065 -0.014048 0.018762
v -0.011000 -0.014095 0.018740
v -0.010262 -0.014851 0.017619
v -0.011140 -0.014152 0.019235
v -0.009996 -0.015032 0.017619
v -0.010932 -0.014269 0.019146
v -0.010820 -0.014454 0.019335
v -0.010425 -0.014525 0.018740
v -0.010362 -0.014574 0.018762
v -0.010611 -0.014510 0.019146
v -0.009590 -0.015294 0.017619
v -0.009453 -0.015379 0.017619
v -0.010432 -0.014681 0.019235
v -0.010036 -0.014804 0.018785
v -0.009968 -0.014846 0.018762
v -0.008977 -0.016014 0.017016
v -0.010127 -0.014872 0.019190
v -0.010034 -0.014945 0.019213
v -0.009062 -0.015508 0.017880
v -0.009364 -0.015235 0.018762
v -0.009297 -0.015279 0.018785
v -0.009426 -0.015336 0.019213
v -0.009327 -0.015386 0.019190
v -0.008953 -0.015480 0.018762
v -0.008882 -0.015517 0.018740
v -0.008044 -0.016161 0.017619
v -0.009033 -0.015581 0.019235
v -0.007755 -0.016302 0.017619
v -0.008790 -0.015680 0.019146
v -0.008903 -0.015678 0.019279
v 0.008818 -0.026692 0.001877
v -0.008171 -0.015912 0.018796
v -0.007315 -0.016503 0.017619
v -0.007168 -0.016568 0.017619
v -0.008251 -0.016025 0.019268
v -0.007827 -0.016082 0.018785
v -0.007754 -0.016114 0.018762
v -0.006607 -0.017128 0.017016
v -0.007918 -0.016156 0.019190
v -0.007805 -0.016221 0.019213
v -0.006762 -0.016640 0.017880
v -0.007100 -0.016412 0.018762
v -0.007028 -0.016447 0.018785
v -0.007148 -0.016521 0.019213
v -0.007032 -0.016561 0.019190
v -0.006658 -0.016596 0.018762
v -0.006583 -0.016623 0.018740
v -0.005663 -0.017141 0.017619
v -0.006704 -0.016716 0.019235
v -0.005356 -0.017239 0.017619
v -0.006469 -0.016771 0.019146
v -0.006310 -0.016917 0.019335
v -0.005911 -0.016874 0.018740
v -0.005836 -0.016903 0.018762
v -0.006094 -0.016911 0.019146
v -0.004892 -0.017376 0.017619
v -0.004737 -0.017419 0.017619
v -0.005876 -0.017025 0.019235
v -0.005459 -0.017032 0.018785
v -0.005382 -0.017053 0.018762
v -0.004102 -0.017894 0.017016
v -0.005528 -0.017122 0.019190
v -0.005417 -0.017167 0.019213
v -0.004325 -0.017433 0.017880
v -0.004692 -0.017256 0.018762
v -0.004616 -0.017279 0.018785
v -0.004724 -0.017370 0.019213
v -0.004615 -0.017390 0.019190
v -0.004229 -0.017375 0.018762
v -0.004151 -0.017391 0.018740
v -0.003166 -0.017772 0.017619
v -0.004280 -0.017494 0.019235
v -0.002848 -0.017826 0.017619
v -0.004017 -0.017521 0.019146
v -0.004128 -0.017550 0.019279
v -0.003358 -0.017569 0.018796
v -0.002370 -0.017896 0.017619
v -0.002210 -0.017916 0.017619
v -0.003405 -0.017700 0.019268
v -0.002979 -0.017636 0.018785
v -0.002900 -0.017646 0.018762
v -0.001514 -0.018296 0.017016
v -0.003047 -0.017732 0.019190
v -0.002919 -0.017763 0.019213
v -0.001800 -0.017871 0.017880
v -0.002189 -0.017748 0.018762
v -0.002110 -0.017760 0.018785
v -0.002204 -0.017866 0.019213
v -0.002083 -0.017871 0.019190
v -0.001713 -0.017800 0.018762
v -0.001633 -0.017805 0.018740
v -0.000604 -0.018042 0.017619
v -0.001725 -0.017927 0.019235
v -0.000282 -0.018050 0.017619
v -0.001482 -0.017914 0.019146
v -0.001288 -0.018009 0.019335
v -0.000917 -0.017856 0.018740
v -0.000838 -0.017863 0.018762
v -0.001082 -0.017943 0.019146
v 0.000201 -0.018051 0.017619
v 0.000363 -0.018048 0.017619
v -0.000844 -0.017990 0.019235
v -0.000439 -0.017880 0.018785
v -0.000359 -0.017879 0.018762
v 0.001105 -0.018325 0.017016
v -0.000482 -0.017986 0.019190
v -0.000361 -0.017998 0.019213
v 0.000761 -0.017945 0.017880
v 0.000359 -0.017879 0.018762
v 0.000439 -0.017880 0.018785
v 0.000361 -0.017998 0.019213
v 0.000493 -0.017986 0.019190
v 0.000823 -0.017868 0.018796
v 0.001970 -0.017944 0.017619
v 0.000851 -0.018004 0.019268
v 0.002290 -0.017906 0.017619
v 0.001633 -0.017805 0.018740
v 0.001713 -0.017800 0.018762
v 0.001482 -0.017914 0.019146
v 0.002768 -0.017838 0.017619
v 0.001589 -0.017959 0.019279
v 0.002927 -0.017813 0.017619
v 0.001747 -0.017925 0.019235
v 0.002110 -0.017760 0.018785
v 0.002189 -0.017748 0.018762
v 0.003702 -0.017981 0.017016
v 0.002094 -0.017870 0.019190
v 0.002204 -0.017866 0.019213
v 0.003307 -0.017654 0.017880
v 0.002900 -0.017646 0.018762
v 0.002979 -0.017636 0.018785
v 0.002919 -0.017763 0.019213
v 0.003035 -0.017734 0.019190
v 0.003371 -0.017562 0.018762
v 0.003449 -0.017544 0.018740
v 0.004503 -0.017481 0.017619
v 0.003393 -0.017688 0.019235
v 0.004815 -0.017398 0.017619
v 0.003625 -0.017606 0.019146
v 0.003838 -0.017642 0.019335
v 0.004151 -0.017391 0.018740
v 0.004229 -0.017375 0.018762
v 0.004017 -0.017521 0.019146
v 0.005279 -0.017263 0.017619
v 0.005433 -0.017215 0.017619
v 0.004257 -0.017500 0.019235
v 0.004616 -0.017279 0.018785
v 0.004692 -0.017256 0.018762
v 0.006223 -0.017271 0.017016
v 0.004604 -0.017393 0.019190
v 0.004724 -0.017370 0.019213
v 0.005786 -0.017004 0.017880
v 0.005382 -0.017053 0.018762
v 0.005459 -0.017032 0.018785
v 0.005417 -0.017167 0.019213
v 0.005539 -0.017119 0.019190
v 0.005823 -0.016913 0.018796
v 0.006945 -0.016662 0.017619
v 0.005886 -0.017036 0.019268
v 0.007242 -0.016536 0.017619
v 0.006583 -0.016623 0.018740
v 0.006658 -0.016596 0.018762
v 0.006469 -0.016771 0.019146
v 0.007682 -0.016336 0.017619
v 0.006582 -0.016785 0.019279
v 0.007827 -0.016267 0.017619
v 0.006724 -0.016708 0.019235
v 0.007028 -0.016447 0.018785
v 0.007100 -0.016412 0.018762
v 0.008618 -0.016210 0.017016
v 0.007042 -0.016557 0.019190
v 0.007148 -0.016521 0.019213
v 0.008147 -0.016007 0.017880
v 0.007754 -0.016114 0.018762
v 0.007827 -0.016082 0.018785
v 0.007805 -0.016221 0.019213
v 0.007908 -0.016161 0.019190
v 0.008182 -0.015900 0.018762
v 0.008252 -0.015861 0.018740
v 0.009246 -0.015504 0.017619
v 0.008237 -0.016016 0.019235
v 0.009521 -0.015337 0.017619
v 0.008438 -0.015872 0.019146
v 0.008653 -0.015846 0.019335
v 0.008882 -0.015517 0.018740
v 0.008953 -0.015480 0.018762
v 0.008790 -0.015680 0.019146
v 0.009928 -0.015076 0.017619
v 0.010063 -0.014987 0.017619
v 0.009013 -0.015593 0.019235
v 0.009296 -0.015276 0.018762
v 0.009362 -0.015232 0.018740
v 0.010837 -0.014818 0.017016
v 0.009312 -0.015385 0.019168
v 0.009421 -0.015328 0.019190
v 0.010342 -0.014685 0.017880
v 0.009968 -0.014846 0.018762
v 0.010036 -0.014804 0.018785
v 0.010034 -0.014945 0.019213
v 0.010136 -0.014866 0.019190
v 0.010352 -0.014587 0.018796
v 0.011358 -0.014031 0.017619
v 0.010445 -0.014689 0.019268
v 0.011607 -0.013826 0.017619
v 0.011000 -0.014095 0.018740
v 0.011064 -0.014048 0.018762
v 0.010932 -0.014269 0.019146
v 0.011973 -0.013510 0.017619
v 0.011042 -0.014252 0.019279
v 0.012093 -0.013403 0.017619
v 0.011157 -0.014138 0.019235
v 0.011377 -0.013800 0.018785
v 0.011437 -0.013747 0.018762
v 0.012836 -0.013125 0.017016
v 0.012945 -0.012945 0.017101
v 0.011421 -0.013903 0.019190
v 0.011513 -0.013838 0.019213
v 0.012327 -0.013064 0.017880
v 0.013125 -0.012836 0.017016
v 0.011979 -0.013277 0.018762
v 0.012041 -0.013225 0.018785
v 0.012059 -0.013365 0.019213
v 0.012140 -0.013280 0.019190
v 0.012330 -0.012951 0.018762
v 0.012386 -0.012894 0.018740
v 0.013064 -0.012327 0.017880
v 0.012414 -0.013049 0.019235
v 0.013403 -0.012093 0.017619
v 0.012568 -0.012852 0.019146
v 0.012767 -0.012767 0.019335
v 0.013510 -0.011973 0.017619
v 0.012894 -0.012386 0.018740
v 0.012951 -0.012331 0.018762
v 0.012852 -0.012568 0.019146
v 0.013774 -0.011669 0.017619
v 0.013877 -0.011545 0.017619
v 0.013039 -0.012424 0.019235
v 0.013225 -0.012041 0.018785
v 0.013277 -0.011979 0.018762
v 0.014573 -0.011165 0.017016
v 0.013275 -0.012145 0.019190
v 0.013365 -0.012059 0.019213
v 0.014061 -0.011176 0.017880
v 0.013747 -0.011437 0.018762
v 0.013800 -0.011377 0.018785
v 0.013838 -0.011513 0.019213
v 0.013913 -0.011409 0.019190
v 0.014042 -0.011080 0.018796
v 0.014851 -0.010262 0.017619
v 0.014159 -0.011154 0.019268
v 0.015032 -0.009996 0.017619
v 0.014525 -0.010425 0.018740
v 0.014574 -0.010362 0.018762
v 0.014510 -0.010611 0.019146
v 0.014609 -0.010566 0.019279
v 0.014687 -0.010424 0.019235
v 0.014804 -0.010036 0.018785
v 0.014846 -0.009968 0.018762
v 0.014874 -0.010123 0.019190
v 0.014945 -0.010034 0.019213
v 0.016504 -0.006863 0.018686
v 0.016592 -0.006847 0.019068
v 0.017489 -0.003661 0.018614
v 0.016630 0.006945 0.019261
v 0.014450 0.010593 0.018949
v 0.013961 0.011276 0.017933
v 0.012214 0.013149 0.017933
v 0.012541 0.012796 0.018949
v 0.012645 0.012914 0.019373
v 0.010881 0.014235 0.018949
v 0.010219 0.014753 0.017933
v 0.008744 0.015638 0.018949
v 0.008015 0.016057 0.017933
v 0.008815 0.015778 0.019373
v 0.008428 0.015811 0.018949
v 0.008497 0.015952 0.019373
v 0.006430 0.016724 0.018949
v 0.005648 0.017034 0.017933
v 0.003984 0.017468 0.018949
v 0.003167 0.017665 0.017933
v 0.004015 0.017622 0.019373
v 0.003633 0.017545 0.018949
v 0.003660 0.017699 0.019373
v 0.001458 0.017858 0.018949
v 0.000621 0.017936 0.017933
v -0.001099 0.017883 0.018949
v -0.001938 0.017841 0.017933
v -0.001110 0.018040 0.019373
v -0.001458 0.017858 0.018949
v -0.001472 0.018014 0.019373
v -0.004458 0.017384 0.017933
v -0.006092 0.016849 0.018949
v -0.006886 0.016573 0.017933
v -0.006145 0.016997 0.019373
v -0.006430 0.016724 0.018949
v -0.006485 0.016870 0.019373
v -0.009175 0.015424 0.017933
v -0.008744 0.015638 0.018949
v -0.010593 0.014450 0.018949
v -0.011276 0.013961 0.017933
v -0.010683 0.014579 0.019373
v -0.010881 0.014235 0.018949
v -0.010974 0.014361 0.019373
v -0.013149 0.012214 0.017933
v -0.012796 0.012541 0.018949
v -0.014235 0.010881 0.018949
v -0.014753 0.010219 0.017933
v -0.014356 0.010980 0.019373
v -0.014450 0.010593 0.018949
v -0.014574 0.010690 0.019373
v -0.016057 0.008015 0.017933
v -0.015811 0.008428 0.018949
v -0.016724 0.006430 0.018949
v -0.017034 0.005648 0.017933
v -0.016867 0.006493 0.019373
v -0.016849 0.006092 0.018949
v -0.016994 0.006153 0.019373
v -0.017665 0.003167 0.017933
v -0.017545 0.003633 0.018949
v -0.017858 0.001458 0.018949
v -0.017936 0.000621 0.017933
v -0.018013 0.001480 0.019373
v -0.017841 -0.001938 0.017933
v -0.017858 -0.001458 0.018949
v -0.017545 -0.003633 0.018949
v -0.017384 -0.004458 0.017933
v -0.016573 -0.006886 0.017933
v -0.016724 -0.006430 0.018949
v -0.016867 -0.006495 0.019373
v -0.015811 -0.008428 0.018949
v -0.015424 -0.009175 0.017933
v -0.014450 -0.010593 0.018949
v -0.013961 -0.011276 0.017933
v -0.014573 -0.010691 0.019373
v -0.014235 -0.010881 0.018949
v -0.014355 -0.010982 0.019373
v -0.012796 -0.012541 0.018949
v -0.012214 -0.013149 0.017933
v -0.010881 -0.014235 0.018949
v -0.010219 -0.014753 0.017933
v -0.010972 -0.014362 0.019373
v -0.010593 -0.014450 0.018949
v -0.010682 -0.014580 0.019373
v -0.008744 -0.015638 0.018949
v -0.008015 -0.016057 0.017933
v -0.006430 -0.016724 0.018949
v -0.005648 -0.017034 0.017933
v -0.006484 -0.016871 0.019373
v -0.006092 -0.016849 0.018949
v -0.006144 -0.016998 0.019373
v -0.003984 -0.017468 0.018949
v -0.003167 -0.017665 0.017933
v -0.001458 -0.017858 0.018949
v -0.000621 -0.017936 0.017933
v -0.001470 -0.018014 0.019373
v -0.001099 -0.017883 0.018949
v -0.001108 -0.018040 0.019373
v 0.001938 -0.017841 0.017933
v 0.001458 -0.017858 0.018949
v 0.003633 -0.017545 0.018949
v 0.004458 -0.017384 0.017933
v 0.003662 -0.017699 0.019373
v 0.003984 -0.017468 0.018949
v 0.004017 -0.017622 0.019373
v 0.006886 -0.016573 0.017933
v 0.006430 -0.016724 0.018949
v 0.008428 -0.015811 0.018949
v 0.009175 -0.015424 0.017933
v 0.008498 -0.015952 0.019373
v 0.008744 -0.015638 0.018949
v 0.008817 -0.015778 0.019373
v 0.011276 -0.013961 0.017933
v 0.010881 -0.014235 0.018949
v 0.012541 -0.012796 0.018949
v 0.012646 -0.012913 0.019373
v 0.012796 -0.012541 0.018949
v 0.012903 -0.012656 0.019373
v 0.014753 -0.010219 0.017933
v 0.014450 -0.010593 0.018949
v 0.016637 -0.006926 0.019261
v 0.016520 0.007029 0.019080
v 0.016528 -0.007011 0.019080
v 0.028378 0.002445 0.000000
v 0.028256 0.002482 0.000000
v 0.028132 0.002513 0.000000
v 0.028006 0.002537 0.000000
v 0.027880 0.002556 0.000000
v 0.027752 0.002568 0.000000
v 0.027625 0.002574 0.000000
v 0.027497 0.002573 0.000000
v 0.027369 0.002566 0.000000
v 0.027242 0.002552 0.000000
v 0.027115 0.002533 0.000000
v 0.026990 0.002507 0.000000
v 0.026866 0.002475 0.000000
v 0.026744 0.002437 0.000000
v 0.026624 0.002392 0.000000
v 0.026506 0.002342 0.000000
v 0.026391 0.002286 0.000000
v 0.026279 0.002225 0.000000
v 0.026170 0.002158 0.000000
v 0.026065 0.002085 0.000000
v 0.025963 0.002008 0.000000
v 0.025865 0.001925 0.000000
v 0.025772 0.001838 0.000000
v 0.025683 0.001746 0.000000
v 0.025598 0.001650 0.000000
v 0.025519 0.001550 0.000000
v 0.025444 0.001446 0.000000
v 0.025375 0.001338 0.000000
v 0.025311 0.001227 0.000000
v 0.025253 0.001113 0.000000
v 0.025201 0.000997 0.000000
v 0.025154 0.000878 0.000000
v 0.025114 0.000756 0.000000
v 0.025079 0.000633 0.000000
v 0.025051 0.000508 0.000000
v 0.025029 0.000382 0.000000
v 0.025013 0.000255 0.000000
v 0.025003 0.000128 0.000000
v 0.025000 0.000000 0.000000
v 0.025003 -0.000128 0.000000
v 0.025013 -0.000255 0.000000
v 0.025029 -0.000382 0.000000
v 0.025051 -0.000508 0.000000
v 0.025079 -0.000633 0.000000
v 0.025114 -0.000756 0.000000
v 0.025154 -0.000878 0.000000
v 0.025201 -0.000997 0.000000
v 0.025253 -0.001113 0.000000
v 0.025311 -0.001227 0.000000
v 0.025375 -0.001338 0.000000
v 0.025444 -0.001446 0.000000
v 0.025519 -0.001550 0.000000
v 0.025598 -0.001650 0.000000
v 0.025683 -0.001746 0.000000
v 0.025772 -0.001838 0.000000
v 0.025865 -0.001925 0.000000
v 0.025963 -0.002008 0.000000
v 0.026065 -0.002085 0.000000
v 0.026170 -0.002158 0.000000
v 0.026279 -0.002225 0.000000
v 0.026391 -0.002286 0.000000
v 0.026506 -0.002342 0.000000
v 0.026624 -0.002392 0.000000
v 0.026744 -0.002437 0.000000
v 0.026866 -0.002475 0.000000
v 0.026990 -0.002507 0.000000
v 0.027115 -0.002533 0.000000
v 0.027242 -0.002552 0.000000
v 0.027369 -0.002566 0.000000
v 0.027497 -0.002573 0.000000
v 0.027625 -0.002574 0.000000
v 0.027752 -0.002568 0.000000
v 0.027880 -0.002556 0.000000
v 0.028006 -0.002537 0.000000
v 0.028132 -0.002513 0.000000
v 0.028256 -0.002482 0.000000
v 0.028378 -0.002445 0.000000
v -0.005658 0.001560 0.021000
v 0.012022 0.001560 0.021000
v -0.005658 -0.001560 0.021000
v 0.012022 -0.001560 0.021000
v 0.027503 -0.007408 0.000000
v 0.027401 -0.007332 0.000000
v 0.027295 -0.007260 0.000000
v 0.027185 -0.007194 0.000000
v 0.027073 -0.007134 0.000000
v 0.026957 -0.007079 0.000000
v 0.026839 -0.007030 0.000000
v 0.026718 -0.006987 0.000000
v 0.026596 -0.006950 0.000000
v 0.026472 -0.006919 0.000000
v 0.026346 -0.006894 0.000000
v 0.026220 -0.006875 0.000000
v 0.026092 -0.006863 0.000000
v 0.025965 -0.006857 0.000000
v 0.025837 -0.006858 0.000000
v 0.025709 -0.006865 0.000000
v 0.025582 -0.006878 0.000000
v 0.025455 -0.006898 0.000000
v 0.025330 -0.006923 0.000000
v 0.025206 -0.006955 0.000000
v 0.025084 -0.006993 0.000000
v 0.024964 -0.007037 0.000000
v 0.024846 -0.007087 0.000000
v 0.024731 -0.007143 0.000000
v 0.024619 -0.007205 0.000000
v 0.024510 -0.007272 0.000000
v 0.024404 -0.007344 0.000000
v 0.024303 -0.007421 0.000000
v 0.024205 -0.007504 0.000000
v 0.024111 -0.007591 0.000000
v 0.024022 -0.007683 0.000000
v 0.023937 -0.007779 0.000000
v 0.023858 -0.007879 0.000000
v 0.023783 -0.007983 0.000000
v 0.023714 -0.008090 0.000000
v 0.023650 -0.008201 0.000000
v 0.023592 -0.008315 0.000000
v 0.023539 -0.008431 0.000000
v 0.023492 -0.008550 0.000000
v 0.023452 -0.008672 0.000000
v 0.023417 -0.008795 0.000000
v 0.023388 -0.008920 0.000000
v 0.023366 -0.009046 0.000000
v 0.023350 -0.009172 0.000000
v 0.023340 -0.009300 0.000000
v 0.023337 -0.009428 0.000000
v 0.023340 -0.009556 0.000000
v 0.023349 -0.009683 0.000000
v 0.023365 -0.009810 0.000000
v 0.023387 -0.009936 0.000000
v 0.023415 -0.010061 0.000000
v 0.023450 -0.010184 0.000000
v 0.023490 -0.010306 0.000000
v 0.023537 -0.010425 0.000000
v 0.023589 -0.010542 0.000000
v 0.023647 -0.010656 0.000000
v 0.023711 -0.010767 0.000000
v 0.023780 -0.010874 0.000000
v 0.023854 -0.010978 0.000000
v 0.023934 -0.011079 0.000000
v 0.024018 -0.011175 0.000000
v 0.024107 -0.011267 0.000000
v 0.024200 -0.011354 0.000000
v 0.024298 -0.011437 0.000000
v 0.024400 -0.011514 0.000000
v 0.024505 -0.011587 0.000000
v 0.024614 -0.011654 0.000000
v 0.024726 -0.011716 0.000000
v 0.024841 -0.011772 0.000000
v 0.024958 -0.011822 0.000000
v 0.025078 -0.011866 0.000000
v 0.025200 -0.011905 0.000000
v 0.025324 -0.011937 0.000000
v 0.025450 -0.011963 0.000000
v 0.025576 -0.011983 0.000000
v 0.025703 -0.011996 0.000000
v 0.025831 -0.012004 0.000000
v 0.023311 -0.016368 0.000000
v 0.023241 -0.016261 0.000000
v 0.023165 -0.016158 0.000000
v 0.023085 -0.016058 0.000000
v 0.023000 -0.015963 0.000000
v 0.022910 -0.015872 0.000000
v 0.022816 -0.015785 0.000000
v 0.022717 -0.015704 0.000000
v 0.022615 -0.015627 0.000000
v 0.022509 -0.015555 0.000000
v 0.022400 -0.015489 0.000000
v 0.022287 -0.015428 0.000000
v 0.022171 -0.015373 0.000000
v 0.022053 -0.015324 0.000000
v 0.021933 -0.015281 0.000000
v 0.021811 -0.015244 0.000000
v 0.021687 -0.015213 0.000000
v 0.021561 -0.015188 0.000000
v 0.021435 -0.015169 0.000000
v 0.021307 -0.015157 0.000000
v 0.021179 -0.015151 0.000000
v 0.021052 -0.015151 0.000000
v 0.020924 -0.015158 0.000000
v 0.020797 -0.015171 0.000000
v 0.020670 -0.015190 0.000000
v 0.020545 -0.015216 0.000000
v 0.020421 -0.015248 0.000000
v 0.020299 -0.015286 0.000000
v 0.020179 -0.015330 0.000000
v 0.020061 -0.015380 0.000000
v 0.019946 -0.015435 0.000000
v 0.019833 -0.015497 0.000000
v 0.019724 -0.015563 0.000000
v 0.019619 -0.015636 0.000000
v 0.019517 -0.015713 0.000000
v 0.019419 -0.015795 0.000000
v 0.019325 -0.015882 0.000000
v 0.019236 -0.015974 0.000000
v 0.019151 -0.016070 0.000000
v 0.019071 -0.016170 0.000000
v 0.018997 -0.016274 0.000000
v 0.018927 -0.016381 0.000000
v 0.018863 -0.016492 0.000000
v 0.018805 -0.016605 0.000000
v 0.018752 -0.016722 0.000000
v 0.018705 -0.016841 0.000000
v 0.018664 -0.016962 0.000000
v 0.018629 -0.017085 0.000000
v 0.018601 -0.017210 0.000000
v 0.018578 -0.017336 0.000000
v 0.018562 -0.017463 0.000000
v 0.018552 -0.017590 0.000000
v 0.018549 -0.017718 0.000000
v 0.018552 -0.017846 0.000000
v 0.018561 -0.017974 0.000000
v 0.018577 -0.018101 0.000000
v 0.018598 -0.018227 0.000000
v 0.018627 -0.018352 0.000000
v 0.018661 -0.018475 0.000000
v 0.018701 -0.018596 0.000000
v 0.018747 -0.018715 0.000000
v 0.018800 -0.018832 0.000000
v 0.018858 -0.018946 0.000000
v 0.018921 -0.019057 0.000000
v 0.018990 -0.019165 0.000000
v 0.019064 -0.019269 0.000000
v 0.019143 -0.019370 0.000000
v 0.019228 -0.019466 0.000000
v 0.019317 -0.019558 0.000000
v 0.019410 -0.019645 0.000000
v 0.019507 -0.019728 0.000000
v 0.019609 -0.019806 0.000000
v 0.019714 -0.019879 0.000000
v 0.019823 -0.019946 0.000000
v 0.019935 -0.020008 0.000000
v 0.020050 -0.020064 0.000000
v 0.020167 -0.020114 0.000000
v 0.016307 -0.023354 0.000000
v 0.016277 -0.023229 0.000000
v 0.016242 -0.023106 0.000000
v 0.016201 -0.022985 0.000000
v 0.016153 -0.022867 0.000000
v 0.016100 -0.022750 0.000000
v 0.016041 -0.022637 0.000000
v 0.015976 -0.022526 0.000000
v 0.015907 -0.022419 0.000000
v 0.015831 -0.022316 0.000000
v 0.015751 -0.022216 0.000000
v 0.015666 -0.022121 0.000000
v 0.015576 -0.022029 0.000000
v 0.015482 -0.021943 0.000000
v 0.015384 -0.021861 0.000000
v 0.015282 -0.021784 0.000000
v 0.015176 -0.021712 0.000000
v 0.015066 -0.021646 0.000000
v 0.014954 -0.021585 0.000000
v 0.014838 -0.021530 0.000000
v 0.014720 -0.021481 0.000000
v 0.014600 -0.021438 0.000000
v 0.014478 -0.021400 0.000000
v 0.014354 -0.021369 0.000000
v 0.014228 -0.021344 0.000000
v 0.014102 -0.021325 0.000000
v 0.013974 -0.021313 0.000000
v 0.013846 -0.021306 0.000000
v 0.013719 -0.021307 0.000000
v 0.013591 -0.021313 0.000000
v 0.013464 -0.021326 0.000000
v 0.013337 -0.021345 0.000000
v 0.013212 -0.021371 0.000000
v 0.013088 -0.021403 0.000000
v 0.012966 -0.021440 0.000000
v 0.012845 -0.021484 0.000000
v 0.012728 -0.021534 0.000000
v 0.012612 -0.021589 0.000000
v 0.012500 -0.021651 0.000000
v 0.012391 -0.021717 0.000000
v 0.012285 -0.021789 0.000000
v 0.012183 -0.021867 0.000000
v 0.012085 -0.021949 0.000000
v 0.011991 -0.022036 0.000000
v 0.011902 -0.022127 0.000000
v 0.011817 -0.022223 0.000000
v 0.011737 -0.022323 0.000000
v 0.011662 -0.022427 0.000000
v 0.011593 -0.022534 0.000000
v 0.011529 -0.022645 0.000000
v 0.011470 -0.022758 0.000000
v 0.011417 -0.022875 0.000000
v 0.011370 -0.022994 0.000000
v 0.011329 -0.023115 0.000000
v 0.011294 -0.023238 0.000000
v 0.011265 -0.023363 0.000000
v 0.011243 -0.023489 0.000000
v 0.011227 -0.023615 0.000000
v 0.011217 -0.023743 0.000000
v 0.011213 -0.023871 0.000000
v 0.011216 -0.023999 0.000000
v 0.011225 -0.024126 0.000000
v 0.011240 -0.024253 0.000000
v 0.011262 -0.024379 0.000000
v 0.011290 -0.024504 0.000000
v 0.011324 -0.024628 0.000000
v 0.011364 -0.024749 0.000000
v 0.011410 -0.024868 0.000000
v 0.011462 -0.024985 0.000000
v 0.011520 -0.025099 0.000000
v 0.011584 -0.025210 0.000000
v 0.011652 -0.025318 0.000000
v 0.011726 -0.025422 0.000000
v 0.011806 -0.025523 0.000000
v 0.011890 -0.025619 0.000000
v 0.011979 -0.025711 0.000000
v 0.012072 -0.025799 0.000000
v 0.007336 -0.027523 0.000000
v 0.007351 -0.027396 0.000000
v 0.007360 -0.027268 0.000000
v 0.007362 -0.027140 0.000000
v 0.007358 -0.027012 0.000000
v 0.007348 -0.026885 0.000000
v 0.007331 -0.026758 0.000000
v 0.007308 -0.026632 0.000000
v 0.007279 -0.026508 0.000000
v 0.007244 -0.026385 0.000000
v 0.007203 -0.026264 0.000000
v 0.007156 -0.026145 0.000000
v 0.007102 -0.026028 0.000000
v 0.007044 -0.025915 0.000000
v 0.006979 -0.025804 0.000000
v 0.006909 -0.025697 0.000000
v 0.006834 -0.025593 0.000000
v 0.006754 -0.025494 0.000000
v 0.006669 -0.025398 0.000000
v 0.006580 -0.025307 0.000000
v 0.006486 -0.025220 0.000000
v 0.006387 -0.025138 0.000000
v 0.006285 -0.025061 0.000000
v 0.006179 -0.024989 0.000000
v 0.006070 -0.024923 0.000000
v 0.005958 -0.024862 0.000000
v 0.005842 -0.024807 0.000000
v 0.005724 -0.024757 0.000000
v 0.005604 -0.024714 0.000000
v 0.005482 -0.024676 0.000000
v 0.005358 -0.024645 0.000000
v 0.005232 -0.024620 0.000000
v 0.005106 -0.024601 0.000000
v 0.004978 -0.024588 0.000000
v 0.004851 -0.024582 0.000000
v 0.004723 -0.024582 0.000000
v 0.004595 -0.024588 0.000000
v 0.004468 -0.024601 0.000000
v 0.004341 -0.024620 0.000000
v 0.004216 -0.024646 0.000000
v 0.004092 -0.024677 0.000000
v 0.003970 -0.024715 0.000000
v 0.003849 -0.024758 0.000000
v 0.003731 -0.024808 0.000000
v 0.003616 -0.024863 0.000000
v 0.003504 -0.024924 0.000000
v 0.003395 -0.024991 0.000000
v 0.003289 -0.025063 0.000000
v 0.003187 -0.025140 0.000000
v 0.003089 -0.025222 0.000000
v 0.002995 -0.025309 0.000000
v 0.002905 -0.025400 0.000000
v 0.002820 -0.025496 0.000000
v 0.002740 -0.025596 0.000000
v 0.002665 -0.025699 0.000000
v 0.002596 -0.025807 0.000000
v 0.002531 -0.025917 0.000000
v 0.002473 -0.026031 0.000000
v 0.002420 -0.026147 0.000000
v 0.002372 -0.026266 0.000000
v 0.002331 -0.026387 0.000000
v 0.002296 -0.026510 0.000000
v 0.002267 -0.026635 0.000000
v 0.002245 -0.026761 0.000000
v 0.002228 -0.026888 0.000000
v 0.002218 -0.027015 0.000000
v 0.002214 -0.027143 0.000000
v 0.002217 -0.027271 0.000000
v 0.002226 -0.027399 0.000000
v 0.002241 -0.027526 0.000000
v 0.002263 -0.027652 0.000000
v 0.002290 -0.027777 0.000000
v 0.002324 -0.027900 0.000000
v 0.002364 -0.028021 0.000000
v 0.002410 -0.028141 0.000000
v 0.002462 -0.028258 0.000000
v 0.002520 -0.028372 0.000000
v -0.002520 -0.028372 0.000000
v -0.002462 -0.028258 0.000000
v -0.002410 -0.028141 0.000000
v -0.002364 -0.028021 0.000000
v -0.002324 -0.027900 0.000000
v -0.002290 -0.027777 0.000000
v -0.002263 -0.027652 0.000000
v -0.002241 -0.027526 0.000000
v -0.002226 -0.027399 0.000000
v -0.002217 -0.027271 0.000000
v -0.002214 -0.027143 0.000000
v -0.002218 -0.027015 0.000000
v -0.002228 -0.026888 0.000000
v -0.002245 -0.026761 0.000000
v -0.002267 -0.026635 0.000000
v -0.002296 -0.026510 0.000000
v -0.002331 -0.026387 0.000000
v -0.002372 -0.026266 0.000000
v -0.002420 -0.026147 0.000000
v -0.002473 -0.026031 0.000000
v -0.002531 -0.025917 0.000000
v -0.002596 -0.025807 0.000000
v -0.002665 -0.025699 0.000000
v -0.002740 -0.025596 0.000000
v -0.002820 -0.025496 0.000000
v -0.002905 -0.025400 0.000000
v -0.002995 -0.025309 0.000000
v -0.003089 -0.025222 0.000000
v -0.003187 -0.025140 0.000000
v -0.003289 -0.025063 0.000000
v -0.003395 -0.024991 0.000000
v -0.003504 -0.024924 0.000000
v -0.003616 -0.024863 0.000000
v -0.003731 -0.024808 0.000000
v -0.003849 -0.024758 0.000000
v -0.003970 -0.024715 0.000000
v -0.004092 -0.024677 0.000000
v -0.004216 -0.024646 0.000000
v -0.004341 -0.024620 0.000000
v -0.004468 -0.024601 0.000000
v -0.004595 -0.024588 0.000000
v -0.004723 -0.024582 0.000000
v -0.004851 -0.024582 0.000000
v -0.004978 -0.024588 0.000000
v -0.005106 -0.024601 0.000000
v -0.005232 -0.024620 0.000000
v -0.005358 -0.024645 0.000000
v -0.005482 -0.024676 0.000000
v -0.005604 -0.024714 0.000000
v -0.005724 -0.024757 0.000000
v -0.005842 -0.024807 0.000000
v -0.005958 -0.024862 0.000000
v -0.006070 -0.024923 0.000000
v -0.006179 -0.024989 0.000000
v -0.006285 -0.025061 0.000000
v -0.006387 -0.025138 0.000000
v -0.006486 -0.025220 0.000000
v -0.006580 -0.025307 0.000000
v -0.006669 -0.025398 0.000000
v -0.006754 -0.025494 0.000000
v -0.006834 -0.025593 0.000000
v -0.006909 -0.025697 0.000000
v -0.006979 -0.025804 0.000000
v -0.007044 -0.025915 0.000000
v -0.007102 -0.026028 0.000000
v -0.007156 -0.026145 0.000000
v -0.007203 -0.026264 0.000000
v -0.007244 -0.026385 0.000000
v -0.007279 -0.026508 0.000000
v -0.007308 -0.026632 0.000000
v -0.007331 -0.026758 0.000000
v -0.007348 -0.026885 0.000000
v -0.007358 -0.027012 0.000000
v -0.007362 -0.027140 0.000000
v -0.007360 -0.027268 0.000000
v -0.007351 -0.027396 0.000000
v -0.007336 -0.027523 0.000000
v -0.012072 -0.025799 0.000000
v -0.011979 -0.025711 0.000000
v -0.011890 -0.025619 0.000000
v -0.011806 -0.025523 0.000000
v -0.011726 -0.025422 0.000000
v -0.011652 -0.025318 0.000000
v -0.011584 -0.025210 0.000000
v -0.011520 -0.025099 0.000000
v -0.011462 -0.024985 0.000000
v -0.011410 -0.024868 0.000000
v -0.011364 -0.024749 0.000000
v -0.011324 -0.024628 0.000000
v -0.011290 -0.024504 0.000000
v -0.011262 -0.024379 0.000000
v -0.011240 -0.024253 0.000000
v -0.011225 -0.024126 0.000000
v -0.011216 -0.023999 0.000000
v -0.011213 -0.023871 0.000000
v -0.011217 -0.023743 0.000000
v -0.011227 -0.023615 0.000000
v -0.011243 -0.023489 0.000000
v -0.011265 -0.023363 0.000000
v -0.011294 -0.023238 0.000000
v -0.011329 -0.023115 0.000000
v -0.011370 -0.022994 0.000000
v -0.011417 -0.022875 0.000000
v -0.011470 -0.022758 0.000000
v -0.011529 -0.022645 0.000000
v -0.011593 -0.022534 0.000000
v -0.011662 -0.022427 0.000000
v -0.011737 -0.022323 0.000000
v -0.011817 -0.022223 0.000000
v -0.011902 -0.022127 0.000000
v -0.011991 -0.022036 0.000000
v -0.012085 -0.021949 0.000000
v -0.012183 -0.021867 0.000000
v -0.012285 -0.021789 0.000000
v -0.012391 -0.021717 0.000000
v -0.012500 -0.021651 0.000000
v -0.012612 -0.021589 0.000000
v -0.012728 -0.021534 0.000000
v -0.012845 -0.021484 0.000000
v -0.012966 -0.021440 0.000000
v -0.013088 -0.021403 0.000000
v -0.013212 -0.021371 0.000000
v -0.013337 -0.021345 0.000000
v -0.013464 -0.021326 0.000000
v -0.013591 -0.021313 0.000000
v -0.013719 -0.021307 0.000000
v -0.013847 -0.021306 0.000000
v -0.013974 -0.021313 0.000000
v -0.014102 -0.021325 0.000000
v -0.014228 -0.021344 0.000000
v -0.014354 -0.021369 0.000000
v -0.014478 -0.021400 0.000000
v -0.014600 -0.021438 0.000000
v -0.014720 -0.021481 0.000000
v -0.014838 -0.021530 0.000000
v -0.014954 -0.021585 0.000000
v -0.015066 -0.021646 0.000000
v -0.015176 -0.021713 0.000000
v -0.015282 -0.021784 0.000000
v -0.015384 -0.021861 0.000000
v -0.015482 -0.021943 0.000000
v -0.015576 -0.022029 0.000000
v -0.015666 -0.022121 0.000000
v -0.015751 -0.022216 0.000000
v -0.015831 -0.022316 0.000000
v -0.015907 -0.022419 0.000000
v -0.015976 -0.022526 0.000000
v -0.016041 -0.022637 0.000000
v -0.016100 -0.022750 0.000000
v -0.016153 -0.022867 0.000000
v -0.016201 -0.022985 0.000000
v -0.016242 -0.023107 0.000000
v -0.016277 -0.023229 0.000000
v -0.016307 -0.023354 0.000000
v -0.020168 -0.020114 0.000000
v -0.020050 -0.020064 0.000000
v -0.019935 -0.020008 0.000000
v -0.019823 -0.019946 0.000000
v -0.019714 -0.019879 0.000000
v -0.019609 -0.019806 0.000000
v -0.019507 -0.019728 0.000000
v -0.019410 -0.019645 0.000000
v -0.019317 -0.019558 0.000000
v -0.019228 -0.019466 0.000000
v -0.019143 -0.019370 0.000000
v -0.019064 -0.019269 0.000000
v -0.018990 -0.019165 0.000000
v -0.018921 -0.019057 0.000000
v -0.018858 -0.018946 0.000000
v -0.018800 -0.018832 0.000000
v -0.018747 -0.018715 0.000000
v -0.018701 -0.018596 0.000000
v -0.018661 -0.018475 0.000000
v -0.018627 -0.018352 0.000000
v -0.018598 -0.018227 0.000000
v -0.018577 -0.018101 0.000000
v -0.018561 -0.017974 0.000000
v -0.018552 -0.017846 0.000000
v -0.018549 -0.017718 0.000000
v -0.018552 -0.017590 0.000000
v -0.018562 -0.017463 0.000000
v -0.018578 -0.017336 0.000000
v -0.018601 -0.017210 0.000000
v -0.018629 -0.017085 0.000000
v -0.018664 -0.016962 0.000000
v -0.018705 -0.016841 0.000000
v -0.018752 -0.016722 0.000000
v -0.018805 -0.016606 0.000000
v -0.018863 -0.016492 0.000000
v -0.018927 -0.016381 0.000000
v -0.018997 -0.016274 0.000000
v -0.019071 -0.016170 0.000000
v -0.019151 -0.016070 0.000000
v -0.019236 -0.015974 0.000000
v -0.019325 -0.015882 0.000000
v -0.019419 -0.015795 0.000000
v -0.019517 -0.015713 0.000000
v -0.019619 -0.015636 0.000000
v -0.019724 -0.015563 0.000000
v -0.019833 -0.015497 0.000000
v -0.019946 -0.015435 0.000000
v -0.020061 -0.015380 0.000000
v -0.020179 -0.015330 0.000000
v -0.020299 -0.015286 0.000000
v -0.020421 -0.015248 0.000000
v -0.020545 -0.015216 0.000000
v -0.020670 -0.015190 0.000000
v -0.020797 -0.015171 0.000000
v -0.020924 -0.015158 0.000000
v -0.021052 -0.015151 0.000000
v -0.021179 -0.015151 0.000000
v -0.021307 -0.015157 0.000000
v -0.021435 -0.015169 0.000000
v -0.021561 -0.015188 0.000000
v -0.021687 -0.015213 0.000000
v -0.021811 -0.015244 0.000000
v -0.021933 -0.015281 0.000000
v -0.022053 -0.015324 0.000000
v -0.022171 -0.015373 0.000000
v -0.022287 -0.015428 0.000000
v -0.022400 -0.015489 0.000000
v -0.022509 -0.015555 0.000000
v -0.022615 -0.015627 0.000000
v -0.022717 -0.015704 0.000000
v -0.022816 -0.015785 0.000000
v -0.022910 -0.015872 0.000000
v -0.023000 -0.015963 0.000000
v -0.023085 -0.016058 0.000000
v -0.023165 -0.016158 0.000000
v -0.023241 -0.016261 0.000000
v -0.023311 -0.016368 0.000000
v -0.025831 -0.012004 0.000000
v -0.025703 -0.011996 0.000000
v -0.025576 -0.011983 0.000000
v -0.025449 -0.011963 0.000000
v -0.025324 -0.011937 0.000000
v -0.025200 -0.011905 0.000000
v -0.025078 -0.011866 0.000000
v -0.024958 -0.011822 0.000000
v -0.024841 -0.011772 0.000000
v -0.024726 -0.011716 0.000000
v -0.024614 -0.011654 0.000000
v -0.024505 -0.011587 0.000000
v -0.024400 -0.011514 0.000000
v -0.024298 -0.011437 0.000000
v -0.024200 -0.011354 0.000000
v -0.024107 -0.011267 0.000000
v -0.024018 -0.011175 0.000000
v -0.023934 -0.011079 0.000000
v -0.023854 -0.010978 0.000000
v -0.023780 -0.010874 0.000000
v -0.023711 -0.010767 0.000000
v -0.023647 -0.010656 0.000000
v -0.023589 -0.010542 0.000000
v -0.023537 -0.010425 0.000000
v -0.023490 -0.010306 0.000000
v -0.023450 -0.010184 0.000000
v -0.023415 -0.010061 0.000000
v -0.023387 -0.009936 0.000000
v -0.023365 -0.009810 0.000000
v -0.023349 -0.009683 0.000000
v -0.023340 -0.009556 0.000000
v -0.023337 -0.009428 0.000000
v -0.023340 -0.009300 0.000000
v -0.023350 -0.009172 0.000000
v -0.023366 -0.009046 0.000000
v -0.023388 -0.008920 0.000000
v -0.023417 -0.008795 0.000000
v -0.023452 -0.008672 0.000000
v -0.023492 -0.008551 0.000000
v -0.023539 -0.008431 0.000000
v -0.023592 -0.008315 0.000000
v -0.023650 -0.008201 0.000000
v -0.023714 -0.008090 0.000000
v -0.023783 -0.007983 0.000000
v -0.023858 -0.007879 0.000000
v -0.023937 -0.007779 0.000000
v -0.024022 -0.007683 0.000000
v -0.024111 -0.007591 0.000000
v -0.024205 -0.007504 0.000000
v -0.024303 -0.007421 0.000000
v -0.024404 -0.007344 0.000000
v -0.024510 -0.007272 0.000000
v -0.024619 -0.007205 0.000000
v -0.024731 -0.007143 0.000000
v -0.024846 -0.007087 0.000000
v -0.024964 -0.007037 0.000000
v -0.025084 -0.006993 0.000000
v -0.025206 -0.006955 0.000000
v -0.025330 -0.006923 0.000000
v -0.025455 -0.006898 0.000000
v -0.025582 -0.006878 0.000000
v -0.025709 -0.006865 0.000000
v -0.025837 -0.006858 0.000000
v -0.025965 -0.006857 0.000000
v -0.026092 -0.006863 0.000000
v -0.026220 -0.006875 0.000000
v -0.026346 -0.006894 0.000000
v -0.026472 -0.006919 0.000000
v -0.026596 -0.006950 0.000000
v -0.026718 -0.006987 0.000000
v -0.026839 -0.007030 0.000000
v -0.026957 -0.007079 0.000000
v -0.027072 -0.007134 0.000000
v -0.027185 -0.007194 0.000000
v -0.027295 -0.007260 0.000000
v -0.027401 -0.007332 0.000000
v -0.027503 -0.007408 0.000000
v -0.028378 -0.002445 0.000000
v -0.028256 -0.002482 0.000000
v -0.028132 -0.002513 0.000000
v -0.028006 -0.002537 0.000000
v -0.027880 -0.002556 0.000000
v -0.027752 -0.002568 0.000000
v -0.027625 -0.002574 0.000000
v -0.027497 -0.002573 0.000000
v -0.027369 -0.002566 0.000000
v -0.027242 -0.002552 0.000000
v -0.027115 -0.002533 0.000000
v -0.026990 -0.002507 0.000000
v -0.026866 -0.002475 0.000000
v -0.026744 -0.002437 0.000000
v -0.026624 -0.002392 0.000000
v -0.026506 -0.002342 0.000000
v -0.026391 -0.002286 0.000000
v -0.026279 -0.002225 0.000000
v -0.026170 -0.002158 0.000000
v -0.026065 -0.002085 0.000000
v -0.025963 -0.002008 0.000000
v -0.025865 -0.001925 0.000000
v -0.025772 -0.001838 0.000000
v -0.025683 -0.001746 0.000000
v -0.025598 -0.001650 0.000000
v -0.025519 -0.001550 0.000000
v -0.025444 -0.001446 0.000000
v -0.025375 -0.001338 0.000000
v -0.025311 -0.001227 0.000000
v -0.025253 -0.001113 0.000000
v -0.025201 -0.000997 0.000000
v -0.025154 -0.000878 0.000000
v -0.025114 -0.000756 0.000000
v -0.025079 -0.000633 0.000000
v -0.025051 -0.000508 0.000000
v -0.025029 -0.000382 0.000000
v -0.025013 -0.000255 0.000000
v -0.025003 -0.000128 0.000000
v -0.025000 0.000000 0.000000
v -0.025003 0.000128 0.000000
v -0.025013 0.000255 0.000000
v -0.025029 0.000382 0.000000
v -0.025051 0.000508 0.000000
v -0.025079 0.000633 0.000000
v -0.025114 0.000756 0.000000
v -0.025154 0.000878 0.000000
v -0.025201 0.000997 0.000000
v -0.025253 0.001113 0.000000
v -0.025311 0.001227 0.000000
v -0.025375 0.001338 0.000000
v -0.025444 0.001446 0.000000
v -0.025519 0.001550 0.000000
v -0.025598 0.001650 0.000000
v -0.025683 0.001746 0.000000
v -0.025772 0.001838 0.000000
v -0.025865 0.001925 0.000000
v -0.025963 0.002008 0.000000
v -0.026065 0.002085 0.000000
v -0.026170 0.002158 0.000000
v -0.026279 0.002225 0.000000
v -0.026391 0.002286 0.000000
v -0.026506 0.002342 0.000000
v -0.026624 0.002392 0.000000
v -0.026744 0.002437 0.000000
v -0.026866 0.002475 0.000000
v -0.026990 0.002507 0.000000
v -0.027115 0.002533 0.000000
v -0.027242 0.002552 0.000000
v -0.027369 0.002566 0.000000
v -0.027497 0.002573 0.000000
v -0.027625 0.002574 0.000000
v -0.027752 0.002568 0.000000
v -0.027880 0.002556 0.000000
v -0.028006 0.002537 0.000000
v -0.028132 0.002513 0.000000
v -0.028256 0.002482 0.000000
v -0.028378 0.002445 0.000000
v -0.027503 0.007408 0.000000
v -0.027401 0.007332 0.000000
v -0.027295 0.007260 0.000000
v -0.027185 0.007194 0.000000
v -0.027072 0.007134 0.000000
v -0.026957 0.007079 0.000000
v -0.026839 0.007030 0.000000
v -0.026718 0.006987 0.000000
v -0.026596 0.006950 0.000000
v -0.026472 0.006919 0.000000
v -0.026346 0.006894 0.000000
v -0.026220 0.006875 0.000000
v -0.026092 0.006863 0.000000
v -0.025965 0.006857 0.000000
v -0.025837 0.006858 0.000000
v -0.025709 0.006865 0.000000
v -0.025582 0.006878 0.000000
v -0.025455 0.006898 0.000000
v -0.025330 0.006923 0.000000
v -0.025206 0.006955 0.000000
v -0.025084 0.006993 0.000000
v -0.024964 0.007037 0.000000
v -0.024846 0.007087 0.000000
v -0.024731 0.007143 0.000000
v -0.024619 0.007205 0.000000
v -0.024510 0.007272 0.000000
v -0.024404 0.007344 0.000000
v -0.024303 0.007421 0.000000
v -0.024205 0.007504 0.000000
v -0.024111 0.007591 0.000000
v -0.024022 0.007683 0.000000
v -0.023937 0.007779 0.000000
v -0.023858 0.007879 0.000000
v -0.023783 0.007983 0.000000
v -0.023714 0.008090 0.000000
v -0.023650 0.008201 0.000000
v -0.023592 0.008315 0.000000
v -0.023539 0.008431 0.000000
v -0.023492 0.008551 0.000000
v -0.023452 0.008672 0.000000
v -0.023417 0.008795 0.000000
v -0.023388 0.008920 0.000000
v -0.023366 0.009046 0.000000
v -0.023350 0.009172 0.000000
v -0.023340 0.009300 0.000000
v -0.023337 0.009428 0.000000
v -0.023340 0.009556 0.000000
v -0.023349 0.009683 0.000000
v -0.023365 0.009810 0.000000
v -0.023387 0.009936 0.000000
v -0.023415 0.010061 0.000000
v -0.023450 0.010184 0.000000
v -0.023490 0.010306 0.000000
v -0.023537 0.010425 0.000000
v -0.023589 0.010542 0.000000
v -0.023647 0.010656 0.000000
v -0.023711 0.010767 0.000000
v -0.023780 0.010874 0.000000
v -0.023854 0.010978 0.000000
v -0.023934 0.011079 0.000000
v -0.024018 0.011175 0.000000
v -0.024107 0.011267 0.000000
v -0.024200 0.011354 0.000000
v -0.024298 0.011437 0.000000
v -0.024400 0.011514 0.000000
v -0.024505 0.011587 0.000000
v -0.024614 0.011654 0.000000
v -0.024726 0.011716 0.000000
v -0.024841 0.011772 0.000000
v -0.024958 0.011822 0.000000
v -0.025078 0.011866 0.000000
v -0.025200 0.011905 0.000000
v -0.025324 0.011937 0.000000
v -0.025449 0.011963 0.000000
v -0.025576 0.011983 0.000000
v -0.025703 0.011996 0.000000
v -0.025831 0.012004 0.000000
v -0.023311 0.016368 0.000000
v -0.023241 0.016261 0.000000
v -0.023165 0.016158 0.000000
v -0.023085 0.016058 0.000000
v -0.023000 0.015963 0.000000
v -0.022910 0.015872 0.000000
v -0.022816 0.015785 0.000000
v -0.022717 0.015704 0.000000
v -0.022615 0.015627 0.000000
v -0.022509 0.015555 0.000000
v -0.022400 0.015489 0.000000
v -0.022287 0.015428 0.000000
v -0.022171 0.015373 0.000000
v -0.022053 0.015324 0.000000
v -0.021933 0.015281 0.000000
v -0.021811 0.015244 0.000000
v -0.021687 0.015213 0.000000
v -0.021561 0.015188 0.000000
v -0.021435 0.015169 0.000000
v -0.021307 0.015157 0.000000
v -0.021179 0.015151 0.000000
v -0.021052 0.015151 0.000000
v -0.020924 0.015158 0.000000
v -0.020797 0.015171 0.000000
v -0.020670 0.015190 0.000000
v -0.020545 0.015216 0.000000
v -0.020421 0.015248 0.000000
v -0.020299 0.015286 0.000000
v -0.020179 0.015330 0.000000
v -0.020061 0.015380 0.000000
v -0.019946 0.015435 0.000000
v -0.019833 0.015497 0.000000
v -0.019724 0.015563 0.000000
v -0.019619 0.015636 0.000000
v -0.019517 0.015713 0.000000
v -0.019419 0.015795 0.000000
v -0.019325 0.015882 0.000000
v -0.019236 0.015974 0.000000
v -0.019151 0.016070 0.000000
v -0.019071 0.016170 0.000000
v -0.018997 0.016274 0.000000
v -0.018927 0.016381 0.000000
v -0.018863 0.016492 0.000000
v -0.018805 0.016606 0.000000
v -0.018752 0.016722 0.000000
v -0.018705 0.016841 0.000000
v -0.018664 0.016962 0.000000
v -0.018629 0.017085 0.000000
v -0.018601 0.017210 0.000000
v -0.018578 0.017336 0.000000
v -0.018562 0.017463 0.000000
v -0.018552 0.017590 0.000000
v -0.018549 0.017718 0.000000
v -0.018552 0.017846 0.000000
v -0.018561 0.017974 0.000000
v -0.018577 0.018101 0.000000
v -0.018598 0.018227 0.000000
v -0.018627 0.018352 0.000000
v -0.018661 0.018475 0.000000
v -0.018701 0.018596 0.000000
v -0.018747 0.018715 0.000000
v -0.018800 0.018832 0.000000
v -0.018858 0.018946 0.000000
v -0.018921 0.019057 0.000000
v -0.018990 0.019165 0.000000
v -0.019064 0.019269 0.000000
v -0.019143 0.019370 0.000000
v -0.019228 0.019466 0.000000
v -0.019317 0.019558 0.000000
v -0.019410 0.019645 0.000000
v -0.019507 0.019728 0.000000
v -0.019609 0.019806 0.000000
v -0.019714 0.019879 0.000000
v -0.019823 0.019946 0.000000
v -0.019935 0.020008 0.000000
v -0.020050 0.020064 0.000000
v -0.020168 0.020114 0.000000
v -0.016307 0.023354 0.000000
v -0.016277 0.023229 0.000000
v -0.016242 0.023107 0.000000
v -0.016201 0.022985 0.000000
v -0.016153 0.022867 0.000000
v -0.016100 0.022750 0.000000
v -0.016041 0.022637 0.000000
v -0.015976 0.022526 0.000000
v -0.015907 0.022419 0.000000
v -0.015831 0.022316 0.000000
v -0.015751 0.022216 0.000000
v -0.015666 0.022121 0.000000
v -0.015576 0.022029 0.000000
v -0.015482 0.021943 0.000000
v -0.015384 0.021861 0.000000
v -0.015282 0.021784 0.000000
v -0.015176 0.021713 0.000000
v -0.015066 0.021646 0.000000
v -0.014954 0.021585 0.000000
v -0.014838 0.021530 0.000000
v -0.014720 0.021481 0.000000
v -0.014600 0.021438 0.000000
v -0.014478 0.021400 0.000000
v -0.014354 0.021369 0.000000
v -0.014228 0.021344 0.000000
v -0.014102 0.021325 0.000000
v -0.013974 0.021313 0.000000
v -0.013847 0.021306 0.000000
v -0.013719 0.021307 0.000000
v -0.013591 0.021313 0.000000
v -0.013464 0.021326 0.000000
v -0.013337 0.021345 0.000000
v -0.013212 0.021371 0.000000
v -0.013088 0.021403 0.000000
v -0.012966 0.021440 0.000000
v -0.012845 0.021484 0.000000
v -0.012728 0.021534 0.000000
v -0.012612 0.021589 0.000000
v -0.012500 0.021651 0.000000
v -0.012391 0.021717 0.000000
v -0.012285 0.021789 0.000000
v -0.012183 0.021867 0.000000
v -0.012085 0.021949 0.000000
v -0.011991 0.022036 0.000000
v -0.011902 0.022127 0.000000
v -0.011817 0.022223 0.000000
v -0.011737 0.022323 0.000000
v -0.011662 0.022427 0.000000
v -0.011593 0.022534 0.000000
v -0.011529 0.022645 0.000000
v -0.011470 0.022758 0.000000
v -0.011417 0.022875 0.000000
v -0.011370 0.022994 0.000000
v -0.011329 0.023115 0.000000
v -0.011294 0.023238 0.000000
v -0.011265 0.023363 0.000000
v -0.011243 0.023489 0.000000
v -0.011227 0.023615 0.000000
v -0.011217 0.023743 0.000000
v -0.011213 0.023871 0.000000
v -0.011216 0.023999 0.000000
v -0.011225 0.024126 0.000000
v -0.011240 0.024253 0.000000
v -0.011262 0.024379 0.000000
v -0.011290 0.024504 0.000000
v -0.011324 0.024628 0.000000
v -0.011364 0.024749 0.000000
v -0.011410 0.024868 0.000000
v -0.011462 0.024985 0.000000
v -0.011520 0.025099 0.000000
v -0.011584 0.025210 0.000000
v -0.011652 0.025318 0.000000
v -0.011726 0.025422 0.000000
v -0.011806 0.025523 0.000000
v -0.011890 0.025619 0.000000
v -0.011979 0.025711 0.000000
v -0.012072 0.025799 0.000000
v -0.007336 0.027523 0.000000
v -0.007351 0.027396 0.000000
v -0.007360 0.027268 0.000000
v -0.007362 0.027140 0.000000
v -0.007358 0.027012 0.000000
v -0.007348 0.026885 0.000000
v -0.007331 0.026758 0.000000
v -0.007308 0.026632 0.000000
v -0.007279 0.026508 0.000000
v -0.007244 0.026385 0.000000
v -0.007203 0.026264 0.000000
v -0.007156 0.026145 0.000000
v -0.007102 0.026028 0.000000
v -0.007044 0.025915 0.000000
v -0.006979 0.025804 0.000000
v -0.006909 0.025697 0.000000
v -0.006834 0.025593 0.000000
v -0.006754 0.025494 0.000000
v -0.006669 0.025398 0.000000
v -0.006580 0.025307 0.000000
v -0.006486 0.025220 0.000000
v -0.006387 0.025138 0.000000
v -0.006285 0.025061 0.000000
v -0.006179 0.024989 0.000000
v -0.006070 0.024923 0.000000
v -0.005958 0.024862 0.000000
v -0.005842 0.024807 0.000000
v -0.005724 0.024757 0.000000
v -0.005604 0.024714 0.000000
v -0.005482 0.024676 0.000000
v -0.005358 0.024645 0.000000
v -0.005232 0.024620 0.000000
v -0.005106 0.024601 0.000000
v -0.004978 0.024588 0.000000
v -0.004851 0.024582 0.000000
v -0.004723 0.024582 0.000000
v -0.004595 0.024588 0.000000
v -0.004468 0.024601 0.000000
v -0.004341 0.024620 0.000000
v -0.004216 0.024646 0.000000
v -0.004092 0.024677 0.000000
v -0.003970 0.024715 0.000000
v -0.003849 0.024758 0.000000
v -0.003731 0.024808 0.000000
v -0.003616 0.024863 0.000000
v -0.003504 0.024924 0.000000
v -0.003395 0.024991 0.000000
v -0.003289 0.025063 0.000000
v -0.003187 0.025140 0.000000
v -0.003089 0.025222 0.000000
v -0.002995 0.025309 0.000000
v -0.002905 0.025400 0.000000
v -0.002820 0.025496 0.000000
v -0.002740 0.025596 0.000000
v -0.002665 0.025699 0.000000
v -0.002596 0.025807 0.000000
v -0.002531 0.025917 0.000000
v -0.002473 0.026031 0.000000
v -0.002420 0.026147 0.000000
v -0.002372 0.026266 0.000000
v -0.002331 0.026387 0.000000
v -0.002296 0.026510 0.000000
v -0.002267 0.026635 0.000000
v -0.002245 0.026761 0.000000
v -0.002228 0.026888 0.000000
v -0.002218 0.027015 0.000000
v -0.002214 0.027143 0.000000
v -0.002217 0.027271 0.000000
v -0.002226 0.027399 0.000000
v -0.002241 0.027526 0.000000
v -0.002263 0.027652 0.000000
v -0.002290 0.027777 0.000000
v -0.002324 0.027900 0.000000
v -0.002364 0.028021 0.000000
v -0.002410 0.028141 0.000000
v -0.002462 0.028258 0.000000
v -0.002520 0.028372 0.000000
v 0.002520 0.028372 0.000000
v 0.002462 0.028258 0.000000
v 0.002410 0.028141 0.000000
v 0.002364 0.028021 0.000000
v 0.002324 0.027900 0.000000
v 0.002290 0.027777 0.000000
v 0.002263 0.027652 0.000000
v 0.002241 0.027526 0.000000
v 0.002226 0.027399 0.000000
v 0.002217 0.027271 0.000000
v 0.002214 0.027143 0.000000
v 0.002218 0.027015 0.000000
v 0.002228 0.026888 0.000000
v 0.002245 0.026761 0.000000
v 0.002267 0.026635 0.000000
v 0.002296 0.026510 0.000000
v 0.002331 0.026387 0.000000
v 0.002372 0.026266 0.000000
v 0.002420 0.026147 0.000000
v 0.002473 0.026031 0.000000
v 0.002531 0.025917 0.000000
v 0.002596 0.025807 0.000000
v 0.002665 0.025699 0.000000
v 0.002740 0.025596 0.000000
v 0.002820 0.025496 0.000000
v 0.002905 0.025400 0.000000
v 0.002995 0.025309 0.000000
v 0.003089 0.025222 0.000000
v 0.003187 0.025140 0.000000
v 0.003289 0.025063 0.000000
v 0.003395 0.024991 0.000000
v 0.003504 0.024924 0.000000
v 0.003616 0.024863 0.000000
v 0.003731 0.024808 0.000000
v 0.003849 0.024758 0.000000
v 0.003970 0.024715 0.000000
v 0.004092 0.024677 0.000000
v 0.004216 0.024646 0.000000
v 0.004341 0.024620 0.000000
v 0.004468 0.024601 0.000000
v 0.004595 0.024588 0.000000
v 0.004723 0.024582 0.000000
v 0.004851 0.024582 0.000000
v 0.004978 0.024588 0.000000
v 0.005106 0.024601 0.000000
v 0.005232 0.024620 0.000000
v 0.005358 0.024645 0.000000
v 0.005482 0.024676 0.000000
v 0.005604 0.024714 0.000000
v 0.005724 0.024757 0.000000
v 0.005842 0.024807 0.000000
v 0.005958 0.024862 0.000000
v 0.006070 0.024923 0.000000
v 0.006179 0.024989 0.000000
v 0.006285 0.025061 0.000000
v 0.006387 0.025138 0.000000
v 0.006486 0.025220 0.000000
v 0.006580 0.025307 0.000000
v 0.006669 0.025398 0.000000
v 0.006754 0.025494 0.000000
v 0.006834 0.025593 0.000000
v 0.006909 0.025697 0.000000
v 0.006979 0.025804 0.000000
v 0.007044 0.025915 0.000000
v 0.007102 0.026028 0.000000
v 0.007156 0.026145 0.000000
v 0.007203 0.026264 0.000000
v 0.007244 0.026385 0.000000
v 0.007279 0.026508 0.000000
v 0.007308 0.026632 0.000000
v 0.007331 0.026758 0.000000
v 0.007348 0.026885 0.000000
v 0.007358 0.027012 0.000000
v 0.007362 0.027140 0.000000
v 0.007360 0.027268 0.000000
v 0.007351 0.027396 0.000000
v 0.007336 0.027523 0.000000
v 0.012072 0.025799 0.000000
v 0.011979 0.025711 0.000000
v 0.011890 0.025619 0.000000
v 0.011806 0.025523 0.000000
v 0.011726 0.025422 0.000000
v 0.011652 0.025318 0.000000
v 0.011584 0.025210 0.000000
v 0.011520 0.025099 0.000000
v 0.011462 0.024985 0.000000
v 0.011410 0.024868 0.000000
v 0.011364 0.024749 0.000000
v 0.011324 0.024628 0.000000
v 0.011290 0.024504 0.000000
v 0.011262 0.024379 0.000000
v 0.011240 0.024253 0.000000
v 0.011225 0.024126 0.000000
v 0.011216 0.023999 0.000000
v 0.011213 0.023871 0.000000
v 0.011217 0.023743 0.000000
v 0.011227 0.023615 0.000000
v 0.011243 0.023489 0.000000
v 0.011265 0.023363 0.000000
v 0.011294 0.023238 0.000000
v 0.011329 0.023115 0.000000
v 0.011370 0.022994 0.000000
v 0.011417 0.022875 0.000000
v 0.011470 0.022758 0.000000
v 0.011529 0.022645 0.000000
v 0.011593 0.022534 0.000000
v 0.011662 0.022427 0.000000
v 0.011737 0.022323 0.000000
v 0.011817 0.022223 0.000000
v 0.011902 0.022127 0.000000
v 0.011991 0.022036 0.000000
v 0.012085 0.021949 0.000000
v 0.012183 0.021867 0.000000
v 0.012285 0.021789 0.000000
v 0.012391 0.021717 0.000000
v 0.012500 0.021651 0.000000
v 0.012612 0.021589 0.000000
v 0.012728 0.021534 0.000000
v 0.012845 0.021484 0.000000
v 0.012966 0.021440 0.000000
v 0.013088 0.021403 0.000000
v 0.013212 0.021371 0.000000
v 0.013337 0.021345 0.000000
v 0.013464 0.021326 0.000000
v 0.013591 0.021313 0.000000
v 0.013719 0.021307 0.000000
v 0.013846 0.021306 0.000000
v 0.013974 0.021313 0.000000
v 0.014102 0.021325 0.000000
v 0.014228 0.021344 0.000000
v 0.014354 0.021369 0.000000
v 0.014478 0.021400 0.000000
v 0.014600 0.021438 0.000000
v 0.014720 0.021481 0.000000
v 0.014838 0.021530 0.000000
v 0.014954 0.021585 0.000000
v 0.015066 0.021646 0.000000
v 0.015176 0.021712 0.000000
v 0.015282 0.021784 0.000000
v 0.015384 0.021861 0.000000
v 0.015482 0.021943 0.000000
v 0.015576 0.022029 0.000000
v 0.015666 0.022121 0.000000
v 0.015751 0.022216 0.000000
v 0.015831 0.022316 0.000000
v 0.015907 0.022419 0.000000
v 0.015976 0.022526 0.000000
v 0.016041 0.022637 0.000000
v 0.016100 0.022750 0.000000
v 0.016153 0.022867 0.000000
v 0.016201 0.022985 0.000000
v 0.016242 0.023106 0.000000
v 0.016277 0.023229 0.000000
v 0.016307 0.023354 0.000000
v 0.020167 0.020114 0.000000
v 0.020050 0.020064 0.000000
v 0.019935 0.020008 0.000000
v 0.019823 0.019946 0.000000
v 0.019714 0.019879 0.000000
v 0.019609 0.019806 0.000000
v 0.019507 0.019728 0.000000
v 0.019410 0.019645 0.000000
v 0.019317 0.019558 0.000000
v 0.019228 0.019466 0.000000
v 0.019143 0.019370 0.000000
v 0.019064 0.019269 0.000000
v 0.018990 0.019165 0.000000
v 0.018921 0.019057 0.000000
v 0.018858 0.018946 0.000000
v 0.018800 0.018832 0.000000
v 0.018747 0.018715 0.000000
v 0.018701 0.018596 0.000000
v 0.018661 0.018475 0.000000
v 0.018627 0.018352 0.000000
v 0.018598 0.018227 0.000000
v 0.018577 0.018101 0.000000
v 0.018561 0.017974 0.000000
v 0.018552 0.017846 0.000000
v 0.018549 0.017718 0.000000
v 0.018552 0.017590 0.000000
v 0.018562 0.017463 0.000000
v 0.018578 0.017336 0.000000
v 0.018601 0.017210 0.000000
v 0.018629 0.017085 0.000000
v 0.018664 0.016962 0.000000
v 0.018705 0.016841 0.000000
v 0.018752 0.016722 0.000000
v 0.018805 0.016605 0.000000
v 0.018863 0.016492 0.000000
v 0.018927 0.016381 0.000000
v 0.018997 0.016274 0.000000
v 0.019071 0.016170 0.000000
v 0.019151 0.016070 0.000000
v 0.019236 0.015974 0.000000
v 0.019325 0.015882 0.000000
v 0.019419 0.015795 0.000000
v 0.019517 0.015713 0.000000
v 0.019619 0.015636 0.000000
v 0.019724 0.015563 0.000000
v 0.019833 0.015497 0.000000
v 0.019946 0.015435 0.000000
v 0.020061 0.015380 0.000000
v 0.020179 0.015330 0.000000
v 0.020299 0.015286 0.000000
v 0.020421 0.015248 0.000000
v 0.020545 0.015216 0.000000
v 0.020670 0.015190 0.000000
v 0.020797 0.015171 0.000000
v 0.020924 0.015158 0.000000
v 0.021052 0.015151 0.000000
v 0.021179 0.015151 0.000000
v 0.021307 0.015157 0.000000
v 0.021435 0.015169 0.000000
v 0.021561 0.015188 0.000000
v 0.021687 0.015213 0.000000
v 0.021811 0.015244 0.000000
v 0.021933 0.015281 0.000000
v 0.022053 0.015324 0.000000
v 0.022171 0.015373 0.000000
v 0.022287 0.015428 0.000000
v 0.022400 0.015489 0.000000
v 0.022509 0.015555 0.000000
v 0.022615 0.015627 0.000000
v 0.022717 0.015704 0.000000
v 0.022816 0.015785 0.000000
v 0.022910 0.015872 0.000000
v 0.023000 0.015963 0.000000
v 0.023085 0.016058 0.000000
v 0.023165 0.016158 0.000000
v 0.023241 0.016261 0.000000
v 0.023311 0.016368 0.000000
v 0.025831 0.012004 0.000000
v 0.025703 0.011996 0.000000
v 0.025576 0.011983 0.000000
v 0.025450 0.011963 0.000000
v 0.025324 0.011937 0.000000
v 0.025200 0.011905 0.000000
v 0.025078 0.011866 0.000000
v 0.024958 0.011822 0.000000
v 0.024841 0.011772 0.000000
v 0.024726 0.011716 0.000000
v 0.024614 0.011654 0.000000
v 0.024505 0.011587 0.000000
v 0.024400 0.011514 0.000000
v 0.024298 0.011437 0.000000
v 0.024200 0.011354 0.000000
v 0.024107 0.011267 0.000000
v 0.024018 0.011175 0.000000
v 0.023934 0.011079 0.000000
v 0.023854 0.010978 0.000000
v 0.023780 0.010874 0.000000
v 0.023711 0.010767 0.000000
v 0.023647 0.010656 0.000000
v 0.023589 0.010542 0.000000
v 0.023537 0.010425 0.000000
v 0.023490 0.010306 0.000000
v 0.023450 0.010184 0.000000
v 0.023415 0.010061 0.000000
v 0.023387 0.009936 0.000000
v 0.023365 0.009810 0.000000
v 0.023349 0.009683 0.000000
v 0.023340 0.009556 0.000000
v 0.023337 0.009428 0.000000
v 0.023340 0.009300 0.000000
v 0.023350 0.009172 0.000000
v 0.023366 0.009046 0.000000
v 0.023388 0.008920 0.000000
v 0.023417 0.008795 0.000000
v 0.023452 0.008672 0.000000
v 0.023492 0.008550 0.000000
v 0.023539 0.008431 0.000000
v 0.023592 0.008315 0.000000
v 0.023650 0.008201 0.000000
v 0.023714 0.008090 0.000000
v 0.023783 0.007983 0.000000
v 0.023858 0.007879 0.000000
v 0.023937 0.007779 0.000000
v 0.024022 0.007683 0.000000
v 0.024111 0.007591 0.000000
v 0.024205 0.007504 0.000000
v 0.024303 0.007421 0.000000
v 0.024404 0.007344 0.000000
v 0.024510 0.007272 0.000000
v 0.024619 0.007205 0.000000
v 0.024731 0.007143 0.000000
v 0.024846 0.007087 0.000000
v 0.024964 0.007037 0.000000
v 0.025084 0.006993 0.000000
v 0.025206 0.006955 0.000000
v 0.025330 0.006923 0.000000
v 0.025455 0.006898 0.000000
v 0.025582 0.006878 0.000000
v 0.025709 0.006865 0.000000
v 0.025837 0.006858 0.000000
v 0.025965 0.006857 0.000000
v 0.026092 0.006863 0.000000
v 0.026220 0.006875 0.000000
v 0.026346 0.006894 0.000000
v 0.026472 0.006919 0.000000
v 0.026596 0.006950 0.000000
v 0.026718 0.006987 0.000000
v 0.026839 0.007030 0.000000
v 0.026957 0.007079 0.000000
v 0.027073 0.007134 0.000000
v 0.027185 0.007194 0.000000
v 0.027295 0.007260 0.000000
v 0.027401 0.007332 0.000000
v 0.027503 0.007408 0.000000
v -0.005658 0.001560 0.021800
v 0.012022 0.001560 0.021800
v 0.012022 -0.001560 0.021800
v -0.005658 -0.001560 0.021800
f 2895 1807 1808
f 2895 1808 1809
f 2895 1809 1810
f 2896 1814 1815
f 2896 1815 1816
f 2896 1816 1817
f 2896 1817 1818
f 2897 1821 1822
f 2897 1822 1823
f 2897 1823 1824
f 2898 1915 1916
f 2898 1916 1917
f 2898 1917 1918
f 2899 1828 1829
f 2899 1829 1830
f 2899 1830 1831
f 2900 1835 1836
f 2900 1836 1837
f 2900 1837 1838
f 2900 1838 1839
f 2900 1839 1840
f 2901 1908 1909
f 2901 1909 1910
f 2901 1910 1911
f 2901 1911 1912
f 2902 2074 2075
f 2903 2068 2069
f 2903 2069 2070
f 2904 1895 1896
f 2905 2094 2095
f 2905 2095 2096
f 2906 2101 2102
f 2906 2102 2103
f 2906 2103 2104
f 2907 2059 2060
f 2907 2060 2061
f 2907 2061 2062
f 2908 2053 2054
f 2908 2054 2055
f 2908 2055 2056
f 2909 1422 1421
f 2910 2046 2047
f 2910 2047 2048
f 2910 2048 2049
f 2911 2108 2109
f 2911 2109 2110
f 2911 2110 2111
f 2911 2111 2112
f 2912 2039 2040
f 2912 2040 2041
f 2912 2041 2042
f 2913 2115 2116
f 2913 2116 2117
f 2913 2117 2118
f 2914 2217 2218
f 2914 2218 2219
f 2914 2254 2255
f 2915 2122 2123
f 2915 2123 2124
f 2915 2124 2125
f 2916 2129 2130
f 2916 2130 2131
f 2916 2131 2132
f 2916 2132 2133
f 2916 2133 2134
f 2917 1429 1428
f 2918 2212 2213
f 2919 2376 2377
f 2920 2369 2370
f 2920 2370 2371
f 2920 2371 2372
f 2921 2396 2397
f 2921 2397 2398
f 2921 2398 2399
f 2922 2403 2404
f 2922 2404 2405
f 2923 1436 1435
f 2924 2361 2362
f 2924 2362 2363
f 2924 2363 2364
f 2925 2354 2355
f 2925 2355 2356
f 2925 2356 2357
f 2925 2357 2358
f 2926 2348 2349
f 2926 2349 2350
f 2926 2350 2351
f 2927 2411 2412
f 2927 2412 2413
f 2927 2413 2414
f 2928 2339 2340
f 2928 2340 2341
f 2928 2341 2342
f 2928 2342 2343
f 2928 2343 2344
f 2929 2417 2418
f 2929 2418 2419
f 2929 2419 2420
f 2930 2555 2556
f 2930 2556 2557
f 2930 2557 2558
f 2931 1443 1442
f 2932 2424 2425
f 2932 2425 2426
f 2932 2426 2427
f 2933 2431 2432
f 2933 2432 2433
f 2933 2433 2434
f 2934 2562 2563
f 2934 2563 2564
f 2934 2564 2565
f 2935 2568 2569
f 2936 2663 2664
f 2936 2664 2665
f 2936 2665 2666
f 2936 2666 2667
f 2937 1450 1449
f 2938 2577 2578
f 2939 1454 1453
f 2940 2655 2656
f 2940 2656 2657
f 2940 2657 2658
f 2940 2658 2659
f 2941 2648 2649
f 2941 2649 2650
f 2941 2650 2651
f 2941 2651 2652
f 2942 2642 2643
f 2942 2643 2644
f 2942 2644 2645
f 2943 2633 2634
f 2943 2634 2635
f 2943 2635 2636
f 2943 2636 2637
f 2943 2637 2638
f 2944 2852 2853
f 2944 2853 2854
f 2944 2854 2855
f 2945 1461 1460
f 2946 2859 2860
f 2946 2860 2861
f 2946 2861 2862
f 2946 2862 2863
f 2947 2866 2867
f 2947 2867 2868
f 2947 2868 2869
f 2948 75 76
f 2948 76 77
f 2948 77 78
f 2949 1468 1467
f 2950 2873 2874
f 2950 2874 2875
f 2950 2875 2876
f 2951 2880 2881
f 2951 2881 2882
f 2952 67 68
f 2952 68 69
f 2952 69 70
f 2952 70 71
f 2953 63 64
f 2954 1475 1474
f 2955 54 55
f 2956 48 49
f 2956 49 50
f 2957 260 261
f 2957 261 262
f 2957 262 263
f 2958 1482 1481
f 2959 267 268
f 2959 268 269
f 2959 269 270
f 2959 270 271
f 2960 274 275
f 2960 275 276
f 2960 276 277
f 2961 369 370
f 2961 370 371
f 2961 371 372
f 2962 281 282
f 2962 282 283
f 2962 283 284
f 2963 288 289
f 2963 289 290
f 2963 290 291
f 2963 291 292
f 2963 292 293
f 2964 1489 1488
f 2965 361 362
f 2965 362 363
f 2965 363 364
f 2965 364 365
f 2966 528 529
f 2966 529 530
f 2967 522 523
f 2967 523 524
f 2968 348 349
f 2969 550 551
f 2969 551 552
f 2970 557 558
f 2970 558 559
f 2970 559 560
f 2971 1496 1495
f 2972 513 514
f 2972 514 515
f 2972 515 516
f 2973 507 508
f 2973 508 509
f 2973 509 510
f 2974 500 501
f 2974 501 502
f 2974 502 503
f 2975 564 565
f 2975 565 566
f 2975 566 567
f 2975 567 568
f 2976 493 494
f 2976 494 495
f 2976 495 496
f 2977 571 572
f 2977 572 573
f 2977 573 574
f 2978 712 713
f 2978 713 714
f 2978 674 675
f 2979 1503 1502
f 2980 578 579
f 2980 579 580
f 2980 580 581
f 2981 585 586
f 2981 586 587
f 2981 587 588
f 2981 588 589
f 2981 589 590
f 2982 827 828
f 2982 828 829
f 2982 829 830
f 2983 1510 1509
f 2984 854 855
f 2984 855 856
f 2984 856 857
f 2985 861 862
f 2985 862 863
f 2986 819 820
f 2986 820 821
f 2986 821 822
f 2986 822 823
f 2987 812 813
f 2987 813 814
f 2987 814 815
f 2987 815 816
f 2988 1517 1516
f 2989 808 809
f 2989 806 807
f 2989 807 808
f 2990 869 870
f 2990 870 871
f 2990 871 872
f 2991 797 798
f 2991 798 799
f 2991 799 800
f 2991 800 801
f 2991 801 802
f 2992 875 876
f 2992 876 877
f 2992 877 878
f 2993 1015 1016
f 2993 1016 1017
f 2993 1017 1018
f 2994 882 883
f 2994 883 884
f 2994 884 885
f 2995 889 890
f 2995 890 891
f 2995 891 892
f 2996 1022 1023
f 2996 1023 1024
f 2996 1024 1025
f 2997 1028 1029
f 2998 1123 1124
f 2998 1124 1125
f 2998 1125 1126
f 2999 1528 1527
f 3000 1037 1038
f 3001 1115 1116
f 3001 1116 1117
f 3001 1117 1118
f 3001 1118 1119
f 3002 1111 1112
f 3002 1108 1109
f 3002 1109 1110
f 3002 1110 1111
f 3003 1535 1534
f 3004 1102 1103
f 3004 1103 1104
f 3004 1104 1105
f 3005 1093 1094
f 3005 1094 1095
f 3005 1095 1096
f 3005 1096 1097
f 3005 1097 1098
f 3006 1542 1541
f 3007 1549 1548
f 3008 1577 1576
f 3008 1578 1577
f 3008 1576 1634
f 3009 1579 1578
f 3009 1580 1579
f 3009 1581 1580
f 3009 1578 3008
f 3010 3009 3008
f 3010 3008 1634
f 3011 3009 3010
f 3012 3009 3011
f 3013 3009 3012
f 3014 1582 1581
f 3014 1581 3009
f 3014 3009 3013
f 3015 3014 3013
f 3015 3013 3012
f 3015 3012 3011
f 3016 3014 3015
f 3017 1583 1582
f 3017 1582 3014
f 3018 3017 3014
f 3018 3014 3016
f 3019 1589 1588
f 3020 1589 3019
f 3020 1590 1589
f 3021 1591 1590
f 3021 1590 3020
f 3022 3023 3024
f 3025 1638 1639
f 3025 1639 1640
f 3025 1640 1641
f 3025 3026 1638
f 3027 3028 3029
f 3030 3019 3023
f 3030 3023 3022
f 3031 1643 3027
f 3031 3029 3032
f 3031 3032 3026
f 3031 3025 1641
f 3031 3027 3029
f 3031 1641 1642
f 3031 1642 1643
f 3031 3026 3025
f 3033 3027 1643
f 3033 3034 3035
f 3033 3028 3027
f 3033 1643 1644
f 3033 1644 1645
f 3033 3035 3028
f 3036 3019 3030
f 3037 1592 1591
f 3037 1591 3021
f 3038 3020 3019
f 3038 3019 3036
f 3039 3020 3038
f 3040 3034 3033
f 3040 1645 1646
f 3040 3033 1645
f 3041 3020 3039
f 3041 3021 3020
f 3042 1593 1592
f 3042 1592 3037
f 3043 3021 3041
f 3044 3022 3024
f 3044 3030 3022
f 3045 3021 3043
f 3045 3037 3021
f 3046 3038 3036
f 3046 3030 3044
f 3046 3036 3030
f 3046 1651 1652
f 3047 3037 3045
f 3048 1594 1593
f 3048 1593 3042
f 3049 3039 3038
f 3049 3046 1652
f 3049 3041 3039
f 3049 3038 3046
f 3049 1652 1653
f 3050 3037 3047
f 3050 3042 3037
f 3051 3042 3050
f 3052 3041 3049
f 3052 3045 3043
f 3052 3043 3041
f 3052 3049 1653
f 3052 1653 1654
f 3053 3048 3042
f 3053 3042 3051
f 3054 1595 1594
f 3054 1594 3048
f 3055 3045 3052
f 3055 3047 3045
f 3055 3050 3047
f 3055 1654 1655
f 3055 3052 1654
f 3056 3048 3053
f 3057 3048 3056
f 3057 3054 3048
f 3058 3050 3055
f 3058 3055 1655
f 3058 3053 3051
f 3058 3051 3050
f 3058 1655 1656
f 3059 3054 3057
f 3060 1596 1595
f 3060 1595 3054
f 3061 3056 3053
f 3061 3058 1656
f 3061 3057 3056
f 3061 3053 3058
f 3061 1656 1657
f 3062 3060 3054
f 3062 3054 3059
f 3063 3059 3057
f 3063 3062 3059
f 3063 3057 3061
f 3063 1657 1658
f 3063 3061 1657
f 3064 3060 3062
f 3065 3060 3064
f 3066 1596 3060
f 3066 1597 1596
f 3066 3060 3065
f 3067 3065 3064
f 3067 3062 3063
f 3067 3063 1658
f 3067 3064 3062
f 3067 1658 1659
f 3068 3066 3065
f 3069 1598 1597
f 3069 1597 3066
f 3070 3069 3066
f 3070 3066 3068
f 3071 3065 3067
f 3071 3068 3065
f 3071 3067 1659
f 3071 1659 1660
f 3072 1599 1598
f 3072 1598 3069
f 3073 3069 3070
f 3074 1600 1599
f 3074 1599 3072
f 3075 3072 3069
f 3075 3069 3073
f 3076 1783 1784
f 3076 1784 1785
f 3076 1785 1786
f 3076 1786 1787
f 3077 1781 1782
f 3077 1782 1783
f 3077 1783 3076
f 3078 3072 3075
f 3079 1601 1600
f 3079 1600 3074
f 3080 3070 3068
f 3080 3071 1660
f 3080 3068 3071
f 3080 3073 3070
f 3080 1660 1661
f 3081 3072 3078
f 3081 3074 3072
f 3082 3077 3076
f 3082 3076 1787
f 3083 1602 1601
f 3083 1601 3079
f 3084 3077 3082
f 3085 3074 3081
f 3086 1780 1781
f 3086 3077 3084
f 3086 1781 3077
f 3087 3074 3085
f 3087 3079 3074
f 3088 1602 3083
f 3088 1603 1602
f 3089 3081 3078
f 3089 3075 3073
f 3089 3073 3080
f 3089 3080 1661
f 3089 1661 1662
f 3089 3078 3075
f 3090 3079 3087
f 3091 1603 3088
f 3091 1604 1603
f 3092 3083 3079
f 3092 3079 3090
f 3093 3083 3092
f 3094 3081 3089
f 3094 3087 3085
f 3094 3085 3081
f 3094 1662 1663
f 3094 3089 1662
f 3095 1605 1604
f 3095 1604 3091
f 3096 3083 3093
f 3096 3088 3083
f 3097 3088 3096
f 3098 1606 1605
f 3098 1605 3095
f 3099 3088 3097
f 3099 3091 3088
f 3100 3087 3094
f 3100 3094 1663
f 3100 3092 3090
f 3100 3090 3087
f 3100 1663 1664
f 3101 3091 3099
f 3102 1607 1606
f 3102 1606 3098
f 3103 3091 3101
f 3103 3095 3091
f 3104 3096 3093
f 3104 3092 3100
f 3104 3093 3092
f 3104 3100 1664
f 3104 1664 1665
f 3105 3095 3103
f 3106 1608 1607
f 3106 1609 1608
f 3106 1607 3102
f 3107 1778 1779
f 3108 3095 3105
f 3108 3098 3095
f 3109 3097 3096
f 3109 3099 3097
f 3109 3104 1665
f 3109 3096 3104
f 3109 1665 1666
f 3110 3098 3108
f 3111 1609 3106
f 3111 1610 1609
f 3112 3098 3110
f 3112 3102 3098
f 3113 3102 3112
f 3114 3101 3099
f 3114 3103 3101
f 3114 3099 3109
f 3114 1666 1667
f 3114 3109 1666
f 3115 1611 1610
f 3115 1610 3111
f 3116 3102 3113
f 3117 3107 3118
f 3119 3106 3102
f 3119 3102 3116
f 3120 3114 1667
f 3120 3103 3114
f 3120 3108 3105
f 3120 1667 1668
f 3120 3105 3103
f 3121 1612 1611
f 3121 1611 3115
f 3122 3107 3117
f 3123 3106 3119
f 3124 3107 3122
f 3125 3106 3123
f 3125 3111 3106
f 3126 3120 1668
f 3126 3112 3110
f 3126 3110 3108
f 3126 3108 3120
f 3126 1668 1669
f 3127 1612 3121
f 3127 1613 1612
f 3128 3111 3125
f 3129 3111 3128
f 3129 3115 3111
f 3130 3116 3113
f 3130 3126 1669
f 3130 3112 3126
f 3130 3113 3112
f 3130 1669 1670
f 3131 1613 3127
f 3131 1614 1613
f 3132 3115 3129
f 3133 3121 3115
f 3133 3115 3132
f 3134 3130 1670
f 3134 3116 3130
f 3134 3119 3116
f 3134 3123 3119
f 3134 1670 1671
f 3135 1773 1774
f 3135 1774 1775
f 3136 1791 1792
f 3136 1792 1793
f 3136 1793 1794
f 3137 1614 3131
f 3137 1615 1614
f 3138 1797 3139
f 3138 1794 1795
f 3138 1795 1796
f 3138 1796 1797
f 3138 3136 1794
f 3140 3121 3133
f 3141 3121 3140
f 3141 3127 3121
f 3142 3123 3134
f 3142 3134 1671
f 3142 3125 3123
f 3142 3128 3125
f 3142 1671 1672
f 3143 1773 3135
f 3143 1771 1772
f 3143 1772 1773
f 3144 1615 3137
f 3144 1616 1615
f 3145 3127 3141
f 3146 3147 2895
f 3148 3142 1672
f 3148 3128 3142
f 3148 3132 3129
f 3148 3129 3128
f 3148 1672 1673
f 3149 3131 3127
f 3149 3127 3145
f 3150 3135 3146
f 3150 3146 2895
f 3151 1617 1616
f 3151 1616 3144
f 3152 3131 3149
f 3153 3143 3135
f 3153 3135 3150
f 3153 3150 2895
f 3154 3148 1673
f 3154 3140 3133
f 3154 3132 3148
f 3154 3133 3132
f 3154 1673 1674
f 3155 3131 3152
f 3155 3137 3131
f 3156 3139 1797
f 3156 1797 1798
f 3156 1798 1799
f 3156 1799 1800
f 3157 1618 1617
f 3157 1617 3151
f 3158 3153 2895
f 3158 3143 3153
f 3159 3137 3155
f 3160 1674 1675
f 3160 3141 3140
f 3160 3145 3141
f 3160 3140 3154
f 3160 3154 1674
f 3161 3144 3137
f 3161 3137 3159
f 3162 1619 1618
f 3162 1618 3157
f 3163 3158 2895
f 3163 3143 3158
f 3164 3144 3161
f 3165 1675 1676
f 3165 3152 3149
f 3165 3149 3145
f 3165 3145 3160
f 3165 3160 1675
f 3166 1619 3162
f 3167 3144 3164
f 3167 3151 3144
f 3168 3151 3167
f 3169 1676 1677
f 3169 3159 3155
f 3169 3165 1676
f 3169 3155 3152
f 3169 3152 3165
f 3170 1620 1619
f 3170 1619 3166
f 3171 3157 3151
f 3171 3151 3168
f 3172 1805 1806
f 3172 1806 1807
f 3172 1807 2895
f 3172 2895 3147
f 3173 1802 1803
f 3173 1803 1804
f 3173 1804 1805
f 3173 1805 3172
f 3174 3157 3171
f 3175 1771 3143
f 3175 3143 3163
f 3175 1770 1771
f 3176 1621 1620
f 3176 1620 3170
f 3177 1677 1678
f 3177 3164 3161
f 3177 3159 3169
f 3177 3161 3159
f 3177 3169 1677
f 3178 3157 3174
f 3178 3162 3157
f 3179 3162 3178
f 3180 1622 1621
f 3180 1621 3176
f 3181 3162 3179
f 3181 3166 3162
f 3182 1678 1679
f 3182 3167 3164
f 3182 3168 3167
f 3182 3177 1678
f 3182 3164 3177
f 3183 3166 3181
f 3183 3170 3166
f 3184 1622 3180
f 3184 1623 1622
f 3185 3170 3183
f 3186 1575 1574
f 3186 1366 1575
f 3186 1367 1366
f 3186 1574 1573
f 3187 3186 1573
f 3188 1679 1680
f 3188 3168 3182
f 3188 3171 3168
f 3188 3174 3171
f 3188 3182 1679
f 3189 3187 1573
f 3189 1567 1566
f 3189 1568 1567
f 3189 1569 1568
f 3189 1570 1569
f 3189 1571 1570
f 3189 1572 1571
f 3189 1573 1572
f 3190 1624 1623
f 3190 1623 3184
f 3191 3176 3170
f 3191 3170 3185
f 3192 3176 3191
f 3193 1624 3190
f 3194 1680 1681
f 3194 3179 3178
f 3194 3188 1680
f 3194 3178 3174
f 3194 3174 3188
f 3195 3180 3176
f 3195 3176 3192
f 3196 1625 1624
f 3196 1624 3193
f 3197 3180 3195
f 3198 1681 1682
f 3198 3181 3179
f 3198 3179 3194
f 3198 3194 1681
f 3198 3183 3181
f 3199 3180 3197
f 3199 3184 3180
f 3200 1625 3196
f 3201 3184 3199
f 3202 1626 1625
f 3202 1625 3200
f 3203 3190 3184
f 3203 3184 3201
f 3204 1770 3175
f 3204 1768 1769
f 3204 1769 1770
f 3205 3183 3198
f 3205 1682 1683
f 3205 3198 1682
f 3205 3185 3183
f 3205 3191 3185
f 3206 1627 1626
f 3206 1626 3202
f 3207 3190 3203
f 3208 3175 3163
f 3208 1810 1811
f 3208 1811 1812
f 3208 2895 1810
f 3208 3163 2895
f 3209 3193 3190
f 3209 3190 3207
f 3210 1627 3206
f 3211 1683 1684
f 3211 3195 3192
f 3211 3192 3191
f 3211 3191 3205
f 3211 3205 1683
f 3212 3209 3207
f 3213 1627 3210
f 3213 1628 1627
f 3214 3196 3193
f 3214 3193 3209
f 3214 3209 3212
f 3215 1628 3213
f 3216 3199 3197
f 3216 1684 1685
f 3216 3211 1684
f 3216 3195 3211
f 3216 3197 3195
f 3217 3214 3212
f 3218 3175 3208
f 3218 3204 3175
f 3219 1628 3215
f 3219 1629 1628
f 3220 3214 3217
f 3220 3196 3214
f 3220 3200 3196
f 3221 1629 3219
f 3222 3220 3217
f 3223 3199 3216
f 3223 3216 1685
f 3223 3203 3201
f 3223 3201 3199
f 3224 1629 3221
f 3224 1630 1629
f 3224 1631 1630
f 3224 1632 1631
f 3225 3200 3220
f 3225 3202 3200
f 3225 3220 3222
f 3226 3225 3222
f 3227 3202 3225
f 3227 3225 3226
f 3228 3207 3203
f 3228 1685 1686
f 3228 3203 3223
f 3228 3223 1685
f 3229 3227 3226
f 3230 3227 3229
f 3230 3206 3202
f 3230 3202 3227
f 3231 3207 3228
f 3231 1686 1687
f 3231 3212 3207
f 3231 3228 1686
f 3231 3217 3212
f 3232 3230 3229
f 3233 3204 3218
f 3234 3206 3230
f 3234 3210 3206
f 3234 3230 3232
f 3235 3234 3232
f 3236 3217 3231
f 3236 1687 1688
f 3236 3231 1687
f 3236 3222 3217
f 3237 1632 3224
f 3237 3189 1566
f 3237 1633 1632
f 3237 1563 1633
f 3237 1564 1563
f 3237 1565 1564
f 3237 1566 1565
f 3238 3234 3235
f 3238 3210 3234
f 3238 3213 3210
f 3239 1768 3204
f 3239 1766 1767
f 3239 1767 1768
f 3240 3238 3235
f 3241 3213 3238
f 3241 3238 3240
f 3241 3215 3213
f 3242 3222 3236
f 3242 3226 3222
f 3242 3236 1688
f 3243 3241 3240
f 3244 3219 3215
f 3244 3215 3241
f 3244 3241 3243
f 3245 1688 1689
f 3245 3226 3242
f 3245 3229 3226
f 3245 3242 1688
f 3246 3244 3243
f 3247 3219 3244
f 3247 3244 3246
f 3248 3224 3221
f 3248 3221 3219
f 3248 3219 3247
f 3249 3247 3246
f 3249 3248 3247
f 3250 3245 1689
f 3250 3232 3229
f 3250 3229 3245
f 3251 3204 3233
f 3251 3239 3204
f 3252 1766 3239
f 3253 3224 3248
f 3253 3248 3249
f 3254 1689 1690
f 3254 3232 3250
f 3254 3250 1689
f 3254 3235 3232
f 3255 3240 3235
f 3255 1690 1691
f 3255 3254 1690
f 3255 3235 3254
f 3256 3239 3251
f 3256 3252 3239
f 3257 1766 3252
f 3257 1765 1766
f 3258 3186 3187
f 3258 1367 3186
f 3258 3189 3237
f 3258 3187 3189
f 3259 3243 3240
f 3259 3255 1691
f 3259 3240 3255
f 3260 3208 1812
f 3260 1812 1813
f 3260 3218 3208
f 3260 3233 3218
f 3260 3251 3233
f 3261 1691 1692
f 3261 3259 1691
f 3261 3246 3243
f 3261 3243 3259
f 3262 1764 1765
f 3262 1765 3257
f 3263 3252 3256
f 3264 3249 3246
f 3264 3246 3261
f 3264 3261 1692
f 3265 3237 3224
f 3265 3224 3253
f 3265 3258 3237
f 3266 1764 3262
f 3267 3253 3249
f 3267 1692 1693
f 3267 3249 3264
f 3267 3264 1692
f 3268 1927 1928
f 3268 1928 1929
f 3268 1929 1930
f 3269 3252 3263
f 3269 3257 3252
f 3270 1693 1694
f 3270 3253 3267
f 3270 3267 1693
f 3271 1764 3266
f 3271 1762 1763
f 3271 1763 1764
f 3272 3263 3256
f 3272 3251 3260
f 3272 1813 1814
f 3272 3256 3251
f 3272 3260 1813
f 3272 2896 3269
f 3272 1814 2896
f 3272 3269 3263
f 3273 1927 3268
f 3273 1926 1927
f 3274 3262 3257
f 3274 3257 3269
f 3274 3269 2896
f 3275 1367 3258
f 3276 3266 3262
f 3276 3262 3274
f 3277 3258 3265
f 3278 3277 3265
f 3279 1930 1931
f 3279 3273 3268
f 3279 3268 1930
f 3280 3266 3276
f 3281 3278 3265
f 3282 3281 3265
f 3283 3266 3280
f 3283 3271 3266
f 3284 3271 3283
f 3284 1762 3271
f 3284 1760 1761
f 3284 1761 1762
f 3285 3258 3277
f 3285 3281 3282
f 3285 3278 3281
f 3285 3275 3258
f 3285 3277 3278
f 3286 3282 3265
f 3286 3265 3253
f 3286 3253 3270
f 3287 1760 3284
f 3287 1759 1760
f 3288 3285 3282
f 3289 1759 3287
f 3290 3285 3288
f 3290 3275 3285
f 3291 1758 1759
f 3291 1759 3289
f 3292 3290 3288
f 3293 3292 3288
f 3294 3282 3286
f 3294 3293 3288
f 3294 3295 3296
f 3294 3286 3295
f 3294 3288 3282
f 3297 3284 3283
f 3297 3287 3284
f 3298 1758 3291
f 3298 1757 1758
f 3299 3293 3294
f 3299 3290 3292
f 3299 3275 3290
f 3299 3300 3275
f 3299 3292 3293
f 3301 3287 3297
f 3301 3289 3287
f 3302 3283 3280
f 3302 3274 2896
f 3302 3301 3297
f 3302 3297 3283
f 3302 3276 3274
f 3302 3280 3276
f 3303 1757 3298
f 3303 1756 1757
f 3304 3301 3302
f 3304 3289 3301
f 3305 1756 3303
f 3306 3291 3289
f 3306 3289 3304
f 3306 3304 3302
f 3307 3306 3302
f 3307 3291 3306
f 3307 3302 2897
f 3307 3298 3291
f 3308 1756 3305
f 3308 1754 1755
f 3308 1755 1756
f 3309 3307 2897
f 3309 3303 3298
f 3309 3298 3307
f 3310 1920 1921
f 3310 1921 1922
f 3311 3305 3303
f 3311 3303 3309
f 3312 3305 3311
f 3313 3305 3312
f 3313 3308 3305
f 3314 1752 1753
f 3314 1753 1754
f 3314 1754 3308
f 3315 1818 1819
f 3315 1819 1820
f 3315 1820 1821
f 3315 2897 3302
f 3315 2896 1818
f 3315 1821 2897
f 3315 3302 2896
f 3316 1751 1752
f 3316 1752 3314
f 3317 1751 3316
f 3318 1933 1934
f 3319 3308 3313
f 3319 3316 3314
f 3319 3314 3308
f 3320 1751 3317
f 3320 1750 1751
f 3321 3313 3312
f 3321 3319 3313
f 3321 3311 3309
f 3321 3312 3311
f 3321 3309 2897
f 3322 3319 3321
f 3322 3316 3319
f 3322 3317 3316
f 3323 1750 3320
f 3323 1749 1750
f 3324 1934 1935
f 3324 1935 1936
f 3324 1936 1937
f 3324 3318 1934
f 3325 3322 3321
f 3325 3317 3322
f 3326 3318 3324
f 3326 3327 3318
f 3326 3324 1937
f 3326 3328 3327
f 3326 1937 1938
f 3326 1938 1939
f 3329 1749 3323
f 3329 1748 1749
f 3330 3321 2899
f 3330 3320 3317
f 3330 3325 3321
f 3330 3317 3325
f 3331 3320 3330
f 3331 3330 2899
f 3331 3323 3320
f 3332 3329 3323
f 3332 3323 3331
f 3333 3329 3332
f 3334 1945 1946
f 3335 1748 3329
f 3335 1743 1744
f 3335 1744 1745
f 3335 1745 1746
f 3335 1746 1747
f 3335 1747 1748
f 3336 2899 3321
f 3336 1824 1825
f 3336 1825 1826
f 3336 1826 1827
f 3336 1827 1828
f 3336 2897 1824
f 3336 1828 2899
f 3336 3321 2897
f 3337 3338 3339
f 3340 3329 3333
f 3340 3335 3329
f 3341 3332 3331
f 3341 3333 3332
f 3341 3331 2899
f 3341 3340 3333
f 3342 3343 3344
f 3345 3335 3340
f 3346 1399 1398
f 3347 3335 3345
f 3348 1399 3346
f 3348 1400 1399
f 3348 1401 1400
f 3348 1402 1401
f 3349 3348 3346
f 3350 1402 3348
f 3350 1403 1402
f 3351 3335 3347
f 3352 3348 3349
f 3353 1403 3350
f 3354 3348 3352
f 3355 3335 3351
f 3356 1403 3353
f 3356 1404 1403
f 3357 3348 3354
f 3358 3335 3355
f 3359 1404 3356
f 3359 1405 1404
f 3359 1406 1405
f 3360 3348 3357
f 3361 3335 3358
f 3362 3342 3363
f 3362 3363 3364
f 3365 3348 3360
f 3365 3350 3348
f 3365 3359 3356
f 3365 3353 3350
f 3365 3356 3353
f 3366 3346 3367
f 3366 3349 3346
f 3368 3335 3361
f 3369 3299 3294
f 3370 3359 3365
f 3371 3352 3349
f 3371 3349 3366
f 3372 3342 3362
f 3373 3335 3368
f 3374 3359 3370
f 3375 3354 3352
f 3375 3352 3371
f 3376 3335 3373
f 3377 3342 3372
f 3378 3359 3374
f 3379 3335 3376
f 3379 1743 3335
f 3379 1742 1743
f 3380 3357 3354
f 3380 3354 3375
f 3381 3359 3378
f 3382 3357 3380
f 3383 3357 3382
f 3383 3360 3357
f 3384 3359 3381
f 3385 3360 3383
f 3386 1406 3359
f 3386 3359 3384
f 3386 1407 1406
f 3386 1408 1407
f 3386 1409 1408
f 3387 3360 3385
f 3388 3389 3390
f 3391 3366 3392
f 3393 3360 3387
f 3394 2899 1831
f 3394 1835 2900
f 3394 3341 2899
f 3394 1831 1832
f 3394 1832 1833
f 3394 1833 1834
f 3394 1834 1835
f 3395 3366 3391
f 3396 3360 3393
f 3397 1915 2898
f 3397 1913 1914
f 3397 1914 1915
f 3398 1742 3379
f 3398 1739 1740
f 3398 1740 1741
f 3398 1741 1742
f 3399 3400 3369
f 3399 1709 1710
f 3401 3371 3366
f 3401 3383 3382
f 3401 3382 3380
f 3401 3366 3395
f 3401 3387 3385
f 3401 3385 3383
f 3401 3375 3371
f 3401 3380 3375
f 3402 3360 3396
f 3402 3365 3360
f 3403 3370 3365
f 3403 3374 3370
f 3403 3365 3402
f 3403 3378 3374
f 3404 1739 3398
f 3405 1739 3404
f 3405 1738 1739
f 3406 1737 1738
f 3406 1738 3405
f 3407 3384 3381
f 3407 3386 3384
f 3407 3378 3403
f 3407 3381 3378
f 3407 1409 3386
f 3408 1737 3406
f 3408 1734 1735
f 3408 1735 1736
f 3408 1736 1737
f 3409 3397 2898
f 3409 1954 1955
f 3410 3411 3412
f 3410 1710 1711
f 3410 1711 1712
f 3410 3412 3399
f 3410 3399 1710
f 3413 3398 3379
f 3414 3376 3373
f 3414 3379 3376
f 3414 3413 3379
f 3414 3373 3368
f 3415 3403 3402
f 3415 3396 3393
f 3415 3407 3403
f 3415 3387 3401
f 3415 3393 3387
f 3415 3402 3396
f 3416 3398 3413
f 3417 3416 3413
f 3418 3404 3398
f 3418 3398 3416
f 3418 3416 3417
f 3419 3397 3409
f 3419 3409 1955
f 3420 3418 3417
f 3421 3418 3420
f 3421 3404 3418
f 3421 3405 3404
f 3422 3421 3420
f 3423 3421 3422
f 3423 3408 3406
f 3423 3406 3405
f 3423 3405 3421
f 3424 3423 3422
f 3425 3423 3424
f 3425 3408 3423
f 3426 3414 2900
f 3426 3420 3417
f 3426 3417 3413
f 3426 3413 3414
f 3426 1840 1841
f 3426 1841 1842
f 3426 1842 1843
f 3426 2900 1840
f 3427 1913 3397
f 3427 1912 1913
f 3427 2901 1912
f 3427 3397 3419
f 3428 3420 3426
f 3428 3426 1843
f 3428 3422 3420
f 3429 3424 3422
f 3429 3428 1843
f 3429 3422 3428
f 3430 3424 3429
f 3430 3429 1843
f 3430 3425 3424
f 3430 1843 1844
f 3430 1844 1845
f 3430 1845 1846
f 3430 1846 1847
f 3431 2078 2079
f 3431 2079 2080
f 3431 2080 2081
f 3432 2078 3431
f 3432 2077 2078
f 3433 3427 3419
f 3434 3431 2081
f 3434 3432 3431
f 3435 3419 1955
f 3435 3433 3419
f 3435 1955 1956
f 3435 1956 1957
f 3436 3432 3434
f 3437 3438 3439
f 3440 3435 1957
f 3440 2901 3427
f 3440 3427 3433
f 3440 1957 1958
f 3440 1958 1959
f 3440 3433 3435
f 3441 3442 3443
f 3441 3444 3442
f 3441 3445 3446
f 3441 3437 3439
f 3441 3446 3447
f 3441 3448 3445
f 3441 3443 3448
f 3441 3439 3444
f 3449 3436 3434
f 3450 1907 1908
f 3450 1908 2901
f 3451 2074 2902
f 3451 2072 2073
f 3451 2073 2074
f 3452 1899 1900
f 3452 1900 1901
f 3452 1901 1902
f 3452 1902 1903
f 3452 1903 1904
f 3453 3454 3450
f 3453 3450 2901
f 3455 3440 1959
f 3455 3453 2901
f 3455 2901 3440
f 3455 1959 1960
f 3455 1960 1961
f 3455 1961 1962
f 3456 3447 3457
f 3456 3458 3459
f 3456 3460 3461
f 3456 3462 3463
f 3456 3441 3447
f 3456 3464 3462
f 3456 3461 3465
f 3456 3463 3458
f 3456 3457 3460
f 3456 3465 3464
f 3466 1896 1897
f 3466 1897 1898
f 3466 1898 1899
f 3466 1899 3452
f 3466 2904 1896
f 3467 3451 2902
f 3468 3466 3454
f 3468 2904 3466
f 3469 3456 3459
f 3469 1854 1855
f 3470 3455 1962
f 3470 3453 3455
f 3470 1962 1963
f 3470 1963 1964
f 3471 3456 3469
f 3471 3472 3456
f 3473 3467 3474
f 3475 3454 3453
f 3475 3453 3470
f 3475 3470 1964
f 3475 1964 1965
f 3475 1965 1966
f 3476 3471 3469
f 3476 3472 3471
f 3477 2903 2070
f 3477 2070 2071
f 3477 2071 2072
f 3478 3472 3476
f 3478 3476 3469
f 3479 3478 3469
f 3479 3472 3478
f 3480 3479 3469
f 3481 2085 2086
f 3481 2086 2087
f 3481 2087 2088
f 3482 2903 3477
f 3483 3480 3469
f 3484 2088 2089
f 3484 2089 2090
f 3484 3481 2088
f 3485 2090 2091
f 3485 3484 2090
f 3486 3483 3469
f 3487 3486 3469
f 3488 3454 3475
f 3489 3487 3469
f 3490 3454 3488
f 3490 2904 3468
f 3490 3468 3454
f 3491 3482 3477
f 3492 3490 3488
f 3493 3469 1855
f 3493 1855 1856
f 3493 1856 1857
f 3493 1857 1858
f 3493 3489 3469
f 3494 2903 3482
f 3494 2068 2903
f 3495 3482 3491
f 3496 2068 3494
f 3496 2066 2067
f 3496 2067 2068
f 3497 3482 3495
f 3497 3494 3482
f 3498 2091 2092
f 3498 2092 2093
f 3498 2093 2094
f 3498 2094 2905
f 3498 3485 2091
f 3499 3475 1966
f 3499 3488 3475
f 3499 3492 3488
f 3499 1966 1967
f 3499 1967 1968
f 3499 1968 1969
f 3499 1969 1970
f 3499 1970 1971
f 3500 1891 1892
f 3500 1892 1893
f 3500 1893 1894
f 3500 1894 1895
f 3500 1895 2904
f 3500 3501 1891
f 3502 3494 3497
f 3503 3496 3494
f 3503 3494 3502
f 3504 1887 1888
f 3504 1888 1889
f 3504 1889 1890
f 3504 1890 1891
f 3504 1891 3501
f 3505 1887 3504
f 3506 1883 1884
f 3506 1884 1885
f 3506 1885 1886
f 3506 1886 1887
f 3506 1887 3505
f 3507 2096 2097
f 3507 2097 2098
f 3507 2905 2096
f 3508 2066 3496
f 3508 2065 2066
f 3508 3496 3503
f 3509 2098 2099
f 3509 2099 2100
f 3509 2101 2906
f 3509 2100 2101
f 3509 3507 2098
f 3510 3500 2904
f 3510 3501 3500
f 3511 1974 1975
f 3511 1975 1976
f 3512 3493 1858
f 3512 1858 1859
f 3512 1859 1860
f 3512 1860 1861
f 3512 1861 1862
f 3512 1862 1863
f 3513 3508 3503
f 3514 3512 1863
f 3515 2906 2104
f 3515 3502 3497
f 3515 2104 2105
f 3515 3513 3503
f 3515 3503 3502
f 3516 3514 1863
f 3517 3516 1863
f 3518 3517 1863
f 3519 3508 3513
f 3520 3518 1863
f 3520 1863 1864
f 3521 2065 3508
f 3521 2064 2065
f 3522 1977 1978
f 3522 1978 1979
f 3522 1979 1980
f 3522 3510 3511
f 3522 3511 1976
f 3522 3501 3510
f 3522 1976 1977
f 3523 3520 1864
f 3524 3523 1864
f 3524 3525 3523
f 3526 3524 1864
f 3526 3525 3524
f 3527 3506 3505
f 3527 3505 3504
f 3528 3526 1864
f 3528 3525 3526
f 3529 1882 1883
f 3529 3506 3527
f 3529 1883 3506
f 3530 3528 1864
f 3531 3530 1864
f 3532 3527 3504
f 3532 3504 3501
f 3533 1879 1880
f 3533 1880 1881
f 3533 1881 1882
f 3533 1882 3529
f 3534 1864 1865
f 3534 3531 1864
f 3534 1865 1866
f 3534 1866 1867
f 3534 1867 1868
f 3535 3521 3508
f 3535 3508 3519
f 3536 1980 1981
f 3536 3501 3522
f 3536 3532 3501
f 3536 3522 1980
f 3537 2105 2106
f 3537 3515 2105
f 3537 3519 3513
f 3537 3535 3519
f 3537 3513 3515
f 3538 3536 1981
f 3538 3532 3536
f 3539 3521 3535
f 3540 3532 3538
f 3540 3538 1981
f 3541 3532 3542
f 3541 3527 3532
f 3543 3540 1981
f 3543 3532 3540
f 3544 3541 3542
f 3545 3527 3541
f 3545 3533 3529
f 3545 3529 3527
f 3545 3541 3544
f 3546 1981 1982
f 3546 3543 1981
f 3546 3532 3543
f 3547 3545 3544
f 3548 3533 3545
f 3548 3545 3547
f 3549 1982 1983
f 3549 1983 1984
f 3549 1984 1985
f 3549 3532 3546
f 3549 1985 1986
f 3549 3546 1982
f 3550 2064 3521
f 3550 2062 2063
f 3550 2063 2064
f 3551 3521 3539
f 3551 3550 3521
f 3552 3549 1986
f 3552 3542 3532
f 3552 3544 3542
f 3552 3547 3544
f 3552 3532 3549
f 3553 3535 3537
f 3553 3539 3535
f 3553 2106 2107
f 3553 3551 3539
f 3553 3537 2106
f 3554 1986 1987
f 3554 1987 1988
f 3554 1988 1989
f 3554 1989 1990
f 3554 3552 1986
f 3554 3547 3552
f 3554 3548 3547
f 3555 3550 3551
f 3556 2062 3550
f 3556 2907 2062
f 3557 2908 2056
f 3557 2056 2057
f 3557 2057 2058
f 3557 2058 2059
f 3557 2059 2907
f 3558 3559 3560
f 3561 3550 3555
f 3561 3556 3550
f 3562 2229 2230
f 3562 2230 2231
f 3562 2231 2232
f 3563 2228 2229
f 3563 2229 3562
f 3564 2107 2108
f 3564 3553 2107
f 3564 3551 3553
f 3564 2108 2911
f 3564 3555 3551
f 3564 3561 3555
f 3565 3559 3558
f 3566 3563 3562
f 3566 2232 2233
f 3566 3562 2232
f 3567 3565 3558
f 3568 3569 3565
f 3570 3561 3564
f 3570 3556 3561
f 3571 1421 1420
f 3572 1421 3571
f 3572 3565 3567
f 3572 3568 3565
f 3572 3571 3568
f 3573 2908 3557
f 3574 2910 2049
f 3574 2049 2050
f 3574 2050 2051
f 3574 2051 2052
f 3574 2052 2053
f 3574 2053 2908
f 3575 2909 1421
f 3575 1421 3572
f 3575 3572 3567
f 3576 3567 3577
f 3576 2909 3575
f 3576 3575 3567
f 3578 3564 2911
f 3578 3579 3570
f 3578 3570 3564
f 3580 3573 3579
f 3581 1422 2909
f 3582 1423 1422
f 3582 1422 3581
f 3583 2910 3574
f 3584 2911 2112
f 3584 2112 2113
f 3584 2113 2114
f 3584 2114 2115
f 3584 2115 2913
f 3584 3578 2911
f 3585 2235 2236
f 3586 3587 3580
f 3588 3585 2236
f 3588 2236 2237
f 3588 2237 2238
f 3588 2238 2239
f 3589 2046 2910
f 3589 2910 3583
f 3589 2044 2045
f 3589 2045 2046
f 3590 3585 3588
f 3590 3591 3585
f 3590 3588 2239
f 3590 2239 2240
f 3590 2240 2241
f 3592 3589 3583
f 3592 3583 3587
f 3593 3589 3592
f 3594 2002 2003
f 3594 2003 2004
f 3594 2004 2005
f 3594 2005 2006
f 3595 3594 2006
f 3596 2044 3589
f 3596 2042 2043
f 3596 2043 2044
f 3596 3589 3593
f 3597 3595 2006
f 3598 3597 2006
f 3599 2042 3596
f 3599 2912 2042
f 3600 3598 2006
f 3601 3600 2006
f 3602 3601 2006
f 3602 3603 3601
f 3604 2122 2915
f 3604 3586 2913
f 3604 2118 2119
f 3604 2119 2120
f 3604 2120 2121
f 3604 2121 2122
f 3604 2913 2118
f 3605 3602 2006
f 3605 3603 3602
f 3606 1425 1424
f 3606 1424 3607
f 3606 3607 3608
f 3609 3603 3605
f 3609 3605 2006
f 3610 3609 2006
f 3611 3610 2006
f 3612 3613 1425
f 3612 1425 3606
f 3614 3611 2006
f 3615 3599 3596
f 3615 3596 3593
f 3616 3614 2006
f 3617 3616 2006
f 3617 2006 2007
f 3618 3599 3615
f 3619 3617 2007
f 3620 3615 3593
f 3621 3619 2007
f 3622 3599 3618
f 3623 2039 2912
f 3623 2912 3599
f 3624 3621 2007
f 3625 3624 2007
f 3626 2039 3623
f 3626 2036 2037
f 3626 2037 2038
f 3626 2038 2039
f 3627 2007 2008
f 3627 2008 2009
f 3627 2009 2010
f 3627 2010 2011
f 3627 2011 2012
f 3627 2012 2013
f 3627 2013 2014
f 3627 3625 2007
f 3628 3599 3622
f 3629 3599 3628
f 3629 3623 3599
f 3630 3623 3629
f 3631 1425 3613
f 3632 3623 3630
f 3633 3623 3632
f 3634 1426 1425
f 3634 1425 3631
f 3635 3626 3623
f 3635 3623 3633
f 3636 3626 3635
f 3637 2036 3626
f 3637 2035 2036
f 3637 3626 3636
f 3638 2215 2216
f 3638 2216 2217
f 3639 2035 3637
f 3640 2034 2035
f 3640 2035 3639
f 3641 3638 2217
f 3641 2255 2256
f 3641 2256 2257
f 3641 2914 2255
f 3641 2217 2914
f 3642 2034 3640
f 3642 2033 2034
f 3643 2125 2126
f 3643 2126 2127
f 3643 2129 2916
f 3643 2915 2125
f 3643 2127 2128
f 3643 2128 2129
f 3644 2033 3642
f 3644 2031 2032
f 3644 2032 2033
f 3645 3636 3635
f 3646 3634 3647
f 3646 1426 3634
f 3648 3645 3649
f 3648 3636 3645
f 3650 3648 3649
f 3651 3645 3635
f 3651 3649 3645
f 3651 3632 3630
f 3651 3633 3632
f 3651 3635 3633
f 3652 3636 3648
f 3652 3637 3636
f 3652 3648 3650
f 3653 3652 3650
f 3654 3637 3652
f 3654 3652 3653
f 3654 3639 3637
f 3655 3654 3653
f 3656 3654 3655
f 3656 3639 3654
f 3656 3640 3639
f 3657 3656 3655
f 3658 3644 3642
f 3658 3640 3656
f 3658 3642 3640
f 3658 3656 3657
f 3659 2014 2015
f 3659 2015 2016
f 3659 2016 2017
f 3659 2017 2018
f 3659 2018 2019
f 3659 3627 2014
f 3660 3641 2257
f 3660 3638 3641
f 3661 3659 2019
f 3662 3661 2019
f 3663 3658 3657
f 3664 3644 3658
f 3664 3658 3663
f 3665 3662 2019
f 3666 3651 2916
f 3666 3649 3651
f 3666 2134 2135
f 3666 2916 2134
f 3667 3665 2019
f 3668 3667 2019
f 3669 3664 3663
f 3669 3644 3664
f 3670 3666 2135
f 3670 3649 3666
f 3670 2135 2136
f 3670 3650 3649
f 3671 3672 3673
f 3674 3668 2019
f 3674 3675 3668
f 3674 3676 3677
f 3674 3678 3675
f 3674 3671 3673
f 3674 3677 3671
f 3674 2019 2020
f 3674 2020 2021
f 3674 2021 2022
f 3674 3673 3678
f 3679 3680 3676
f 3679 3676 3674
f 3681 3650 3670
f 3681 3655 3653
f 3681 3653 3650
f 3681 2136 2137
f 3681 3670 2136
f 3682 3655 3681
f 3682 3681 2137
f 3682 3657 3655
f 3683 3682 2137
f 3683 3657 3682
f 3683 3669 3663
f 3683 3663 3657
f 3684 2213 2214
f 3684 2214 2215
f 3684 2215 3638
f 3684 3638 3660
f 3684 2918 2213
f 3685 3683 2137
f 3685 3669 3683
f 3685 2137 2138
f 3686 1428 1427
f 3687 2138 2139
f 3687 2139 2140
f 3687 2140 2141
f 3687 3685 2138
f 3687 3669 3685
f 3688 2917 1428
f 3688 1428 3686
f 3689 2381 2382
f 3689 2382 2383
f 3689 2379 2380
f 3689 2380 2381
f 3690 3660 2257
f 3690 3684 3660
f 3690 2257 2258
f 3690 2258 2259
f 3691 2379 3689
f 3692 2919 2377
f 3692 2379 3691
f 3692 2377 2378
f 3692 2378 2379
f 3693 1429 2917
f 3694 2208 2209
f 3694 2209 2210
f 3694 2210 2211
f 3694 2211 2212
f 3694 2212 2918
f 3695 1430 1429
f 3695 1429 3693
f 3696 2376 2919
f 3696 2374 2375
f 3696 2375 2376
f 3697 3698 3694
f 3697 3694 2918
f 3699 2200 2201
f 3699 2201 2202
f 3699 2202 2203
f 3699 2203 2204
f 3699 2204 2205
f 3700 2374 3696
f 3700 2920 2372
f 3700 2372 2373
f 3700 2373 2374
f 3701 3697 2918
f 3701 2262 2263
f 3701 2263 2264
f 3701 2264 2265
f 3701 2265 2266
f 3702 3699 3698
f 3702 2200 3699
f 3703 1432 1431
f 3704 2149 2150
f 3704 2150 2151
f 3704 2151 2152
f 3705 3702 3698
f 3705 3706 3702
f 3707 1432 3703
f 3707 3703 3708
f 3709 3710 3711
f 3712 2387 2388
f 3712 2388 2389
f 3712 2389 2390
f 3712 3713 2387
f 3714 3715 1432
f 3714 1432 3707
f 3716 3717 3704
f 3716 3718 3717
f 3719 2390 2391
f 3719 2391 2392
f 3719 3711 3713
f 3719 3712 2390
f 3719 3713 3712
f 3720 3721 3716
f 3720 3716 3704
f 3722 3720 3704
f 3722 3721 3720
f 3723 3722 3704
f 3724 3723 3704
f 3725 3724 3704
f 3726 3725 3704
f 3727 3728 3729
f 3727 3730 3728
f 3731 3726 3704
f 3732 3706 3705
f 3732 3705 3698
f 3732 2269 2270
f 3732 2270 2271
f 3732 2271 2272
f 3732 2272 2273
f 3733 3731 3704
f 3734 3733 3704
f 3734 3704 2152
f 3735 1432 3715
f 3736 3734 2152
f 3737 2193 2194
f 3737 2194 2195
f 3737 2195 2196
f 3738 3736 2152
f 3738 2152 2153
f 3738 2153 2154
f 3738 2154 2155
f 3738 2155 2156
f 3738 2156 2157
f 3739 2399 2400
f 3739 2921 2399
f 3739 2400 2401
f 3739 3730 3727
f 3739 3727 2921
f 3740 1432 3735
f 3740 1433 1432
f 3741 3730 3739
f 3742 2369 2920
f 3743 3744 3737
f 3745 2401 2402
f 3745 3739 2401
f 3745 2402 2403
f 3745 2403 2922
f 3745 3741 3739
f 3746 1433 3740
f 3746 3740 3747
f 3748 2190 2191
f 3748 2191 2192
f 3748 2193 3737
f 3748 2192 2193
f 3748 3737 3744
f 3749 3742 3750
f 3751 2190 3748
f 3752 3753 3741
f 3752 3750 3753
f 3752 3745 2922
f 3752 3741 3745
f 3754 2190 3751
f 3754 2189 2190
f 3755 2185 2186
f 3755 2186 2187
f 3755 2187 2188
f 3755 2188 2189
f 3755 2189 3754
f 3756 2367 2368
f 3756 2368 2369
f 3756 2369 3742
f 3757 3742 3749
f 3758 3749 3750
f 3758 3752 2922
f 3758 3750 3752
f 3758 3757 3749
f 3759 3744 3743
f 3759 2276 2277
f 3759 2277 2278
f 3759 2278 2279
f 3759 2279 2280
f 3760 3756 3742
f 3760 3742 3757
f 3761 3762 3721
f 3763 3738 2157
f 3763 2157 2158
f 3763 2158 2159
f 3763 2159 2160
f 3763 2160 2161
f 3763 2161 2162
f 3763 2162 2163
f 3763 2163 2164
f 3764 2922 2405
f 3764 2405 2406
f 3764 2406 2407
f 3764 3757 3758
f 3764 3760 3757
f 3764 3758 2922
f 3765 3756 3760
f 3766 3763 2164
f 3767 2367 3756
f 3767 2366 2367
f 3768 3766 2164
f 3769 3768 2164
f 3769 2164 2165
f 3770 3769 2165
f 3771 3770 2165
f 3772 3755 3754
f 3772 2185 3755
f 3773 3771 2165
f 3774 3773 2165
f 3775 2184 2185
f 3775 2185 3772
f 3776 3774 2165
f 3777 3776 2165
f 3778 2181 2182
f 3778 2182 2183
f 3778 2183 2184
f 3778 2184 3775
f 3779 3777 2165
f 3780 1435 1434
f 3781 3779 2165
f 3781 3782 3779
f 3783 3767 3756
f 3783 3756 3765
f 3784 3782 3781
f 3784 3781 2165
f 3785 3748 3744
f 3785 3754 3751
f 3785 3751 3748
f 3785 3772 3754
f 3786 3784 2165
f 3786 3782 3784
f 3787 3786 2165
f 3788 3787 2165
f 3788 2165 2166
f 3789 2166 2167
f 3789 2167 2168
f 3789 2168 2169
f 3789 3788 2166
f 3790 1435 3780
f 3790 2923 1435
f 3791 3764 2407
f 3791 2407 2408
f 3791 3760 3764
f 3791 3765 3760
f 3791 3783 3765
f 3792 3767 3783
f 3793 3772 3785
f 3794 3772 3793
f 3795 3794 3793
f 3796 3772 3794
f 3796 3794 3795
f 3796 3778 3775
f 3796 3775 3772
f 3797 2280 2281
f 3797 2281 2282
f 3797 2282 2283
f 3797 2283 2284
f 3797 3785 3744
f 3797 3744 3759
f 3797 3759 2280
f 3798 3796 3795
f 3799 3778 3796
f 3799 3796 3798
f 3800 3797 2284
f 3800 3785 3797
f 3801 3785 3800
f 3801 3800 2284
f 3802 2284 2285
f 3802 2285 2286
f 3802 2286 2287
f 3802 2287 2288
f 3802 2288 2289
f 3802 3801 2284
f 3803 3767 3792
f 3804 2366 3767
f 3804 2924 2364
f 3804 3767 3803
f 3804 2364 2365
f 3804 2365 2366
f 3805 1436 2923
f 3806 3785 3801
f 3806 3793 3785
f 3806 3795 3793
f 3806 3798 3795
f 3806 3801 3802
f 3807 2408 2409
f 3807 3783 3791
f 3807 3792 3783
f 3807 3803 3792
f 3807 3791 2408
f 3808 1437 1436
f 3808 1436 3805
f 3809 2289 2290
f 3809 2290 2291
f 3809 2291 2292
f 3809 3799 3798
f 3809 3802 2289
f 3809 3798 3806
f 3809 3806 3802
f 3810 2531 2532
f 3810 2532 2533
f 3810 2533 2534
f 3811 2530 2531
f 3811 2531 3810
f 3812 2361 2924
f 3812 2925 2358
f 3812 2358 2359
f 3812 2359 2360
f 3812 2360 2361
f 3813 3804 3803
f 3813 3803 3807
f 3814 3810 2534
f 3814 3811 3810
f 3815 3811 3814
f 3816 3804 3813
f 3817 2409 2410
f 3817 2410 2411
f 3817 3807 2409
f 3817 3813 3807
f 3817 2411 2927
f 3817 3816 3813
f 3818 3804 3816
f 3818 2924 3804
f 3819 3817 2927
f 3819 3816 3817
f 3819 3818 3816
f 3820 1439 1438
f 3820 3821 3822
f 3823 3812 2924
f 3823 2925 3812
f 3823 2924 3818
f 3824 2354 2925
f 3824 2351 2352
f 3824 2352 2353
f 3824 2353 2354
f 3824 2926 2351
f 3825 1439 3820
f 3825 3820 3822
f 3826 3823 3818
f 3827 3828 1439
f 3827 1439 3825
f 3829 3819 2927
f 3829 3818 3819
f 3829 3826 3818
f 3830 3831 3832
f 3833 1440 1439
f 3833 1439 3828
f 3834 3823 3826
f 3835 1440 3833
f 3836 2926 3824
f 3837 2537 2538
f 3838 2348 2926
f 3838 2928 2344
f 3838 2344 2345
f 3838 2345 2346
f 3838 2346 2347
f 3838 2347 2348
f 3839 1441 1440
f 3839 1440 3835
f 3839 3835 3840
f 3841 3837 2538
f 3841 2538 2539
f 3841 2539 2540
f 3841 2540 2541
f 3842 2541 2542
f 3842 2542 2543
f 3842 2543 2544
f 3842 3837 3841
f 3842 3841 2541
f 3843 2417 2929
f 3843 2414 2415
f 3843 2415 2416
f 3843 2416 2417
f 3843 2927 2414
f 3843 3829 2927
f 3844 3845 3834
f 3846 2545 2546
f 3846 2546 2547
f 3847 3836 3845
f 3848 2549 2550
f 3848 2550 2551
f 3848 2551 2552
f 3848 2552 2553
f 3849 2928 3838
f 3850 2306 2307
f 3850 2307 2308
f 3850 2308 2309
f 3851 3850 2309
f 3852 3851 2309
f 3853 3852 2309
f 3854 3853 2309
f 3855 3854 2309
f 3856 2309 2310
f 3856 3857 3855
f 3856 3855 2309
f 3858 3857 3856
f 3858 3856 2310
f 3859 2932 2427
f 3859 3860 3847
f 3861 2420 2421
f 3861 2929 2420
f 3861 2421 2422
f 3861 2422 2423
f 3861 2423 2424
f 3861 3844 2929
f 3862 3858 2310
f 3862 3857 3858
f 3863 2931 1442
f 3863 1442 3864
f 3865 3862 2310
f 3866 3865 2310
f 3867 3866 2310
f 3868 3867 2310
f 3869 3868 2310
f 3870 3869 2310
f 3871 3859 2427
f 3871 3872 3860
f 3871 2427 2428
f 3871 2428 2429
f 3871 2429 2430
f 3871 3860 3859
f 3873 3870 2310
f 3874 3873 2310
f 3875 3849 3872
f 3875 3872 3871
f 3876 3874 2310
f 3877 2310 2311
f 3877 2311 2312
f 3877 2312 2313
f 3877 2313 2314
f 3877 2314 2315
f 3877 2315 2316
f 3877 2316 2317
f 3877 2317 2318
f 3877 3876 2310
f 3878 3849 3875
f 3879 2928 3849
f 3880 3849 3878
f 3880 3879 3849
f 3881 2339 2928
f 3881 2338 2339
f 3881 2928 3879
f 3882 3879 3880
f 3883 2338 3881
f 3883 2337 2338
f 3884 3879 3882
f 3885 2517 2518
f 3885 2518 2519
f 3886 3879 3884
f 3887 2337 3883
f 3888 1443 2931
f 3889 2431 2933
f 3889 2430 2431
f 3889 3871 2430
f 3889 3875 3871
f 3890 3879 3886
f 3891 2337 3887
f 3891 2336 2337
f 3892 3889 2933
f 3892 3884 3882
f 3892 3875 3889
f 3892 3878 3875
f 3892 3882 3880
f 3892 3880 3878
f 3893 3879 3890
f 3894 2336 3891
f 3894 2335 2336
f 3895 3885 2519
f 3895 2558 2559
f 3895 2930 2558
f 3896 1444 1443
f 3896 1443 3888
f 3897 2335 3894
f 3897 2333 2334
f 3897 2334 2335
f 3898 3881 3879
f 3898 3879 3893
f 3899 3898 3900
f 3899 3881 3898
f 3901 3899 3900
f 3902 3883 3881
f 3902 3881 3899
f 3902 3899 3901
f 3903 3902 3901
f 3904 3883 3902
f 3904 3902 3903
f 3904 3887 3883
f 3905 3884 3892
f 3905 3890 3886
f 3905 3892 2933
f 3905 3893 3890
f 3905 3886 3884
f 3905 2434 2435
f 3905 2933 2434
f 3906 3904 3903
f 3907 3891 3887
f 3907 3887 3904
f 3907 3904 3906
f 3908 3905 2435
f 3908 3893 3905
f 3908 2435 2436
f 3908 2436 2437
f 3908 2437 2438
f 3909 3907 3906
f 3910 3897 3894
f 3910 3894 3891
f 3910 3891 3907
f 3910 3907 3909
f 3911 3885 3895
f 3911 3895 2559
f 3912 3910 3909
f 3913 3910 3912
f 3913 3897 3910
f 3914 3900 3898
f 3914 3898 3893
f 3914 3893 3908
f 3915 3897 3913
f 3915 3913 3912
f 3916 2318 2319
f 3916 2319 2320
f 3916 2320 2321
f 3916 3877 2318
f 3916 2321 2322
f 3917 3914 3908
f 3917 3908 2438
f 3917 3900 3914
f 3917 3901 3900
f 3918 3916 2322
f 3919 3917 2438
f 3919 3901 3917
f 3919 2438 2439
f 3919 3903 3901
f 3919 3906 3903
f 3920 2517 3885
f 3920 2513 2514
f 3920 2514 2515
f 3920 2515 2516
f 3920 2516 2517
f 3920 3885 3911
f 3921 3922 3923
f 3924 3925 3918
f 3924 2322 2323
f 3924 2323 2324
f 3924 2324 2325
f 3924 3926 3927
f 3924 3918 2322
f 3924 3928 3926
f 3924 3929 3928
f 3924 3923 3929
f 3924 3921 3923
f 3924 3927 3925
f 3930 3922 3921
f 3930 3921 3924
f 3931 3909 3906
f 3931 3906 3919
f 3931 3919 2439
f 3932 3930 3924
f 3933 3932 3924
f 3933 3924 3934
f 3935 3931 2439
f 3935 3912 3909
f 3935 3915 3912
f 3935 3909 3931
f 3936 3915 3935
f 3936 2439 2440
f 3936 3935 2439
f 3937 3920 3911
f 3937 2934 3920
f 3938 3936 2440
f 3938 2440 2441
f 3938 2441 2442
f 3938 2442 2443
f 3938 3915 3936
f 3939 1446 1445
f 3939 3940 3941
f 3942 2675 2676
f 3942 2676 2677
f 3942 2677 2678
f 3942 2678 2679
f 3943 2675 3942
f 3943 2673 2674
f 3943 2674 2675
f 3944 1446 3939
f 3944 3939 3941
f 3945 1446 3944
f 3945 3946 1446
f 3947 2934 3937
f 3947 2562 2934
f 3947 3911 2559
f 3947 3937 3911
f 3947 2559 2560
f 3947 2560 2561
f 3947 2561 2562
f 3948 2673 3943
f 3948 2672 2673
f 3949 1447 1446
f 3949 1446 3946
f 3950 2509 2510
f 3950 2510 2511
f 3950 2511 2512
f 3950 2512 2513
f 3951 3950 2513
f 3951 2513 3920
f 3951 3920 2934
f 3952 1447 3949
f 3953 2507 2508
f 3953 2508 2509
f 3953 3950 3951
f 3953 3951 2935
f 3953 2509 3950
f 3954 2671 3955
f 3954 2668 2669
f 3954 2669 2670
f 3954 2670 2671
f 3956 1448 1447
f 3956 1447 3952
f 3956 3952 3957
f 3958 2506 2507
f 3958 3953 2935
f 3958 2507 3953
f 3959 3951 2934
f 3959 2935 3951
f 3959 2568 2935
f 3959 2934 2565
f 3959 2565 2566
f 3959 2566 2567
f 3959 2567 2568
f 3960 2936 2667
f 3960 2668 3954
f 3960 2667 2668
f 3961 3958 2935
f 3961 3962 3958
f 3963 2451 2452
f 3963 2452 2453
f 3963 2453 2454
f 3963 2454 2455
f 3964 2684 2685
f 3964 2685 2686
f 3964 3965 2683
f 3964 2683 2684
f 3966 2689 2690
f 3966 2690 2691
f 3967 2686 2687
f 3967 2687 2688
f 3967 2688 2689
f 3967 3965 3964
f 3967 3964 2686
f 3967 3968 3965
f 3967 3969 3968
f 3967 2689 3966
f 3967 3966 3970
f 3967 3970 3969
f 3971 3961 2935
f 3971 2938 3961
f 3972 2937 1449
f 3972 1449 3973
f 3974 2497 2498
f 3974 2498 2499
f 3974 2499 2500
f 3975 3976 3963
f 3975 3977 3976
f 3978 3975 3963
f 3979 3978 3963
f 3980 3981 3979
f 3980 3979 3963
f 3982 3981 3980
f 3982 3980 3963
f 3983 2693 2694
f 3983 2694 2695
f 3983 3984 3985
f 3983 3986 3984
f 3983 3987 3986
f 3983 3988 3987
f 3989 3982 3963
f 3990 3989 3963
f 3991 3963 2455
f 3991 3990 3963
f 3992 3991 2455
f 3993 2935 2569
f 3993 2577 2938
f 3993 3971 2935
f 3993 2569 2570
f 3993 2570 2571
f 3993 2571 2572
f 3993 2572 2573
f 3993 2573 2574
f 3993 2574 2575
f 3993 2575 2576
f 3993 2576 2577
f 3993 2938 3971
f 3994 3992 2455
f 3995 3994 2455
f 3996 3995 2455
f 3997 3996 2455
f 3998 2493 2494
f 3998 2494 2495
f 3998 2495 2496
f 3998 2496 2497
f 3998 3974 3999
f 3998 3999 4000
f 3998 2497 3974
f 4001 3997 2455
f 4001 2455 2456
f 4001 2456 2457
f 4001 2457 2458
f 4001 2458 2459
f 4001 2459 2460
f 4001 2460 2461
f 4002 2936 3960
f 4003 4004 3922
f 4005 1450 2937
f 4006 2936 4002
f 4007 2936 4006
f 4008 1451 1450
f 4008 1450 4005
f 4009 2936 4007
f 4010 2936 4009
f 4011 2492 2493
f 4011 3998 4000
f 4011 2493 3998
f 4012 3999 2938
f 4012 2582 4000
f 4012 2938 2578
f 4012 4000 3999
f 4012 2578 2579
f 4012 2579 2580
f 4012 2580 2581
f 4012 2581 2582
f 4013 2492 4011
f 4014 2936 4010
f 4015 2492 4013
f 4016 2492 4015
f 4017 2698 2699
f 4017 2699 2700
f 4017 4006 4002
f 4017 4007 4006
f 4017 4009 4007
f 4018 2488 2489
f 4018 2489 2490
f 4018 2490 2491
f 4018 2491 2492
f 4018 2492 4016
f 4019 2936 4014
f 4019 2663 2936
f 4019 2662 2663
f 4020 2700 2701
f 4020 2701 2702
f 4020 4017 2700
f 4020 4010 4009
f 4020 4014 4010
f 4020 4009 4017
f 4021 2702 2703
f 4021 2703 2704
f 4021 4019 4014
f 4021 4014 4020
f 4021 4020 2702
f 4022 2660 2661
f 4022 2661 2662
f 4022 2662 4019
f 4023 4001 2461
f 4023 2461 2462
f 4023 2462 2463
f 4023 2463 2464
f 4023 2464 2465
f 4023 2465 2466
f 4023 2466 2467
f 4023 2467 2468
f 4024 2487 2488
f 4024 2488 4018
f 4025 4023 2468
f 4026 2486 2487
f 4026 2487 4024
f 4027 4025 2468
f 4028 4027 2468
f 4029 2483 2484
f 4029 2484 2485
f 4029 2485 2486
f 4029 2486 4026
f 4030 4028 2468
f 4031 4030 2468
f 4032 4019 4021
f 4032 4022 4019
f 4033 4031 2468
f 4034 4033 2468
f 4035 4034 2468
f 4035 2468 2469
f 4036 4035 2469
f 4037 4011 4000
f 4037 4013 4011
f 4037 4015 4013
f 4037 4016 4015
f 4037 4024 4018
f 4037 4018 4016
f 4038 4036 2469
f 4038 4039 4036
f 4040 4038 2469
f 4040 4039 4038
f 4041 1453 1452
f 4041 4042 4043
f 4044 4040 2469
f 4044 4039 4040
f 4045 4044 2469
f 4046 4045 2469
f 4047 4046 2469
f 4048 4047 2469
f 4048 2469 2470
f 4048 2470 2471
f 4048 2471 2472
f 4048 2472 2473
f 4049 4024 4037
f 4050 4022 4032
f 4051 4024 4049
f 4052 4041 4043
f 4052 1453 4041
f 4053 4051 4049
f 4054 4051 4053
f 4054 4029 4026
f 4054 4026 4024
f 4054 4024 4051
f 4055 4054 4053
f 4056 4054 4055
f 4056 4029 4054
f 4057 2939 1453
f 4057 1453 4052
f 4058 2583 2584
f 4058 2584 2585
f 4058 2585 2586
f 4058 4000 2582
f 4058 4037 4000
f 4058 2582 2583
f 4059 4037 4058
f 4059 4058 2586
f 4060 4022 4050
f 4061 2586 2587
f 4061 2587 2588
f 4061 2588 2589
f 4061 2589 2590
f 4061 2590 2591
f 4061 4059 2586
f 4062 4022 4060
f 4062 2660 4022
f 4062 2940 2659
f 4062 2659 2660
f 4063 4053 4049
f 4063 4055 4053
f 4063 4037 4059
f 4063 4059 4061
f 4063 4049 4037
f 4064 4055 4063
f 4064 2591 2592
f 4064 2592 2593
f 4064 2593 2594
f 4064 4063 4061
f 4064 4056 4055
f 4064 4061 2591
f 4065 4021 2704
f 4065 2704 2705
f 4065 4032 4021
f 4065 4060 4050
f 4065 4050 4032
f 4066 1454 2939
f 4067 2828 2829
f 4067 2829 2830
f 4067 2830 2831
f 4067 2831 2832
f 4068 2827 2828
f 4068 2828 4067
f 4069 1454 4066
f 4070 4067 2832
f 4070 4068 4067
f 4071 2655 2940
f 4071 2652 2653
f 4071 2653 2654
f 4071 2654 2655
f 4071 2941 2652
f 4072 4068 4070
f 4073 4060 4065
f 4073 4062 4060
f 4074 4062 4073
f 4075 4074 4073
f 4075 2705 2706
f 4075 4065 2705
f 4075 4073 4065
f 4076 2940 4062
f 4076 4062 4074
f 4077 2940 4076
f 4078 4074 4075
f 4078 2706 2707
f 4078 4076 4074
f 4078 4075 2706
f 4079 4077 4080
f 4079 2940 4077
f 4079 2941 4071
f 4079 4071 2940
f 4081 4079 4080
f 4082 4076 4078
f 4082 4077 4076
f 4082 2707 2708
f 4082 4078 2707
f 4083 4079 4081
f 4084 4080 4077
f 4084 4077 4082
f 4084 2708 2709
f 4084 4082 2708
f 4085 1456 1455
f 4086 2942 2645
f 4086 2648 2941
f 4086 2645 2646
f 4086 2646 2647
f 4086 2647 2648
f 4087 4081 4080
f 4087 4083 4081
f 4087 4080 4084
f 4087 4084 2709
f 4088 1456 4085
f 4088 4085 4089
f 4090 1457 1456
f 4090 1456 4088
f 4090 4091 1457
f 4092 2709 2710
f 4092 2710 2711
f 4092 4087 2709
f 4092 4083 4087
f 4093 4079 4083
f 4094 4079 4093
f 4095 4079 4094
f 4096 4079 4095
f 4097 1457 4091
f 4098 2941 4079
f 4098 4079 4096
f 4099 2711 2712
f 4099 4093 4083
f 4099 2712 2713
f 4099 4083 4092
f 4099 4092 2711
f 4100 2941 4098
f 4101 2835 2836
f 4102 1457 4097
f 4103 4093 4099
f 4103 2713 2714
f 4103 4094 4093
f 4103 4099 2713
f 4104 2941 4100
f 4104 4086 2941
f 4104 4100 4105
f 4104 2942 4086
f 4106 4104 4105
f 4107 4096 4095
f 4107 4103 2714
f 4107 4094 4103
f 4107 4095 4094
f 4108 2836 2837
f 4108 2837 2838
f 4108 2838 2839
f 4108 4101 2836
f 4109 4104 4106
f 4110 4101 4108
f 4110 2839 2840
f 4110 2840 2841
f 4110 4108 2839
f 4111 4098 4096
f 4111 4107 2714
f 4111 4096 4107
f 4111 2714 2715
f 4112 2943 2638
f 4112 2642 2942
f 4112 2638 2639
f 4112 2639 2640
f 4112 2640 2641
f 4112 2641 2642
f 4113 4100 4098
f 4113 2715 2716
f 4113 4111 2715
f 4113 4098 4111
f 4114 2716 2717
f 4114 4113 2716
f 4114 4105 4100
f 4114 4100 4113
f 4115 2843 2844
f 4115 2844 2845
f 4116 4105 4114
f 4116 4109 4106
f 4116 4106 4105
f 4116 4114 2717
f 4117 1458 1457
f 4117 4102 4118
f 4117 1457 4102
f 4119 2717 2718
f 4119 2718 2719
f 4119 4116 2717
f 4119 4109 4116
f 4120 4117 4118
f 4121 4104 4109
f 4121 4109 4119
f 4122 4104 4121
f 4123 2852 2944
f 4123 2851 2852
f 4124 4104 4122
f 4125 4104 4124
f 4125 2942 4104
f 4126 2851 4123
f 4126 2847 2848
f 4126 2848 2849
f 4126 2849 2850
f 4126 2850 2851
f 4127 2814 2815
f 4127 2815 2816
f 4127 2816 2817
f 4128 2942 4125
f 4128 4112 2942
f 4128 4125 4129
f 4130 4128 4129
f 4131 4121 4119
f 4131 2719 2720
f 4131 4119 2719
f 4131 2720 2721
f 4132 4128 4130
f 4133 2605 2606
f 4133 2606 2607
f 4133 2607 2608
f 4134 4121 4131
f 4134 4122 4121
f 4134 2721 2722
f 4134 4131 2721
f 4135 4133 2608
f 4136 4125 4124
f 4136 4122 4134
f 4136 4134 2722
f 4136 4124 4122
f 4137 4135 2608
f 4138 4137 2608
f 4139 2722 2723
f 4139 4136 2722
f 4139 4129 4125
f 4139 4125 4136
f 4140 4138 2608
f 4140 4141 4138
f 4142 4130 4129
f 4142 2723 2724
f 4142 4139 2723
f 4142 4129 4139
f 4143 4140 2608
f 4143 4141 4140
f 4144 1460 1459
f 4145 2608 2609
f 4145 4143 2608
f 4145 4141 4143
f 4146 4132 4130
f 4146 2724 2725
f 4146 4130 4142
f 4146 4142 2724
f 4147 4145 2609
f 4148 4147 2609
f 4149 2945 1460
f 4149 1460 4144
f 4150 4128 4132
f 4150 4132 4146
f 4151 4148 2609
f 4152 4151 2609
f 4153 4152 2609
f 4154 4153 2609
f 4154 2609 2610
f 4154 2610 2611
f 4154 2611 2612
f 4154 2612 2613
f 4154 2613 2614
f 4155 2813 2814
f 4155 2814 4127
f 4156 2633 2943
f 4156 2943 4157
f 4156 2631 2632
f 4156 2632 2633
f 4158 4127 2944
f 4158 2855 2856
f 4158 2856 2857
f 4158 2944 2855
f 4159 2631 4156
f 4160 4150 4146
f 4160 4161 4162
f 4160 4162 4150
f 4160 4163 4161
f 4160 4164 4163
f 4160 2725 2726
f 4160 4146 2725
f 4160 2726 2727
f 4160 2727 2728
f 4160 2728 2729
f 4160 2729 2730
f 4160 4165 4164
f 4166 2631 4159
f 4166 2630 2631
f 4167 4165 4160
f 4168 2630 4166
f 4168 2629 2630
f 4169 4167 4160
f 4170 2629 4168
f 4170 2627 2628
f 4170 2628 2629
f 4171 4169 4160
f 4172 4158 2857
f 4172 4155 4127
f 4172 4127 4158
f 4173 4157 4171
f 4173 4171 4160
f 4174 4157 4173
f 4174 4173 4160
f 4175 1461 2945
f 4176 2730 2731
f 4176 2731 2732
f 4176 4160 2730
f 4176 4174 4160
f 4177 4157 4174
f 4177 4174 4176
f 4178 4156 4157
f 4178 4157 4177
f 4179 4178 4177
f 4180 4159 4156
f 4180 4156 4178
f 4180 4178 4179
f 4181 1461 4175
f 4182 4172 2857
f 4182 4155 4172
f 4183 4180 4179
f 4184 4159 4180
f 4184 4166 4159
f 4184 4180 4183
f 4185 2811 2812
f 4185 2812 2813
f 4185 2813 4155
f 4186 4184 4183
f 4187 4184 4186
f 4187 4168 4166
f 4187 4170 4168
f 4187 4166 4184
f 4188 4187 4186
f 4189 4187 4188
f 4189 4170 4187
f 4190 2811 4185
f 4191 4183 4179
f 4191 4176 2732
f 4191 2732 2733
f 4191 2733 2734
f 4191 2734 2735
f 4191 4179 4177
f 4191 4177 4176
f 4192 4185 4155
f 4192 4190 4185
f 4192 4155 4182
f 4193 2614 2615
f 4193 2615 2616
f 4193 2616 2617
f 4193 4154 2614
f 4194 4183 4191
f 4194 4186 4183
f 4194 4191 2735
f 4195 2810 2811
f 4195 2811 4190
f 4196 4194 2735
f 4196 4186 4194
f 4196 4188 4186
f 4197 2617 2618
f 4197 2618 2619
f 4197 4198 4193
f 4197 4199 4198
f 4197 4200 4199
f 4197 4201 4200
f 4197 4202 4201
f 4197 4203 4202
f 4197 4193 2617
f 4204 4205 4203
f 4204 4203 4197
f 4206 4204 4197
f 4206 4205 4204
f 4207 4206 4197
f 4207 4197 4208
f 4209 4190 4192
f 4210 4189 4188
f 4210 2735 2736
f 4210 2736 2737
f 4210 2737 2738
f 4210 2738 2739
f 4210 4188 4196
f 4210 4196 2735
f 4211 2809 2810
f 4211 2810 4195
f 4212 4209 4192
f 4212 4182 2857
f 4212 2859 2946
f 4212 4192 4182
f 4212 2946 4209
f 4212 2857 2858
f 4212 2858 2859
f 4213 2809 4211
f 4214 4190 4209
f 4214 4209 2946
f 4214 4195 4190
f 4215 2807 2808
f 4215 2808 2809
f 4215 2809 4213
f 4216 85 86
f 4216 86 87
f 4216 87 88
f 4216 88 89
f 4217 4211 4195
f 4217 4195 4214
f 4217 4214 2946
f 4218 4217 2946
f 4218 4211 4217
f 4218 4213 4211
f 4219 4213 4218
f 4220 4215 4213
f 4220 4213 4219
f 4221 1463 1462
f 4222 2807 4215
f 4222 2805 2806
f 4222 2806 2807
f 4222 4215 4220
f 4223 1463 4221
f 4223 4221 4224
f 4225 2804 2805
f 4225 2805 4222
f 4226 4227 1464
f 4226 1464 1463
f 4226 1463 4223
f 4228 2804 4225
f 4229 83 84
f 4230 2803 2804
f 4230 2804 4228
f 4231 4222 4220
f 4231 4225 4222
f 4232 2802 2803
f 4232 2803 4230
f 4233 4228 4225
f 4233 4225 4231
f 4234 4218 2946
f 4234 4219 4218
f 4234 4220 4219
f 4234 4233 4231
f 4234 4231 4220
f 4235 4228 4233
f 4235 4233 4234
f 4236 2801 2802
f 4236 2802 4232
f 4237 1464 4227
f 4238 4234 2947
f 4238 4230 4228
f 4238 4235 4234
f 4238 4228 4235
f 4239 2801 4236
f 4240 1464 4237
f 4241 4230 4238
f 4241 4238 2947
f 4241 4232 4230
f 4242 2798 2799
f 4242 2799 2800
f 4242 2800 2801
f 4242 2801 4239
f 4243 4232 4241
f 4243 4236 4232
f 4243 4241 2947
f 4244 79 80
f 4244 80 81
f 4244 81 82
f 4245 4239 4236
f 4245 4236 4243
f 4246 4239 4245
f 4247 4242 4239
f 4247 4239 4246
f 4248 2947 4234
f 4248 2946 2863
f 4248 2866 2947
f 4248 4234 2946
f 4248 2863 2864
f 4248 2864 2865
f 4248 2865 2866
f 4249 1464 4240
f 4249 1465 1464
f 4249 4240 4250
f 4251 4249 4250
f 4252 79 4244
f 4252 78 79
f 4252 2948 78
f 4253 2797 2798
f 4253 4242 4247
f 4253 2798 4242
f 4254 4243 2947
f 4254 4245 4243
f 4254 4246 4245
f 4254 4247 4246
f 4254 4253 4247
f 4255 2796 2797
f 4255 2797 4253
f 4255 4253 4254
f 4256 2796 4255
f 4256 4254 2950
f 4256 4255 4254
f 4257 4258 93
f 4257 93 94
f 4257 94 95
f 4257 95 96
f 4259 4260 4261
f 4259 4257 96
f 4259 98 4260
f 4259 4262 4258
f 4259 4258 4257
f 4259 4261 4262
f 4259 96 97
f 4259 97 98
f 4263 2795 2796
f 4263 4256 2950
f 4263 2796 4256
f 4264 2794 2795
f 4264 2795 4263
f 4265 2748 2749
f 4265 2749 2750
f 4265 2750 2751
f 4265 2751 2752
f 4266 2793 2794
f 4266 2794 4264
f 4267 1467 1466
f 4268 4269 4265
f 4270 2950 4254
f 4270 2873 2950
f 4270 4254 2947
f 4270 2869 2870
f 4270 2947 2869
f 4270 2870 2871
f 4270 2871 2872
f 4270 2872 2873
f 4271 4268 4265
f 4272 4271 4265
f 4273 1467 4267
f 4273 2949 1467
f 4274 4272 4265
f 4274 4265 2752
f 4275 4276 4274
f 4275 4274 2752
f 4277 4275 2752
f 4277 4276 4275
f 4278 4277 2752
f 4279 4278 2752
f 4280 2752 2753
f 4280 4279 2752
f 4281 4280 2753
f 4282 4281 2753
f 4283 4282 2753
f 4284 2790 2791
f 4284 2791 2792
f 4284 2792 2793
f 4284 2793 4266
f 4285 4283 2753
f 4286 4263 2950
f 4286 4264 4263
f 4286 4266 4264
f 4286 4284 4266
f 4287 4285 2753
f 4288 2789 2790
f 4288 2790 4284
f 4288 4284 4286
f 4288 4286 2951
f 4289 2753 2754
f 4289 2754 2755
f 4289 2755 2756
f 4289 2756 2757
f 4289 2757 2758
f 4289 2758 2759
f 4289 4287 2753
f 4290 4291 4205
f 4292 1468 2949
f 4293 4288 2951
f 4293 2789 4288
f 4294 2788 2789
f 4294 2789 4293
f 4295 1468 4292
f 4296 2788 4294
f 4297 2788 4296
f 4298 2788 4297
f 4299 2785 2786
f 4299 2786 2787
f 4299 2787 2788
f 4299 2788 4298
f 4300 75 2948
f 4300 74 75
f 4301 4286 2950
f 4301 2880 2951
f 4301 2950 2876
f 4301 2876 2877
f 4301 2877 2878
f 4301 2878 2879
f 4301 2879 2880
f 4301 2951 4286
f 4302 74 4300
f 4302 72 73
f 4302 73 74
f 4303 2785 4299
f 4303 2784 2785
f 4304 111 112
f 4304 112 113
f 4304 113 114
f 4305 2784 4303
f 4305 2783 2784
f 4306 2783 4305
f 4306 2782 2783
f 4307 2782 4306
f 4307 2779 2780
f 4307 2780 2781
f 4307 2781 2782
f 4308 4302 4300
f 4308 4304 114
f 4308 4300 4304
f 4309 4289 2759
f 4309 2759 2760
f 4309 2760 2761
f 4309 2761 2762
f 4309 2762 2763
f 4309 2763 2764
f 4309 2764 2765
f 4310 4309 2765
f 4311 4310 2765
f 4311 2765 2766
f 4312 4311 2766
f 4313 4294 4293
f 4313 4299 4298
f 4313 4297 4296
f 4313 4298 4297
f 4313 4293 2951
f 4313 4296 4294
f 4314 4312 2766
f 4315 4314 2766
f 4316 4315 2766
f 4317 4316 2766
f 4318 4299 4313
f 4318 4303 4299
f 4319 4317 2766
f 4320 4303 4318
f 4321 4319 2766
f 4322 4323 4321
f 4322 4321 2766
f 4324 4320 4318
f 4325 4302 4308
f 4326 4320 4324
f 4326 4305 4303
f 4326 4303 4320
f 4327 4322 2766
f 4327 4323 4322
f 4328 4327 2766
f 4329 4328 2766
f 4330 4329 2766
f 4330 2766 2767
f 4330 2767 2768
f 4330 2768 2769
f 4330 2769 2770
f 4331 4326 4324
f 4332 4326 4331
f 4332 4305 4326
f 4332 4306 4305
f 4332 4307 4306
f 4333 4332 4331
f 4334 4307 4332
f 4334 4332 4333
f 4335 1470 1469
f 4336 4302 4325
f 4336 72 4302
f 4336 71 72
f 4336 2952 71
f 4337 4335 4338
f 4337 1471 1470
f 4337 1470 4335
f 4339 4331 4324
f 4339 4318 4313
f 4339 4324 4318
f 4340 2886 2887
f 4340 2887 2888
f 4340 2888 2889
f 4340 4339 4313
f 4340 4313 2951
f 4340 2951 2882
f 4340 2882 2883
f 4340 2883 2884
f 4340 2884 2885
f 4340 2885 2886
f 4341 1471 4337
f 4341 4342 1471
f 4343 4339 4340
f 4343 4331 4339
f 4343 4333 4331
f 4344 2889 2890
f 4344 2890 2891
f 4344 2891 2892
f 4344 2892 2893
f 4344 4340 2889
f 4344 4334 4333
f 4344 4343 4340
f 4344 4333 4343
f 4345 237 238
f 4345 238 239
f 4345 239 240
f 4346 1471 4342
f 4347 236 237
f 4347 237 4345
f 4348 1471 4346
f 4349 4336 4325
f 4350 4347 4345
f 4350 4345 240
f 4351 4347 4350
f 4352 4349 4325
f 4352 114 115
f 4352 115 116
f 4352 4325 4308
f 4352 4308 114
f 4353 4336 4349
f 4353 2952 4336
f 4354 236 4347
f 4354 4347 4351
f 4355 67 2952
f 4355 64 65
f 4355 65 66
f 4355 66 67
f 4355 2953 64
f 4356 4348 4357
f 4356 1472 1471
f 4356 1471 4348
f 4358 2952 4353
f 4359 4352 116
f 4359 4358 4353
f 4359 4349 4352
f 4359 4353 4349
f 4360 2952 4358
f 4361 63 2953
f 4361 58 59
f 4361 59 60
f 4361 60 61
f 4361 61 62
f 4361 62 63
f 4362 2952 4360
f 4363 116 117
f 4363 4359 116
f 4363 4358 4359
f 4363 4360 4358
f 4364 2952 4362
f 4365 4355 2952
f 4365 2952 4364
f 4365 2953 4355
f 4365 4364 4366
f 4367 117 118
f 4367 4362 4360
f 4367 4363 117
f 4367 4360 4363
f 4368 4365 4366
f 4369 118 119
f 4369 4362 4367
f 4369 4364 4362
f 4369 4367 118
f 4370 1474 1473
f 4371 4368 4366
f 4371 4364 4369
f 4371 4366 4364
f 4371 4369 119
f 4372 4361 2953
f 4373 119 120
f 4373 120 121
f 4373 4368 4371
f 4373 4371 119
f 4374 1474 4370
f 4374 2954 1474
f 4375 3 4
f 4375 4 5
f 4375 5 6
f 4375 6 7
f 4376 4365 4368
f 4377 4365 4376
f 4378 4379 4375
f 4380 4381 4378
f 4380 4378 4375
f 4382 4365 4377
f 4383 4380 4375
f 4384 2953 4365
f 4384 4365 4382
f 4385 4383 4375
f 4386 4373 121
f 4386 121 122
f 4386 4368 4373
f 4386 122 123
f 4386 4376 4368
f 4387 4385 4375
f 4388 2953 4384
f 4389 4387 4375
f 4390 2953 4388
f 4391 4389 4375
f 4392 228 229
f 4393 123 124
f 4393 4386 123
f 4393 4377 4376
f 4393 4376 4386
f 4394 244 245
f 4394 245 246
f 4394 246 247
f 4395 4391 4375
f 4396 4395 4375
f 4397 247 248
f 4397 248 249
f 4397 249 250
f 4397 4394 247
f 4397 250 4398
f 4399 4390 4400
f 4399 4372 2953
f 4399 2955 4372
f 4399 2953 4390
f 4401 1475 2954
f 4402 4377 4393
f 4402 4393 124
f 4402 4382 4377
f 4402 4384 4382
f 4403 7 8
f 4403 8 9
f 4403 9 10
f 4403 4396 4375
f 4403 4375 7
f 4404 4399 4400
f 4405 228 4392
f 4405 226 227
f 4405 227 228
f 4406 4399 4404
f 4407 124 125
f 4407 4384 4402
f 4407 4388 4384
f 4407 4402 124
f 4408 4392 4409
f 4410 1475 4401
f 4410 1476 1475
f 4411 125 126
f 4411 4388 4407
f 4411 4390 4388
f 4411 4407 125
f 4412 4392 4408
f 4413 4400 4390
f 4413 126 127
f 4413 4390 4411
f 4413 4411 126
f 4414 4392 4412
f 4414 4405 4392
f 4415 2956 50
f 4415 54 2955
f 4415 50 51
f 4415 51 52
f 4415 52 53
f 4415 53 54
f 4416 4406 4404
f 4416 4413 127
f 4416 4400 4413
f 4416 4404 4400
f 4417 250 251
f 4417 251 252
f 4417 252 253
f 4417 4398 250
f 4418 4405 4414
f 4419 127 128
f 4419 128 129
f 4419 129 130
f 4419 4416 127
f 4419 4406 4416
f 4420 4405 4418
f 4421 130 131
f 4421 4399 4406
f 4421 4419 130
f 4421 4406 4419
f 4422 131 132
f 4422 4399 4421
f 4422 4421 131
f 4423 42 43
f 4423 43 44
f 4423 44 45
f 4423 45 46
f 4423 46 47
f 4423 47 48
f 4423 48 2956
f 4424 258 259
f 4424 259 260
f 4424 260 2957
f 4425 258 4424
f 4425 255 256
f 4425 256 257
f 4425 257 258
f 4426 4399 4422
f 4426 132 133
f 4426 2955 4399
f 4426 4422 132
f 4427 4405 4420
f 4427 225 226
f 4427 226 4405
f 4428 4426 133
f 4429 4426 4428
f 4429 2955 4426
f 4429 4415 2955
f 4429 2956 4415
f 4430 4429 4428
f 4430 133 134
f 4430 134 135
f 4430 4428 133
f 4431 10 11
f 4431 11 12
f 4431 12 13
f 4431 4403 10
f 4431 13 14
f 4431 14 15
f 4431 15 16
f 4431 16 17
f 4431 17 18
f 4432 4431 18
f 4433 4432 18
f 4434 4433 18
f 4435 4434 18
f 4436 18 19
f 4436 4435 18
f 4436 4437 4435
f 4438 4436 19
f 4438 4437 4436
f 4439 4438 19
f 4439 4437 4438
f 4440 4439 19
f 4440 4437 4439
f 4441 4440 19
f 4441 4437 4440
f 4442 4441 19
f 4442 4437 4441
f 4443 135 136
f 4443 136 137
f 4443 137 138
f 4443 4430 135
f 4443 4429 4430
f 4444 4442 19
f 4444 4437 4442
f 4445 4444 19
f 4445 4437 4444
f 4446 2956 4429
f 4446 4429 4443
f 4446 4443 138
f 4446 138 139
f 4447 4445 19
f 4447 4437 4445
f 4448 4449 4450
f 4448 1478 1477
f 4448 1477 4449
f 4451 223 224
f 4451 224 225
f 4451 225 4427
f 4452 4447 19
f 4453 4452 19
f 4454 19 20
f 4454 4453 19
f 4455 4454 20
f 4456 4457 1478
f 4456 1478 4448
f 4458 4459 4423
f 4458 4423 2956
f 4460 263 264
f 4460 264 265
f 4460 4427 4420
f 4460 4420 2957
f 4460 2957 263
f 4461 20 21
f 4461 21 22
f 4461 22 23
f 4461 23 24
f 4461 24 25
f 4461 25 26
f 4461 26 27
f 4461 27 28
f 4461 4455 20
f 4462 4423 4459
f 4462 42 4423
f 4463 42 4462
f 4463 41 42
f 4464 37 38
f 4464 38 39
f 4464 39 40
f 4464 40 41
f 4464 41 4463
f 4465 4427 4460
f 4465 4451 4427
f 4466 4458 2956
f 4466 139 140
f 4466 2956 4446
f 4466 4446 139
f 4467 4458 4466
f 4467 4466 140
f 4468 4467 140
f 4468 4458 4467
f 4469 4468 140
f 4469 4458 4468
f 4470 1478 4457
f 4471 4469 140
f 4471 4458 4469
f 4472 4459 4458
f 4472 4458 4473
f 4474 4451 4465
f 4475 140 141
f 4475 141 142
f 4475 142 143
f 4475 4471 140
f 4475 4458 4471
f 4475 4473 4458
f 4476 4472 4473
f 4477 4462 4459
f 4477 4459 4472
f 4477 4472 4476
f 4478 1478 4470
f 4479 4477 4476
f 4480 4463 4462
f 4480 4462 4477
f 4480 4464 4463
f 4480 4477 4479
f 4481 223 4451
f 4481 221 222
f 4481 222 223
f 4482 4480 4479
f 4483 4480 4482
f 4483 4464 4480
f 4484 4481 4451
f 4484 4451 4474
f 4485 221 4481
f 4486 4476 4473
f 4486 4473 4475
f 4486 143 144
f 4486 144 145
f 4486 4479 4476
f 4486 4475 143
f 4487 4478 4488
f 4487 1479 1478
f 4487 1478 4478
f 4489 4479 4486
f 4489 4482 4479
f 4489 4486 145
f 4490 4481 4484
f 4490 4485 4481
f 4491 221 4485
f 4491 220 221
f 4492 4460 265
f 4492 4474 4465
f 4492 265 266
f 4492 4465 4460
f 4492 4484 4474
f 4493 28 29
f 4493 29 30
f 4493 4461 28
f 4494 4489 145
f 4494 4482 4489
f 4494 145 146
f 4494 146 147
f 4494 147 148
f 4494 148 149
f 4494 4483 4482
f 4495 4496 4497
f 4495 4497 4493
f 4495 4498 4499
f 4495 4493 30
f 4495 30 31
f 4495 4499 4496
f 4495 31 32
f 4495 32 33
f 4500 4498 4495
f 4501 4500 4495
f 4502 4501 4495
f 4502 4503 4501
f 4502 4495 4504
f 4502 4504 4503
f 4505 219 220
f 4505 220 4491
f 4506 4485 4490
f 4507 219 4505
f 4508 381 382
f 4508 382 383
f 4508 383 384
f 4509 4491 4485
f 4509 4485 4506
f 4510 217 218
f 4510 218 219
f 4510 219 4507
f 4511 381 4508
f 4511 380 381
f 4512 4490 4484
f 4512 4484 4492
f 4512 4492 266
f 4512 267 2959
f 4512 266 267
f 4512 4506 4490
f 4512 2959 4509
f 4512 4509 4506
f 4513 4505 4491
f 4513 4491 4509
f 4513 4509 2959
f 4514 4507 4505
f 4514 4505 4513
f 4515 4511 4508
f 4515 4508 384
f 4515 384 385
f 4516 4507 4514
f 4517 4507 4516
f 4517 4510 4507
f 4518 215 216
f 4518 216 217
f 4518 4510 4517
f 4518 217 4510
f 4519 1481 1480
f 4520 215 4518
f 4520 214 215
f 4521 1481 4519
f 4521 2958 1481
f 4522 214 4520
f 4523 213 214
f 4523 214 4522
f 4524 4518 4517
f 4524 4520 4518
f 4525 212 213
f 4525 213 4523
f 4526 4522 4520
f 4526 4520 4524
f 4527 4514 4513
f 4527 4516 4514
f 4527 4524 4517
f 4527 4526 4524
f 4527 4517 4516
f 4527 4513 2959
f 4528 211 212
f 4528 212 4525
f 4529 4522 4526
f 4529 4526 4527
f 4530 211 4528
f 4531 4523 4522
f 4531 4522 4529
f 4531 4529 4527
f 4532 4527 2960
f 4532 4525 4523
f 4532 4523 4531
f 4532 4531 4527
f 4533 209 210
f 4533 210 211
f 4533 211 4530
f 4534 1482 2958
f 4535 4528 4525
f 4535 4525 4532
f 4535 4532 2960
f 4536 374 375
f 4536 375 376
f 4537 4530 4528
f 4537 4528 4535
f 4538 1483 1482
f 4538 1482 4534
f 4539 4530 4537
f 4540 4530 4539
f 4540 4533 4530
f 4541 207 208
f 4541 208 209
f 4541 209 4533
f 4542 2960 4527
f 4542 2959 271
f 4542 4527 2959
f 4542 274 2960
f 4542 271 272
f 4542 272 273
f 4542 273 274
f 4543 206 207
f 4543 207 4541
f 4544 206 4543
f 4545 387 388
f 4546 4533 4540
f 4546 4541 4533
f 4546 4543 4541
f 4547 205 206
f 4547 206 4544
f 4548 4537 4535
f 4548 4539 4537
f 4548 4540 4539
f 4548 4546 4540
f 4548 4535 2960
f 4549 4544 4543
f 4549 4543 4546
f 4549 4546 4548
f 4550 204 205
f 4550 205 4547
f 4551 4545 388
f 4551 388 389
f 4551 389 390
f 4551 390 391
f 4552 4549 4548
f 4552 4544 4549
f 4553 4545 4551
f 4553 4554 4545
f 4553 4555 4554
f 4553 4551 391
f 4553 391 392
f 4553 392 393
f 4556 203 204
f 4556 204 4550
f 4557 4547 4544
f 4557 4548 2962
f 4557 4544 4552
f 4557 4552 4548
f 4558 4547 4557
f 4558 4550 4547
f 4558 4557 2962
f 4559 4556 4550
f 4559 4550 4558
f 4560 4556 4559
f 4561 159 160
f 4561 160 161
f 4561 161 162
f 4561 162 163
f 4561 163 164
f 4562 399 400
f 4563 4564 4561
f 4563 4561 164
f 4565 4563 164
f 4566 202 203
f 4566 203 4556
f 4566 198 199
f 4566 199 200
f 4566 200 201
f 4566 201 202
f 4567 4565 164
f 4568 2960 277
f 4568 281 2962
f 4568 4548 2960
f 4568 2962 4548
f 4568 277 278
f 4568 278 279
f 4568 279 280
f 4568 280 281
f 4569 4567 164
f 4570 4571 4569
f 4570 4569 164
f 4572 4573 4574
f 4572 1484 4573
f 4572 1485 1484
f 4575 4571 4570
f 4575 4570 164
f 4576 4575 164
f 4576 4571 4575
f 4577 4578 1485
f 4577 1485 4572
f 4579 4576 164
f 4580 4579 164
f 4581 4580 164
f 4582 4581 164
f 4583 4556 4560
f 4583 4566 4556
f 4584 4582 164
f 4585 4584 164
f 4586 4560 4559
f 4586 4558 2962
f 4586 4583 4560
f 4586 4559 4558
f 4587 4566 4583
f 4588 4585 164
f 4589 4588 164
f 4590 4566 4587
f 4591 164 165
f 4591 165 166
f 4591 166 167
f 4591 167 168
f 4591 168 169
f 4591 169 170
f 4591 170 171
f 4591 4589 164
f 4592 4566 4590
f 4593 4566 4592
f 4594 1485 4578
f 4595 4566 4593
f 4596 1485 4594
f 4596 1486 1485
f 4597 4566 4595
f 4598 4566 4597
f 4599 4566 4598
f 4600 4566 4599
f 4601 198 4566
f 4601 4566 4600
f 4601 197 198
f 4602 2962 284
f 4602 288 2963
f 4602 4586 2962
f 4602 284 285
f 4602 285 286
f 4602 286 287
f 4602 287 288
f 4603 197 4601
f 4603 194 195
f 4603 195 196
f 4603 196 197
f 4604 369 2961
f 4604 366 367
f 4604 367 368
f 4604 368 369
f 4605 194 4603
f 4606 1486 4596
f 4606 4596 4607
f 4608 194 4605
f 4608 193 194
f 4609 193 4608
f 4609 192 193
f 4610 192 4609
f 4610 189 190
f 4610 190 191
f 4610 191 192
f 4611 4604 2961
f 4611 408 409
f 4612 4603 4601
f 4613 4599 4598
f 4613 4600 4599
f 4613 4601 4600
f 4613 4612 4601
f 4614 4603 4612
f 4615 4591 171
f 4615 171 172
f 4615 172 173
f 4615 173 174
f 4615 174 175
f 4615 175 176
f 4615 176 177
f 4616 4614 4612
f 4617 4615 177
f 4618 4603 4614
f 4618 4614 4616
f 4618 4605 4603
f 4619 4617 177
f 4620 4604 4611
f 4620 4611 409
f 4621 4619 177
f 4622 4618 4616
f 4623 4621 177
f 4624 4608 4605
f 4624 4605 4618
f 4624 4618 4622
f 4625 4623 177
f 4626 4625 177
f 4627 4624 4622
f 4628 4609 4608
f 4628 4624 4627
f 4628 4610 4609
f 4628 4608 4624
f 4629 4626 177
f 4630 4629 177
f 4631 4630 177
f 4631 4632 4630
f 4633 4628 4627
f 4634 4628 4633
f 4634 4610 4628
f 4635 4632 4631
f 4636 4631 177
f 4636 4635 4631
f 4636 4637 4635
f 4636 4638 4637
f 4636 4639 4638
f 4636 177 178
f 4636 178 179
f 4636 179 180
f 4640 4612 4613
f 4640 4613 2963
f 4640 4616 4612
f 4640 293 294
f 4640 294 295
f 4640 4622 4616
f 4640 295 296
f 4640 2963 293
f 4641 2965 365
f 4641 366 4604
f 4641 365 366
f 4641 4604 4620
f 4642 4640 296
f 4642 4627 4622
f 4642 4622 4640
f 4643 1488 1487
f 4644 4627 4642
f 4644 4633 4627
f 4644 4642 296
f 4645 1488 4643
f 4645 2964 1488
f 4646 4634 4633
f 4646 4644 296
f 4646 4633 4644
f 4646 296 297
f 4646 297 298
f 4646 298 299
f 4646 299 300
f 4647 533 534
f 4647 534 535
f 4647 535 536
f 4647 536 537
f 4648 532 533
f 4648 533 4647
f 4649 4647 537
f 4649 4648 4647
f 4650 4641 4620
f 4651 1489 2964
f 4652 4648 4649
f 4653 1489 4651
f 4653 1490 1489
f 4654 4650 4620
f 4654 409 410
f 4654 410 411
f 4654 4620 409
f 4655 4641 4650
f 4655 411 412
f 4655 412 413
f 4655 4654 411
f 4655 2965 4641
f 4655 4650 4654
f 4656 4657 4652
f 4658 361 2965
f 4658 360 361
f 4659 352 353
f 4659 353 354
f 4659 354 355
f 4659 355 356
f 4659 356 357
f 4660 4658 2965
f 4660 4661 4658
f 4662 413 414
f 4662 414 415
f 4662 415 416
f 4662 4655 413
f 4662 2965 4655
f 4662 4660 2965
f 4663 2968 349
f 4663 349 350
f 4663 350 351
f 4663 351 352
f 4663 352 4659
f 4664 528 2966
f 4664 526 527
f 4664 527 528
f 4664 2966 4665
f 4666 2968 4663
f 4666 4663 4661
f 4667 4668 4669
f 4667 1492 1491
f 4667 1491 4668
f 4670 307 308
f 4671 4665 4672
f 4673 4662 416
f 4673 416 417
f 4673 417 418
f 4673 4660 4662
f 4674 4665 4671
f 4674 4664 4665
f 4675 4676 1492
f 4675 1492 4667
f 4677 4660 4673
f 4677 418 419
f 4677 419 420
f 4677 4673 418
f 4677 4661 4660
f 4678 4679 4670
f 4680 524 525
f 4680 525 526
f 4680 526 4664
f 4680 2967 524
f 4681 4678 4670
f 4682 4681 4670
f 4682 4683 4681
f 4684 4682 4670
f 4685 541 542
f 4685 542 543
f 4685 543 544
f 4686 2967 4680
f 4687 4684 4670
f 4688 544 545
f 4688 545 546
f 4688 4685 544
f 4689 546 547
f 4689 4688 546
f 4690 4687 4670
f 4691 4690 4670
f 4692 1492 4676
f 4693 4661 4677
f 4694 4691 4670
f 4695 2968 4666
f 4695 4661 4693
f 4695 4666 4661
f 4696 4664 4674
f 4696 4680 4664
f 4696 4686 4680
f 4697 4695 4693
f 4698 1492 4692
f 4698 1493 1492
f 4699 308 309
f 4699 309 310
f 4699 310 311
f 4699 4694 4670
f 4699 4670 308
f 4700 2967 4686
f 4700 522 2967
f 4701 4686 4696
f 4702 520 521
f 4702 521 522
f 4702 522 4700
f 4703 4700 4686
f 4703 4686 4701
f 4704 4689 547
f 4704 550 2969
f 4704 547 548
f 4704 548 549
f 4704 549 550
f 4705 420 421
f 4705 421 422
f 4705 422 423
f 4705 423 424
f 4705 424 425
f 4705 4677 420
f 4705 4693 4677
f 4705 4697 4693
f 4706 348 2968
f 4706 344 345
f 4706 345 346
f 4706 346 347
f 4706 347 348
f 4706 4707 344
f 4708 4700 4703
f 4709 4698 4710
f 4709 1493 4698
f 4711 4702 4700
f 4711 4700 4708
f 4712 340 341
f 4712 341 342
f 4712 342 343
f 4712 343 344
f 4712 344 4707
f 4713 340 4712
f 4714 340 4713
f 4714 336 337
f 4714 337 338
f 4714 338 339
f 4714 339 340
f 4715 552 553
f 4715 553 554
f 4715 2969 552
f 4716 519 520
f 4716 4702 4711
f 4716 520 4702
f 4717 554 555
f 4717 555 556
f 4717 556 557
f 4717 557 2970
f 4717 4715 554
f 4718 4707 4706
f 4718 4706 2968
f 4719 428 429
f 4719 429 430
f 4720 4721 4683
f 4722 311 312
f 4722 312 313
f 4722 313 314
f 4722 314 315
f 4722 315 316
f 4722 4699 311
f 4723 4716 4711
f 4724 4722 316
f 4725 4708 4703
f 4725 2970 560
f 4725 560 561
f 4725 4723 4711
f 4725 4711 4708
f 4726 4724 316
f 4727 4726 316
f 4728 4727 316
f 4729 4716 4723
f 4730 316 317
f 4730 4728 316
f 4731 518 519
f 4731 519 4716
f 4732 430 431
f 4732 431 432
f 4732 432 433
f 4732 433 434
f 4732 4707 4718
f 4732 4719 430
f 4732 4718 4719
f 4733 4730 317
f 4734 1495 1494
f 4735 4736 4733
f 4735 4733 317
f 4737 4736 4735
f 4737 4735 317
f 4738 4713 4712
f 4738 4714 4713
f 4739 4737 317
f 4739 4736 4737
f 4740 4714 4738
f 4740 335 336
f 4740 336 4714
f 4741 4739 317
f 4742 1495 4734
f 4742 2971 1495
f 4743 4741 317
f 4744 4712 4707
f 4744 4738 4712
f 4745 332 333
f 4745 333 334
f 4745 334 335
f 4745 335 4740
f 4746 4743 317
f 4746 317 318
f 4746 318 319
f 4746 319 320
f 4746 320 321
f 4747 4716 4729
f 4747 4731 4716
f 4748 4707 4732
f 4748 434 435
f 4748 4744 4707
f 4748 4732 434
f 4749 4725 561
f 4749 4747 4729
f 4749 561 562
f 4749 4723 4725
f 4749 4729 4723
f 4750 4748 435
f 4750 4744 4748
f 4751 4731 4747
f 4752 4750 435
f 4752 4744 4750
f 4753 4738 4744
f 4753 4744 4754
f 4755 4752 435
f 4755 4744 4752
f 4756 4753 4754
f 4757 4740 4738
f 4757 4753 4756
f 4757 4745 4740
f 4757 4738 4753
f 4758 435 436
f 4758 4755 435
f 4758 4744 4755
f 4759 4757 4756
f 4760 4745 4757
f 4760 4757 4759
f 4761 436 437
f 4761 437 438
f 4761 438 439
f 4761 439 440
f 4761 4758 436
f 4761 4744 4758
f 4762 516 517
f 4762 518 4731
f 4762 517 518
f 4763 1496 2971
f 4764 4731 4751
f 4764 4762 4731
f 4765 1496 4763
f 4765 1497 1496
f 4766 4761 440
f 4766 4756 4754
f 4766 4754 4744
f 4766 4759 4756
f 4766 4744 4761
f 4767 4764 4751
f 4767 4749 562
f 4767 562 563
f 4767 4751 4747
f 4767 4747 4749
f 4768 4760 4759
f 4768 440 441
f 4768 441 442
f 4768 442 443
f 4768 443 444
f 4768 4759 4766
f 4768 4766 440
f 4769 2972 516
f 4769 516 4762
f 4770 4762 4764
f 4771 510 511
f 4771 511 512
f 4771 512 513
f 4771 513 2972
f 4771 2973 510
f 4772 4762 4770
f 4772 4769 4762
f 4773 686 687
f 4773 687 688
f 4773 688 689
f 4773 689 690
f 4774 686 4773
f 4774 684 685
f 4774 685 686
f 4775 4767 563
f 4775 564 2975
f 4775 4764 4767
f 4775 563 564
f 4775 4772 4770
f 4775 4770 4764
f 4776 4774 4773
f 4776 4773 690
f 4776 690 691
f 4777 4774 4776
f 4777 684 4774
f 4778 4769 4772
f 4778 4772 4775
f 4779 1499 1498
f 4780 2973 4771
f 4781 505 506
f 4781 506 507
f 4781 2974 503
f 4781 507 2973
f 4781 503 504
f 4781 504 505
f 4782 4779 4783
f 4782 1499 4779
f 4784 1499 4782
f 4784 4785 1499
f 4786 4787 4778
f 4786 4778 4775
f 4786 4775 2975
f 4788 1499 4785
f 4789 4780 4787
f 4790 678 679
f 4790 679 680
f 4791 1500 1499
f 4791 1499 4788
f 4792 2974 4781
f 4793 1500 4791
f 4793 4791 4794
f 4795 2975 568
f 4795 571 2977
f 4795 4786 2975
f 4795 568 569
f 4795 569 570
f 4795 570 571
f 4796 693 694
f 4797 4798 4789
f 4799 4796 694
f 4799 694 695
f 4799 695 696
f 4799 696 697
f 4800 500 2974
f 4800 2974 4792
f 4800 498 499
f 4800 499 500
f 4801 4799 697
f 4801 4796 4799
f 4801 4802 4796
f 4801 697 698
f 4801 698 699
f 4803 4792 4798
f 4803 4800 4792
f 4804 4800 4803
f 4805 456 457
f 4805 457 458
f 4805 458 459
f 4805 459 460
f 4806 4805 460
f 4807 498 4800
f 4807 4800 4804
f 4807 496 497
f 4807 497 498
f 4808 4806 460
f 4809 4808 460
f 4810 1502 1501
f 4811 496 4807
f 4811 2976 496
f 4812 4809 460
f 4813 4812 460
f 4814 4815 4813
f 4814 4813 460
f 4816 4797 2977
f 4816 2977 574
f 4816 578 2980
f 4816 574 575
f 4816 575 576
f 4816 576 577
f 4816 577 578
f 4817 4814 460
f 4817 4815 4814
f 4818 2979 1502
f 4818 1502 4810
f 4819 4817 460
f 4819 4815 4817
f 4820 4819 460
f 4821 4820 460
f 4822 4821 460
f 4823 4811 4807
f 4823 4807 4804
f 4824 4822 460
f 4825 460 461
f 4825 4824 460
f 4826 4811 4823
f 4827 4825 461
f 4828 4823 4804
f 4829 4827 461
f 4830 4811 4826
f 4831 2976 4811
f 4831 493 2976
f 4832 4829 461
f 4833 4832 461
f 4834 490 491
f 4834 491 492
f 4834 492 493
f 4834 493 4831
f 4835 4833 461
f 4835 461 462
f 4835 462 463
f 4835 463 464
f 4835 464 465
f 4835 465 466
f 4835 466 467
f 4835 467 468
f 4836 4811 4830
f 4837 4831 4811
f 4837 4811 4836
f 4838 4831 4837
f 4839 4831 4838
f 4840 4831 4839
f 4841 1503 2979
f 4842 4831 4840
f 4842 4834 4831
f 4843 4834 4842
f 4844 1503 4841
f 4844 1504 1503
f 4845 671 672
f 4845 672 673
f 4845 673 674
f 4846 4834 4843
f 4846 490 4834
f 4846 489 490
f 4847 489 4846
f 4848 489 4847
f 4848 488 489
f 4849 488 4848
f 4849 487 488
f 4850 585 2981
f 4850 2980 581
f 4850 581 582
f 4850 582 583
f 4850 583 584
f 4850 584 585
f 4851 487 4849
f 4851 485 486
f 4851 486 487
f 4852 714 715
f 4852 4845 674
f 4852 2978 714
f 4852 674 2978
f 4853 4843 4842
f 4854 4853 4855
f 4854 4843 4853
f 4856 4854 4855
f 4857 4855 4853
f 4857 4842 4840
f 4857 4839 4838
f 4857 4840 4839
f 4857 4853 4842
f 4858 4854 4856
f 4858 4843 4854
f 4858 4846 4843
f 4859 4858 4856
f 4860 4847 4846
f 4860 4858 4859
f 4860 4846 4858
f 4861 4852 715
f 4861 4845 4852
f 4862 4860 4859
f 4863 4847 4860
f 4863 4848 4847
f 4863 4860 4862
f 4864 4863 4862
f 4865 4851 4849
f 4865 4863 4864
f 4865 4849 4848
f 4865 4848 4863
f 4866 468 469
f 4866 469 470
f 4866 470 471
f 4866 471 472
f 4866 472 473
f 4866 4835 468
f 4867 4866 473
f 4868 4867 473
f 4869 4865 4864
f 4870 4851 4865
f 4870 4865 4869
f 4871 4868 473
f 4872 671 4845
f 4872 669 670
f 4872 670 671
f 4873 2981 590
f 4873 4855 4857
f 4873 590 591
f 4873 4857 2981
f 4874 4871 473
f 4875 4874 473
f 4876 4870 4869
f 4876 4851 4870
f 4877 4856 4855
f 4877 4873 591
f 4877 591 592
f 4877 4855 4873
f 4878 4879 4880
f 4881 4875 473
f 4881 4882 4878
f 4881 4883 4875
f 4881 473 474
f 4881 474 475
f 4881 4884 4883
f 4881 475 476
f 4881 4880 4884
f 4881 4878 4880
f 4881 4885 4882
f 4886 4887 4885
f 4886 4885 4881
f 4888 4877 592
f 4888 4859 4856
f 4888 4856 4877
f 4888 4862 4859
f 4888 592 593
f 4889 4864 4862
f 4889 4888 593
f 4889 4862 4888
f 4890 4845 4861
f 4890 4872 4845
f 4890 4891 4872
f 4892 4889 593
f 4892 4869 4864
f 4892 4864 4889
f 4892 4876 4869
f 4893 4892 593
f 4893 4876 4892
f 4893 593 594
f 4894 1506 1505
f 4895 4876 4893
f 4895 4893 594
f 4895 594 595
f 4895 595 596
f 4895 596 597
f 4896 1506 4894
f 4896 4894 4897
f 4898 837 838
f 4898 838 839
f 4898 839 840
f 4898 840 841
f 4899 1506 4896
f 4899 4900 1506
f 4901 715 716
f 4901 716 717
f 4901 4890 4861
f 4901 4861 715
f 4902 836 837
f 4902 837 4898
f 4903 1506 4900
f 4904 834 835
f 4904 835 836
f 4904 4905 834
f 4904 836 4902
f 4906 1506 4903
f 4906 1507 1506
f 4907 664 665
f 4907 665 666
f 4908 1507 4906
f 4908 4906 4909
f 4908 1508 1507
f 4910 4911 4907
f 4910 4907 4891
f 4912 656 657
f 4912 657 658
f 4912 658 659
f 4912 659 660
f 4912 660 661
f 4913 830 831
f 4913 831 832
f 4913 2982 830
f 4914 720 721
f 4914 721 722
f 4914 722 723
f 4914 723 724
f 4914 4910 4891
f 4915 656 4912
f 4915 4912 4911
f 4916 606 607
f 4916 607 608
f 4916 605 606
f 4917 4918 4915
f 4917 4915 4911
f 4919 1509 4920
f 4919 2983 1509
f 4921 4922 4923
f 4924 845 846
f 4924 846 847
f 4924 847 848
f 4924 4925 845
f 4926 4927 4916
f 4926 4928 4927
f 4929 4925 4924
f 4929 4923 4925
f 4929 848 849
f 4929 849 850
f 4929 4924 848
f 4930 4926 4916
f 4930 4931 4926
f 4932 4931 4930
f 4932 4930 4916
f 4933 4932 4916
f 4934 4933 4916
f 4935 4934 4916
f 4936 4935 4916
f 4937 4938 4939
f 4937 4939 4940
f 4941 4936 4916
f 4942 727 728
f 4942 728 729
f 4942 729 730
f 4942 730 731
f 4942 4917 4911
f 4942 4918 4917
f 4943 4941 4916
f 4944 4943 4916
f 4944 4916 608
f 4945 4944 608
f 4946 649 650
f 4946 650 651
f 4946 651 652
f 4947 608 609
f 4947 609 610
f 4947 610 611
f 4947 611 612
f 4947 612 613
f 4947 4945 608
f 4948 4938 4937
f 4948 857 858
f 4948 858 859
f 4948 4937 2984
f 4948 2984 857
f 4949 1510 2983
f 4950 4938 4948
f 4951 1510 4949
f 4951 1511 1510
f 4952 4953 4946
f 4954 825 826
f 4954 826 827
f 4955 4948 859
f 4955 4950 4948
f 4955 861 2985
f 4955 859 860
f 4955 860 861
f 4956 646 647
f 4956 647 648
f 4956 648 649
f 4956 649 4946
f 4956 4946 4953
f 4957 646 4956
f 4958 4959 4950
f 4958 4955 2985
f 4958 4960 4959
f 4958 4950 4955
f 4961 646 4957
f 4961 645 646
f 4962 641 642
f 4962 642 643
f 4962 643 644
f 4962 644 645
f 4962 645 4961
f 4963 4954 4964
f 4965 4960 4958
f 4965 4964 4960
f 4965 4963 4964
f 4965 4958 2985
f 4966 734 735
f 4966 735 736
f 4966 736 737
f 4966 737 738
f 4966 4953 4952
f 4967 4954 4963
f 4968 4969 4931
f 4970 613 614
f 4970 614 615
f 4970 615 616
f 4970 616 617
f 4970 617 618
f 4970 618 619
f 4970 619 620
f 4970 4947 613
f 4971 863 864
f 4971 864 865
f 4971 2985 863
f 4971 4963 4965
f 4971 4965 2985
f 4972 4970 620
f 4973 4972 620
f 4974 824 825
f 4974 4954 4967
f 4974 825 4954
f 4975 4973 620
f 4975 620 621
f 4976 4975 621
f 4977 4976 621
f 4978 641 4962
f 4978 4962 4961
f 4979 4977 621
f 4980 4979 621
f 4981 4974 4967
f 4982 640 641
f 4982 641 4978
f 4983 4980 621
f 4984 4983 621
f 4985 640 4982
f 4985 637 638
f 4985 638 639
f 4985 639 640
f 4986 4987 4988
f 4986 1513 1512
f 4989 4984 621
f 4990 4991 4989
f 4990 4989 621
f 4992 4990 621
f 4992 4991 4990
f 4993 4978 4961
f 4993 4957 4956
f 4993 4956 4953
f 4993 4961 4957
f 4994 4992 621
f 4994 4991 4992
f 4995 4994 621
f 4996 621 622
f 4996 4995 621
f 4997 622 623
f 4997 623 624
f 4997 624 625
f 4997 4996 622
f 4998 4986 4988
f 4998 1513 4986
f 4999 4963 4971
f 4999 4981 4967
f 4999 865 866
f 4999 4971 865
f 4999 4967 4963
f 5000 5001 1513
f 5000 1513 4998
f 5002 4978 4993
f 5003 4978 5002
f 5004 5003 5002
f 5005 4978 5003
f 5005 4982 4978
f 5005 4985 4982
f 5005 5003 5004
f 5006 4974 4981
f 5007 738 739
f 5007 739 740
f 5007 740 741
f 5007 741 742
f 5007 4953 4966
f 5007 4993 4953
f 5007 4966 738
f 5008 5005 5004
f 5009 4985 5005
f 5009 5005 5008
f 5010 4993 5007
f 5010 5007 742
f 5011 4993 5010
f 5011 5010 742
f 5012 5011 742
f 5012 742 743
f 5012 743 744
f 5012 744 745
f 5012 745 746
f 5012 746 747
f 5013 1513 5001
f 5013 1514 1513
f 5014 1514 5013
f 5015 4974 5006
f 5016 823 824
f 5016 4974 5015
f 5016 824 4974
f 5016 2986 823
f 5017 4993 5011
f 5017 5008 5004
f 5017 5011 5012
f 5017 5002 4993
f 5017 5004 5002
f 5018 5009 5008
f 5018 5012 747
f 5018 5017 5012
f 5018 747 748
f 5018 748 749
f 5018 749 750
f 5018 5008 5017
f 5019 5006 4981
f 5019 5015 5006
f 5019 866 867
f 5019 4999 866
f 5019 4981 4999
f 5020 990 991
f 5020 991 992
f 5020 992 993
f 5020 993 994
f 5021 5014 5022
f 5021 1514 5014
f 5021 1515 1514
f 5023 990 5020
f 5023 989 990
f 5024 816 817
f 5024 817 818
f 5024 818 819
f 5024 819 2986
f 5024 2987 816
f 5025 5023 5020
f 5025 5020 994
f 5026 5015 5019
f 5026 5016 5015
f 5027 5023 5025
f 5028 5016 5026
f 5029 5028 5026
f 5029 869 2990
f 5029 5019 867
f 5029 867 868
f 5029 868 869
f 5029 5026 5019
f 5030 5016 5028
f 5030 2986 5016
f 5031 5029 2990
f 5031 5030 5028
f 5031 5028 5029
f 5032 2986 5030
f 5032 2987 5024
f 5032 5024 2986
f 5033 809 810
f 5033 810 811
f 5033 811 812
f 5033 2989 809
f 5033 812 2987
f 5034 2988 1516
f 5034 1516 5035
f 5036 5032 5030
f 5037 5031 2990
f 5037 5030 5031
f 5037 5036 5030
f 5038 5039 5040
f 5041 5032 5036
f 5042 1517 2988
f 5043 1517 5042
f 5043 1518 1517
f 5044 2989 5033
f 5045 997 998
f 5046 806 2989
f 5046 2991 802
f 5046 802 803
f 5046 803 804
f 5046 804 805
f 5046 805 806
f 5047 5045 998
f 5047 998 999
f 5047 999 1000
f 5047 1000 1001
f 5048 5047 1001
f 5048 5045 5047
f 5048 1001 1002
f 5048 1002 1003
f 5048 1003 1004
f 5049 5037 2990
f 5049 875 2992
f 5049 872 873
f 5049 873 874
f 5049 874 875
f 5049 2990 872
f 5050 5051 5041
f 5052 1005 1006
f 5052 1006 1007
f 5053 5044 5051
f 5054 1010 1011
f 5054 1011 1012
f 5054 1012 1013
f 5054 1009 1010
f 5055 2991 5046
f 5056 764 765
f 5056 765 766
f 5056 766 767
f 5057 5056 767
f 5058 5057 767
f 5059 1520 1519
f 5059 5060 5061
f 5062 5058 767
f 5063 5062 767
f 5064 5063 767
f 5065 767 768
f 5065 5064 767
f 5065 5066 5064
f 5067 5065 768
f 5067 5066 5065
f 5068 5059 5061
f 5068 1520 5059
f 5069 2994 885
f 5069 5070 5053
f 5071 2992 878
f 5071 878 879
f 5071 879 880
f 5071 880 881
f 5071 881 882
f 5071 5050 2992
f 5072 5066 5067
f 5072 5067 768
f 5073 5072 768
f 5074 5073 768
f 5075 1520 5068
f 5075 5076 1520
f 5077 5074 768
f 5078 5077 768
f 5079 5078 768
f 5080 5079 768
f 5081 5070 5069
f 5081 5069 885
f 5081 885 886
f 5081 886 887
f 5081 887 888
f 5081 5082 5070
f 5083 5080 768
f 5084 5083 768
f 5085 5082 5081
f 5085 5055 5082
f 5086 5084 768
f 5087 5086 768
f 5087 768 769
f 5087 769 770
f 5087 770 771
f 5087 771 772
f 5087 772 773
f 5087 773 774
f 5087 774 775
f 5087 775 776
f 5088 5055 5085
f 5089 2991 5055
f 5090 5089 5055
f 5090 5055 5088
f 5091 797 2991
f 5091 2991 5089
f 5091 796 797
f 5092 1521 1520
f 5092 1520 5076
f 5093 5089 5090
f 5094 796 5091
f 5094 795 796
f 5095 975 976
f 5095 976 977
f 5096 5089 5093
f 5097 1521 5092
f 5098 5089 5096
f 5099 795 5094
f 5100 889 2995
f 5100 5085 5081
f 5100 5081 888
f 5100 888 889
f 5101 5089 5098
f 5102 795 5099
f 5102 794 795
f 5103 5090 5088
f 5103 5088 5085
f 5103 5085 5100
f 5103 5100 2995
f 5103 5093 5090
f 5103 5096 5093
f 5104 5089 5101
f 5105 794 5102
f 5105 793 794
f 5106 793 5105
f 5106 791 792
f 5106 792 793
f 5107 1018 1019
f 5107 2993 1018
f 5108 5089 5104
f 5108 5091 5089
f 5109 5091 5108
f 5109 5108 5110
f 5111 5109 5110
f 5112 5109 5111
f 5112 5094 5091
f 5112 5091 5109
f 5113 1522 1521
f 5113 1521 5097
f 5113 5097 5114
f 5115 5112 5111
f 5116 5112 5115
f 5116 5094 5112
f 5116 5099 5094
f 5117 5103 2995
f 5117 5098 5096
f 5117 2995 892
f 5117 5096 5103
f 5117 5104 5101
f 5117 892 893
f 5117 5101 5098
f 5118 972 973
f 5118 973 974
f 5118 974 975
f 5118 975 5095
f 5119 5095 5107
f 5119 5107 1019
f 5120 5116 5115
f 5121 5116 5120
f 5121 5102 5099
f 5121 5099 5116
f 5122 5104 5117
f 5122 5117 893
f 5122 893 894
f 5122 894 895
f 5122 895 896
f 5123 5121 5120
f 5124 5121 5123
f 5124 5106 5105
f 5124 5102 5121
f 5124 5105 5102
f 5125 5124 5123
f 5126 5124 5125
f 5126 5106 5124
f 5127 5108 5104
f 5127 5110 5108
f 5127 5104 5122
f 5128 5106 5126
f 5128 5126 5125
f 5129 776 777
f 5129 777 778
f 5129 778 779
f 5129 779 780
f 5129 5087 776
f 5130 5111 5110
f 5130 5127 5122
f 5130 5110 5127
f 5130 5122 896
f 5131 5129 780
f 5132 5118 5095
f 5133 5120 5115
f 5133 5115 5111
f 5133 5130 896
f 5133 5111 5130
f 5133 896 897
f 5134 5135 5136
f 5137 5131 780
f 5137 5138 5131
f 5137 5139 5138
f 5137 5140 5139
f 5137 5141 5140
f 5137 5142 5141
f 5137 5136 5142
f 5137 5134 5136
f 5137 780 781
f 5137 781 782
f 5137 782 783
f 5143 5135 5134
f 5143 5134 5137
f 5144 5123 5120
f 5144 5120 5133
f 5144 5133 897
f 5145 5143 5137
f 5146 5145 5137
f 5146 5137 5147
f 5148 972 5118
f 5148 5118 5132
f 5149 5123 5144
f 5149 5125 5123
f 5149 5144 897
f 5149 5128 5125
f 5150 5132 5095
f 5150 5095 5119
f 5150 5148 5132
f 5150 2996 5148
f 5151 5149 897
f 5151 897 898
f 5151 5128 5149
f 5152 5128 5151
f 5152 898 899
f 5152 899 900
f 5152 900 901
f 5152 5151 898
f 5153 1133 1134
f 5153 1134 1135
f 5153 1135 1136
f 5153 1136 1137
f 5154 1523 1522
f 5155 1523 5154
f 5155 5154 5156
f 5157 1524 1523
f 5157 1523 5155
f 5157 5158 1524
f 5159 1019 1020
f 5159 1020 1021
f 5159 1021 1022
f 5159 5119 1019
f 5159 1022 2996
f 5159 5150 5119
f 5159 2996 5150
f 5160 1133 5153
f 5161 1131 1132
f 5161 1132 1133
f 5161 1133 5160
f 5162 967 968
f 5162 968 969
f 5163 1524 5158
f 5164 967 5162
f 5164 5165 2997
f 5164 5162 5165
f 5164 965 966
f 5164 966 967
f 5166 1524 5163
f 5167 1128 1129
f 5167 1129 1130
f 5168 5164 2997
f 5168 965 5164
f 5168 964 965
f 5169 2997 5165
f 5169 2996 1025
f 5169 5165 2996
f 5169 1025 1026
f 5169 1026 1027
f 5169 1027 1028
f 5169 1028 2997
f 5170 1525 1524
f 5170 1524 5166
f 5170 5166 5171
f 5172 5170 5171
f 5173 1128 5167
f 5173 1126 1127
f 5173 1127 1128
f 5173 2998 1126
f 5174 5168 2997
f 5174 5175 5168
f 5176 909 910
f 5176 910 911
f 5176 911 912
f 5176 912 913
f 5177 1141 1142
f 5177 1142 1143
f 5177 1143 1144
f 5177 5178 1141
f 5179 1147 1148
f 5179 1148 1149
f 5180 5178 5177
f 5180 1147 5179
f 5180 5179 5181
f 5180 5177 1144
f 5180 1144 1145
f 5180 1145 1146
f 5180 1146 1147
f 5180 5182 5178
f 5180 5183 5182
f 5180 5181 5183
f 5184 1527 1526
f 5185 3000 5174
f 5185 5174 2997
f 5186 955 956
f 5186 956 957
f 5186 957 958
f 5187 5188 5176
f 5187 5189 5188
f 5190 5187 5176
f 5191 2999 1527
f 5191 1527 5184
f 5192 5190 5176
f 5193 5194 5192
f 5193 5192 5176
f 5195 5194 5193
f 5195 5193 5176
f 5196 5197 5198
f 5196 5199 5200
f 5196 5200 5197
f 5196 5201 5199
f 5196 1151 1152
f 5196 1152 1153
f 5202 5195 5176
f 5203 5202 5176
f 5204 5176 913
f 5204 5203 5176
f 5205 5204 913
f 5206 1029 1030
f 5206 1030 1031
f 5206 1031 1032
f 5206 1032 1033
f 5206 1033 1034
f 5206 1034 1035
f 5206 1035 1036
f 5206 1036 1037
f 5206 3000 5185
f 5206 5185 2997
f 5206 1037 3000
f 5206 2997 1029
f 5207 5205 913
f 5208 5207 913
f 5209 5208 913
f 5210 5209 913
f 5211 955 5186
f 5211 951 952
f 5211 952 953
f 5211 953 954
f 5211 954 955
f 5211 5212 5213
f 5211 5186 5212
f 5214 913 914
f 5214 914 915
f 5214 915 916
f 5214 916 917
f 5214 917 918
f 5214 918 919
f 5214 5210 913
f 5215 2998 5173
f 5216 5217 5135
f 5218 2998 5215
f 5219 1528 2999
f 5220 2998 5218
f 5221 2998 5220
f 5222 1528 5219
f 5223 2998 5221
f 5224 950 951
f 5224 951 5211
f 5224 5211 5213
f 5225 1042 5213
f 5225 5212 3000
f 5225 1038 1039
f 5225 1039 1040
f 5225 1040 1041
f 5225 1041 1042
f 5225 3000 1038
f 5225 5213 5212
f 5226 950 5224
f 5227 2998 5223
f 5228 950 5226
f 5229 950 5228
f 5230 5220 5218
f 5230 5221 5220
f 5230 5218 5215
f 5230 1156 1157
f 5230 1157 1158
f 5231 946 947
f 5231 947 948
f 5231 948 949
f 5231 949 950
f 5231 950 5229
f 5232 1122 1123
f 5232 2998 5227
f 5232 1123 2998
f 5233 5221 5230
f 5233 5227 5223
f 5233 1158 1159
f 5233 1159 1160
f 5233 5230 1158
f 5233 5223 5221
f 5234 5227 5233
f 5234 1160 1161
f 5234 1161 1162
f 5234 5232 5227
f 5234 5233 1160
f 5235 1120 1121
f 5235 1121 1122
f 5235 1122 5232
f 5236 919 920
f 5236 920 921
f 5236 921 922
f 5236 5214 919
f 5236 922 923
f 5236 923 924
f 5236 924 925
f 5236 925 926
f 5237 945 946
f 5237 946 5231
f 5238 5236 926
f 5239 945 5237
f 5239 944 945
f 5240 5238 926
f 5241 5240 926
f 5242 941 942
f 5242 942 943
f 5242 943 944
f 5242 944 5239
f 5243 5241 926
f 5244 5232 5234
f 5244 5235 5232
f 5245 5243 926
f 5246 5245 926
f 5247 5246 926
f 5248 5247 926
f 5248 926 927
f 5249 5248 927
f 5250 5226 5224
f 5250 5224 5213
f 5250 5231 5229
f 5250 5237 5231
f 5250 5229 5228
f 5250 5228 5226
f 5251 5252 5249
f 5251 5249 927
f 5253 5251 927
f 5253 5252 5251
f 5254 5253 927
f 5254 5252 5253
f 5255 5254 927
f 5256 5255 927
f 5257 5256 927
f 5258 927 928
f 5258 928 929
f 5258 929 930
f 5258 930 931
f 5258 5257 927
f 5259 5235 5244
f 5260 5237 5250
f 5261 5237 5260
f 5262 1530 1529
f 5263 5261 5260
f 5264 5239 5237
f 5264 5261 5263
f 5264 5237 5261
f 5264 5242 5239
f 5265 5264 5263
f 5266 5264 5265
f 5266 5242 5264
f 5267 1530 5262
f 5267 5262 5268
f 5269 1531 1530
f 5269 5270 1531
f 5269 1530 5267
f 5271 5213 1042
f 5271 1042 1043
f 5271 1043 1044
f 5271 1044 1045
f 5271 1045 1046
f 5271 5250 5213
f 5272 5235 5259
f 5273 5250 5271
f 5273 5271 1046
f 5274 1046 1047
f 5274 1047 1048
f 5274 1048 1049
f 5274 1049 1050
f 5274 1050 1051
f 5274 5273 1046
f 5275 1119 1120
f 5275 3001 1119
f 5275 5235 5272
f 5275 1120 5235
f 5276 5265 5263
f 5276 5263 5260
f 5276 5260 5250
f 5276 5250 5273
f 5276 5273 5274
f 5277 5244 5234
f 5277 1162 1163
f 5277 5259 5244
f 5277 5272 5259
f 5277 5234 1162
f 5278 5276 5274
f 5278 1051 1052
f 5278 1052 1053
f 5278 1053 1054
f 5278 5265 5276
f 5278 5266 5265
f 5278 5274 1051
f 5279 1531 5270
f 5280 1531 5279
f 5281 1286 1287
f 5281 1287 1288
f 5281 1288 1289
f 5281 1289 1290
f 5282 1286 5281
f 5282 1284 1285
f 5282 1285 1286
f 5283 5281 1290
f 5283 5282 5281
f 5284 1112 1113
f 5284 1113 1114
f 5284 1115 3001
f 5284 1114 1115
f 5284 3002 1112
f 5285 5282 5283
f 5286 5275 5272
f 5286 5272 5277
f 5287 1532 1531
f 5287 1531 5280
f 5287 5280 5288
f 5289 1284 5282
f 5289 5282 5285
f 5289 1283 1284
f 5290 5287 5288
f 5291 5275 5286
f 5292 5289 5285
f 5292 5285 5283
f 5293 5277 1163
f 5293 5286 5277
f 5293 1163 1164
f 5293 5291 5286
f 5294 3001 5275
f 5294 5275 5291
f 5295 5289 5292
f 5296 1282 1283
f 5296 1283 5289
f 5297 3001 5294
f 5298 5289 5295
f 5298 5296 5289
f 5299 5291 5293
f 5299 1164 1165
f 5299 5293 1164
f 5299 5294 5291
f 5300 3002 5284
f 5300 3001 5297
f 5300 5284 3001
f 5300 5297 5301
f 5302 5300 5301
f 5303 5294 5299
f 5303 1165 1166
f 5303 5297 5294
f 5303 5299 1165
f 5304 5300 5302
f 5305 1534 1533
f 5306 5297 5303
f 5306 1166 1167
f 5306 5303 1166
f 5306 5301 5297
f 5307 3004 1105
f 5307 1108 3002
f 5307 1105 1106
f 5307 1106 1107
f 5307 1107 1108
f 5308 1534 5305
f 5308 3003 1534
f 5309 5304 5302
f 5309 5306 1167
f 5309 5301 5306
f 5309 5302 5301
f 5310 5309 1167
f 5310 5304 5309
f 5310 1167 1168
f 5310 1168 1169
f 5311 5300 5304
f 5312 5300 5311
f 5313 5300 5312
f 5314 5300 5313
f 5315 3002 5300
f 5315 5300 5314
f 5316 5311 5304
f 5316 5310 1169
f 5316 5304 5310
f 5316 1169 1170
f 5316 1170 1171
f 5317 1278 1279
f 5318 3002 5315
f 5319 1535 3003
f 5320 5316 1171
f 5320 5311 5316
f 5320 1171 1172
f 5320 5312 5311
f 5321 3002 5318
f 5321 3004 5307
f 5321 5318 5322
f 5321 5307 3002
f 5323 1278 5317
f 5323 1277 1278
f 5324 5321 5322
f 5325 5313 5312
f 5325 5320 1172
f 5325 5314 5313
f 5325 5312 5320
f 5326 1535 5319
f 5327 5328 1294
f 5327 1294 1295
f 5327 1295 1296
f 5327 1296 1297
f 5329 5330 5331
f 5332 5321 5324
f 5333 5334 5335
f 5336 5337 5328
f 5336 5328 5327
f 5336 5329 5331
f 5336 5331 5337
f 5336 5327 1297
f 5336 1299 5329
f 5336 1297 1298
f 5336 1298 1299
f 5338 5339 5340
f 5338 5340 5330
f 5338 5329 1299
f 5338 5330 5329
f 5338 1299 1300
f 5338 1300 1301
f 5341 5314 5325
f 5341 1172 1173
f 5341 5315 5314
f 5341 5325 1172
f 5342 1276 1277
f 5342 1277 5323
f 5343 5334 5333
f 5344 3005 1098
f 5344 1102 3004
f 5344 1098 1099
f 5344 1099 1100
f 5344 1100 1101
f 5344 1101 1102
f 5345 5334 5343
f 5345 5317 5334
f 5346 5318 5315
f 5346 5315 5341
f 5346 1173 1174
f 5346 5341 1173
f 5347 5317 5345
f 5348 5346 1174
f 5348 1174 1175
f 5348 5318 5346
f 5348 5322 5318
f 5349 5323 5317
f 5349 5317 5347
f 5350 5339 5338
f 5350 5338 1301
f 5350 1301 1302
f 5351 5322 5348
f 5351 5332 5324
f 5351 5324 5322
f 5351 5348 1175
f 5352 1275 1276
f 5352 1276 5342
f 5353 5323 5349
f 5354 5333 5335
f 5355 5323 5353
f 5355 5342 5323
f 5356 1175 1176
f 5356 1176 1177
f 5356 5332 5351
f 5356 5351 1175
f 5357 5332 5356
f 5357 5321 5332
f 5358 5342 5355
f 5359 5333 5354
f 5359 5343 5333
f 5359 5345 5343
f 5359 1307 1308
f 5360 1274 1275
f 5360 1275 5352
f 5361 5321 5357
f 5362 5352 5342
f 5362 5342 5358
f 5363 5321 5361
f 5364 5349 5347
f 5364 5347 5345
f 5364 5345 5359
f 5364 5359 1308
f 5364 1308 1309
f 5365 3004 5321
f 5365 5321 5363
f 5366 5352 5362
f 5367 5364 1309
f 5367 5349 5364
f 5367 1309 1310
f 5367 5355 5353
f 5367 5353 5349
f 5368 5344 3004
f 5368 3004 5365
f 5368 5365 5369
f 5370 5352 5366
f 5370 5360 5352
f 5371 5368 5369
f 5372 5357 5356
f 5372 5356 1177
f 5372 1177 1178
f 5372 1178 1179
f 5373 1274 5360
f 5373 1273 1274
f 5374 5368 5371
f 5375 1065 1066
f 5375 1066 1067
f 5375 1067 1068
f 5376 5357 5372
f 5376 5361 5357
f 5376 1179 1180
f 5376 5372 1179
f 5377 5360 5370
f 5378 5375 1068
f 5379 5358 5355
f 5379 5362 5358
f 5379 5367 1310
f 5379 5355 5367
f 5379 1310 1311
f 5380 5363 5361
f 5380 5365 5363
f 5380 5361 5376
f 5380 5376 1180
f 5381 5378 1068
f 5382 5373 5360
f 5382 5360 5377
f 5383 1272 1273
f 5383 1273 5373
f 5384 5381 1068
f 5385 5380 1180
f 5385 5369 5365
f 5385 1180 1181
f 5385 5365 5380
f 5386 5379 1311
f 5386 5362 5379
f 5386 5366 5362
f 5386 5370 5366
f 5386 1311 1312
f 5387 5384 1068
f 5387 5388 5384
f 5389 5369 5385
f 5389 5385 1181
f 5389 5371 5369
f 5389 1181 1182
f 5390 5387 1068
f 5390 5388 5387
f 5391 5373 5382
f 5392 1537 1536
f 5393 5390 1068
f 5393 5388 5390
f 5393 1068 1069
f 5394 1182 1183
f 5394 5374 5371
f 5394 5371 5389
f 5394 5389 1182
f 5395 5393 1069
f 5396 5382 5377
f 5396 5370 5386
f 5396 5386 1312
f 5396 1312 1313
f 5396 5377 5370
f 5397 5395 1069
f 5398 5383 5373
f 5398 5373 5391
f 5399 1537 5392
f 5399 1538 1537
f 5399 5392 5400
f 5401 5374 5394
f 5401 5368 5374
f 5402 5397 1069
f 5403 5402 1069
f 5404 5405 1538
f 5404 1538 5399
f 5406 5403 1069
f 5407 1069 1070
f 5407 1070 1071
f 5407 1071 1072
f 5407 1072 1073
f 5407 1073 1074
f 5407 5406 1069
f 5408 5383 5398
f 5409 1313 1314
f 5409 5382 5396
f 5409 5391 5382
f 5409 5396 1313
f 5409 5398 5391
f 5410 1091 1092
f 5410 1092 1093
f 5410 3005 5411
f 5410 1093 3005
f 5412 1272 5383
f 5412 1271 1272
f 5413 1091 5410
f 5414 5415 5416
f 5414 5417 5415
f 5414 5418 5417
f 5414 1183 1184
f 5414 1184 1185
f 5414 5401 5394
f 5414 5419 5401
f 5414 1185 1186
f 5414 1186 1187
f 5414 1187 1188
f 5414 5416 5419
f 5414 5394 1183
f 5420 1091 5413
f 5420 1090 1091
f 5421 5418 5414
f 5422 1090 5420
f 5422 1089 1090
f 5423 5421 5414
f 5424 1089 5422
f 5424 1087 1088
f 5424 1088 1089
f 5425 5423 5414
f 5426 1538 5405
f 5427 5383 5408
f 5427 5412 5383
f 5428 5411 5425
f 5428 5425 5414
f 5429 5428 5414
f 5429 5411 5428
f 5430 1538 5426
f 5431 5414 1188
f 5431 5429 5414
f 5431 1188 1189
f 5431 1189 1190
f 5432 5429 5431
f 5432 5411 5429
f 5433 5411 5432
f 5433 5410 5411
f 5434 5433 5432
f 5435 5413 5410
f 5435 5433 5434
f 5435 5410 5433
f 5436 1314 1315
f 5436 5398 5409
f 5436 5409 1314
f 5436 5427 5408
f 5436 5408 5398
f 5437 5412 5427
f 5438 1271 5412
f 5438 5412 5437
f 5438 1270 1271
f 5439 5435 5434
f 5440 5420 5413
f 5440 5435 5439
f 5440 5413 5435
f 5441 5440 5439
f 5442 5422 5420
f 5442 5420 5440
f 5442 5440 5441
f 5442 5424 5422
f 5443 5442 5441
f 5444 5424 5442
f 5444 5442 5443
f 5445 5430 5446
f 5445 1539 1538
f 5445 1538 5430
f 5447 5431 1190
f 5447 5432 5431
f 5447 5434 5432
f 5447 5439 5434
f 5447 1190 1191
f 5447 1191 1192
f 5447 1192 1193
f 5448 5438 5437
f 5449 1269 1270
f 5449 1270 5438
f 5450 5407 1074
f 5450 1074 1075
f 5450 1075 1076
f 5450 1076 1077
f 5451 5439 5447
f 5451 5447 1193
f 5451 5441 5439
f 5452 5451 1193
f 5452 5443 5441
f 5452 5441 5451
f 5453 5438 5448
f 5453 5449 5438
f 5454 5450 1077
f 5454 5455 5456
f 5454 5456 5457
f 5454 5458 5459
f 5454 5459 5460
f 5454 5457 5450
f 5454 1077 1078
f 5454 1078 1079
f 5454 5460 5455
f 5461 5462 5458
f 5461 5458 5454
f 5463 5461 5454
f 5463 5462 5461
f 5464 5463 5454
f 5464 5462 5463
f 5464 5454 5465
f 5464 5465 5462
f 5466 1315 1316
f 5466 5436 1315
f 5466 5448 5437
f 5466 5427 5436
f 5466 5437 5427
f 5467 5452 1193
f 5467 5444 5443
f 5467 5443 5452
f 5467 1193 1194
f 5467 1194 1195
f 5467 1195 1196
f 5467 1196 1197
f 5468 1269 5449
f 5468 1268 1269
f 5469 5449 5453
f 5470 1267 1268
f 5470 1268 5468
f 5471 5449 5469
f 5471 5468 5449
f 5472 5468 5471
f 5473 1267 5470
f 5473 1266 1267
f 5474 5453 5448
f 5474 1316 1317
f 5474 5469 5453
f 5474 5448 5466
f 5474 5466 1316
f 5475 1541 1540
f 5476 5468 5472
f 5476 5470 5468
f 5477 1266 5473
f 5477 1265 1266
f 5478 1541 5475
f 5478 3006 1541
f 5479 5470 5476
f 5480 5473 5470
f 5480 5470 5479
f 5481 1265 5477
f 5481 1264 1265
f 5482 5471 5469
f 5482 1317 1318
f 5482 5474 1317
f 5482 5472 5471
f 5482 5469 5474
f 5483 5473 5480
f 5484 1264 5481
f 5484 1263 1264
f 5485 5477 5473
f 5485 5473 5483
f 5486 5477 5485
f 5487 1318 1319
f 5487 5479 5476
f 5487 5476 5472
f 5487 5482 1318
f 5487 5472 5482
f 5488 1263 5484
f 5488 1262 1263
f 5489 5477 5486
f 5490 5481 5477
f 5490 5477 5489
f 5491 1261 1262
f 5491 1262 5488
f 5492 1542 3006
f 5493 1319 1320
f 5493 5487 1319
f 5493 5480 5479
f 5493 5483 5480
f 5493 5479 5487
f 5494 5481 5490
f 5495 5484 5481
f 5495 5481 5494
f 5496 1261 5491
f 5496 1260 1261
f 5497 1543 1542
f 5497 1542 5492
f 5498 5484 5495
f 5499 1320 1321
f 5499 5493 1320
f 5499 5485 5483
f 5499 5486 5485
f 5499 5483 5493
f 5500 5484 5498
f 5500 5488 5484
f 5501 1259 1260
f 5501 1260 5496
f 5502 5488 5500
f 5503 1321 1322
f 5503 5489 5486
f 5503 5486 5499
f 5503 5490 5489
f 5503 5499 1321
f 5504 5488 5502
f 5504 5491 5488
f 5505 1259 5501
f 5505 1258 1259
f 5506 5491 5504
f 5507 5503 1322
f 5507 1322 1323
f 5507 5490 5503
f 5507 5494 5490
f 5507 5495 5494
f 5508 5491 5506
f 5508 5496 5491
f 5509 1258 5505
f 5509 1257 1258
f 5510 5496 5508
f 5511 5498 5495
f 5511 5495 5507
f 5511 1323 1324
f 5511 5507 1323
f 5511 5500 5498
f 5512 5501 5496
f 5512 5496 5510
f 5513 1256 1257
f 5513 1257 5509
f 5514 5501 5512
f 5515 5504 5502
f 5515 1324 1325
f 5515 5502 5500
f 5515 5506 5504
f 5515 5511 1324
f 5515 5500 5511
f 5516 5501 5514
f 5516 5505 5501
f 5517 1255 1256
f 5517 1256 5513
f 5518 5505 5516
f 5519 1325 1326
f 5519 5506 5515
f 5519 5508 5506
f 5519 5510 5508
f 5519 5515 1325
f 5520 5509 5505
f 5520 5505 5518
f 5521 1255 5517
f 5521 1254 1255
f 5522 5523 5524
f 5522 5525 5526
f 5522 5526 5527
f 5522 5454 5528
f 5522 5527 5529
f 5522 5529 5530
f 5522 5530 5531
f 5522 5531 5532
f 5522 5465 5454
f 5522 5462 5465
f 5522 5524 5533
f 5522 5528 5523
f 5522 5533 5525
f 5534 5509 5520
f 5535 5514 5512
f 5535 1326 1327
f 5535 5510 5519
f 5535 5519 1326
f 5535 5512 5510
f 5536 5513 5509
f 5536 5509 5534
f 5537 1254 5521
f 5537 1253 1254
f 5538 5513 5536
f 5539 1327 1328
f 5539 1328 1329
f 5539 5516 5514
f 5539 5514 5535
f 5539 5518 5516
f 5539 5535 1327
f 5540 5513 5538
f 5540 5517 5513
f 5541 5542 5543
f 5541 5544 5545
f 5541 5543 5546
f 5541 5547 5542
f 5541 5522 5532
f 5541 5546 5548
f 5541 5548 5549
f 5541 5549 5544
f 5541 5532 5547
f 5550 1252 1253
f 5550 1253 5537
f 5551 5517 5540
f 5552 5541 5545
f 5552 5545 5553
f 5554 5534 5520
f 5554 1329 1330
f 5554 5520 5518
f 5554 5539 1329
f 5554 5518 5539
f 5555 5517 5551
f 5555 5521 5517
f 5556 1545 1544
f 5556 5557 5558
f 5556 1544 5557
f 5559 1251 1252
f 5559 1252 5550
f 5560 5521 5555
f 5561 1330 1331
f 5561 5538 5536
f 5561 5554 1330
f 5561 5536 5534
f 5561 5534 5554
f 5562 5521 5560
f 5562 5537 5521
f 5563 5564 1545
f 5563 1545 5556
f 5565 5537 5562
f 5566 1331 1332
f 5566 5538 5561
f 5566 5540 5538
f 5566 5551 5540
f 5566 5561 1331
f 5567 1249 1250
f 5567 1250 1251
f 5567 1251 5559
f 5568 5537 5565
f 5568 5550 5537
f 5569 1249 5567
f 5570 5550 5568
f 5571 5560 5555
f 5571 5566 1332
f 5571 1332 1333
f 5571 5551 5566
f 5571 5555 5551
f 5572 5550 5570
f 5572 5559 5550
f 5573 1248 1249
f 5573 1249 5569
f 5574 5559 5572
f 5575 5565 5562
f 5575 5560 5571
f 5575 1333 1334
f 5575 5562 5560
f 5575 5571 1333
f 5576 1545 5564
f 5577 5559 5574
f 5577 5567 5559
f 5578 1247 1248
f 5578 1248 5573
f 5579 5567 5577
f 5580 1334 1335
f 5580 5570 5568
f 5580 5575 1334
f 5580 5565 5575
f 5580 5568 5565
f 5581 1545 5576
f 5582 5567 5579
f 5583 1246 1247
f 5583 1247 5578
f 5584 5569 5567
f 5584 5567 5582
f 5585 1335 1336
f 5585 5580 1335
f 5585 5574 5572
f 5585 5570 5580
f 5585 5572 5570
f 5586 5569 5584
f 5586 5573 5569
f 5587 1245 1246
f 5587 1246 5583
f 5588 5573 5586
f 5589 1245 5587
f 5590 5573 5588
f 5590 5578 5573
f 5591 1336 1337
f 5591 5574 5585
f 5591 5585 1336
f 5592 5578 5590
f 5593 5577 5574
f 5593 5582 5579
f 5593 5579 5577
f 5593 5591 1337
f 5593 5574 5591
f 5594 1245 5589
f 5594 1244 1245
f 5595 5578 5592
f 5595 5583 5578
f 5596 5583 5595
f 5597 1243 1244
f 5597 1244 5594
f 5598 1337 1338
f 5598 5586 5584
f 5598 5593 1337
f 5598 5584 5582
f 5598 5582 5593
f 5599 5581 5600
f 5599 1546 1545
f 5599 1545 5581
f 5601 5587 5583
f 5601 5583 5596
f 5602 1243 5597
f 5603 5587 5601
f 5604 1243 5602
f 5604 1242 1243
f 5605 5598 1338
f 5605 1338 1339
f 5605 5590 5588
f 5605 5586 5598
f 5605 5588 5586
f 5606 5587 5603
f 5606 5589 5587
f 5607 1242 5604
f 5608 5589 5606
f 5609 5589 5608
f 5609 5594 5589
f 5610 1241 1242
f 5610 1242 5607
f 5611 5605 1339
f 5611 5590 5605
f 5611 1339 1340
f 5611 5595 5592
f 5611 5592 5590
f 5612 5609 5608
f 5613 1240 1241
f 5613 1241 5610
f 5614 5597 5594
f 5614 5594 5609
f 5614 5609 5612
f 5615 1240 5613
f 5616 5611 1340
f 5616 5595 5611
f 5616 5596 5595
f 5616 5601 5596
f 5616 1340 1341
f 5617 5614 5612
f 5618 5597 5614
f 5618 5614 5617
f 5619 1238 1239
f 5619 1239 1240
f 5619 5615 5620
f 5619 1240 5615
f 5621 5619 5620
f 5622 5616 1341
f 5622 1341 1342
f 5622 5601 5616
f 5622 5603 5601
f 5623 5618 5617
f 5624 5619 5621
f 5624 1238 5619
f 5625 5602 5597
f 5625 5618 5623
f 5625 5597 5618
f 5626 5625 5623
f 5627 5625 5626
f 5627 5602 5625
f 5627 5604 5602
f 5628 5606 5603
f 5628 5608 5606
f 5628 5622 1342
f 5628 5603 5622
f 5629 5627 5626
f 5630 5627 5629
f 5630 5604 5627
f 5630 5607 5604
f 5631 5608 5628
f 5631 1342 1343
f 5631 5628 1342
f 5631 5612 5608
f 5632 5630 5629
f 5633 5630 5632
f 5633 5607 5630
f 5633 5610 5607
f 5634 5633 5632
f 5635 1343 1344
f 5635 5612 5631
f 5635 5617 5612
f 5635 5631 1343
f 5636 5633 5634
f 5636 5610 5633
f 5636 5613 5610
f 5636 5615 5613
f 5637 5636 5634
f 5638 5636 5637
f 5638 5615 5636
f 5639 5623 5617
f 5639 5635 1344
f 5639 5617 5635
f 5640 5638 5637
f 5641 1548 1547
f 5642 5620 5615
f 5642 5615 5638
f 5642 5638 5640
f 5643 1344 1345
f 5643 5623 5639
f 5643 5639 1344
f 5643 5626 5623
f 5644 5620 5642
f 5644 5621 5620
f 5645 5642 5640
f 5646 5644 5642
f 5646 5642 5645
f 5647 5624 5621
f 5647 5621 5644
f 5648 5644 5646
f 5648 5646 5645
f 5648 5647 5644
f 5649 5632 5629
f 5649 5629 5626
f 5649 1345 1346
f 5649 5643 1345
f 5649 5626 5643
f 5650 1548 5641
f 5650 3007 1548
f 5651 5632 5649
f 5651 5649 1346
f 5651 5634 5632
f 5652 5640 5637
f 5652 5637 5634
f 5652 5634 5651
f 5652 5651 1346
f 5653 1221 1222
f 5653 1222 1223
f 5654 5652 1346
f 5654 1346 1347
f 5654 5640 5652
f 5654 5645 5640
f 5655 5645 5654
f 5655 5654 1347
f 5656 5645 5655
f 5656 1347 1348
f 5656 1348 1349
f 5656 5655 1347
f 5656 5648 5645
f 5657 5658 5659
f 5660 5661 5653
f 5662 5656 1349
f 5662 5648 5656
f 5662 1349 1350
f 5662 1350 1351
f 5662 5647 5648
f 5663 1223 1224
f 5663 5653 1223
f 5663 5660 5653
f 5664 5624 5647
f 5665 3007 5658
f 5665 5658 5657
f 5665 1549 3007
f 5666 5667 5668
f 5666 5668 5664
f 5669 1549 5665
f 5669 5665 5657
f 5670 5657 5671
f 5670 5669 5657
f 5672 5671 5673
f 5672 5670 5671
f 5674 5669 5670
f 5675 5669 5674
f 5675 1550 1549
f 5675 1549 5669
f 5676 5647 5662
f 5676 5664 5647
f 5677 5674 5670
f 5678 5662 1351
f 5678 1351 1352
f 5678 1352 1353
f 5678 1353 1354
f 5678 1354 1355
f 5678 1355 1356
f 5678 5676 5662
f 5679 5666 5664
f 5679 5664 5676
f 5680 5679 5676
f 5681 5680 5676
f 5682 5666 5679
f 5682 5667 5666
f 5683 5682 5679
f 5684 5683 5679
f 5684 5679 5680
f 5684 5680 5681
f 5685 5667 5682
f 5686 5682 5683
f 5686 5685 5682
f 5686 5683 5684
f 5687 5667 5685
f 5687 5685 5686
f 5687 5688 5667
f 5689 5676 5678
f 5689 5684 5681
f 5689 5681 5676
f 5690 5689 1367
f 5690 5684 5689
f 5690 5686 5684
f 5690 5687 5686
f 5691 5678 1356
f 5691 1356 1357
f 5691 1357 1358
f 5691 1358 1359
f 5691 1359 1360
f 5691 1360 1361
f 5691 1361 1362
f 5691 1362 1363
f 5691 5689 5678
f 5692 5689 5691
f 5692 5691 1363
f 5693 1367 5689
f 5693 1363 1364
f 5693 1364 1365
f 5693 1365 1366
f 5693 1366 1367
f 5693 5692 1363
f 5693 5689 5692
f 5694 5687 5690
f 5695 5696 5697
f 5698 5699 5700
f 5701 5699 5698
f 5702 5703 5704
f 5705 5706 5707
f 5705 5708 5706
f 5709 5710 5711
f 5709 5712 5713
f 5709 5711 5712
f 5714 5705 5715
f 5716 5710 5709
f 5717 5710 5716
f 5718 5710 5717
f 5719 5720 1396
f 5719 1396 1397
f 5721 5710 5718
f 5722 5710 5721
f 5723 5710 5722
f 5724 5710 5723
f 5724 5725 5710
f 5726 5709 5727
f 5728 5725 5724
f 5729 5716 5709
f 5729 5717 5716
f 5729 5709 5726
f 5730 5725 5728
f 5731 5718 5717
f 5731 5722 5721
f 5731 5721 5718
f 5731 5717 5729
f 5731 5723 5722
f 5732 1562 1561
f 5732 5725 5730
f 5733 5726 5727
f 5733 5734 5719
f 5733 5727 5734
f 5733 5729 5726
f 5733 5731 5729
f 5733 1397 1398
f 5733 1398 1399
f 5733 1399 1400
f 5733 1400 1401
f 5733 5719 1397
f 5735 5723 5731
f 5735 5724 5723
f 5735 5728 5724
f 5735 5730 5728
f 5736 5733 1401
f 5736 5735 5731
f 5736 5731 5733
f 5737 5730 5735
f 5738 5735 5736
f 5738 5736 1401
f 5738 1401 1402
f 5739 5730 5737
f 5740 5730 5739
f 5741 5735 5738
f 5741 5738 1402
f 5742 5732 5730
f 5742 5730 5740
f 5743 5737 5735
f 5743 5741 1402
f 5743 5735 5741
f 5743 1402 1403
f 5744 5732 5742
f 5745 5739 5737
f 5745 5743 1403
f 5745 5737 5743
f 5746 5732 5744
f 5747 5732 5746
f 5748 5745 1403
f 5748 5740 5739
f 5748 1403 1404
f 5748 5739 5745
f 5749 5732 5747
f 5749 1562 5732
f 5750 5746 5744
f 5750 5747 5746
f 5750 5748 1404
f 5750 5744 5742
f 5750 5742 5740
f 5750 5740 5748
f 5751 5747 5750
f 5751 5749 5747
f 5751 5750 1404
f 5751 1404 1405
f 5751 1405 1406
f 5752 5749 5751
f 5752 1562 5749
f 5752 5751 1406
f 5752 1408 1562
f 5752 1406 1407
f 5752 1407 1408
f 5753 3010 1634
f 5753 1634 1635
f 5753 3015 3011
f 5753 3011 3010
f 5754 5753 1635
f 5754 1635 1636
f 5755 5754 1636
f 5755 5753 5754
f 5756 1584 1583
f 5756 1585 1584
f 5756 1586 1585
f 5756 1587 1586
f 5756 1588 1587
f 5756 1583 3017
f 5757 5753 5755
f 5757 3015 5753
f 5757 5755 1636
f 5758 3019 1588
f 5758 1588 5756
f 5758 5756 3017
f 5758 3023 3019
f 5759 3017 3018
f 5759 5758 3017
f 5759 3023 5758
f 5760 1636 1637
f 5761 1636 5760
f 5762 1636 5761
f 5762 5757 1636
f 5763 3023 5759
f 5763 3024 3023
f 5764 5760 1637
f 5764 3029 3028
f 5764 3032 3029
f 5764 3026 3032
f 5764 5762 5761
f 5764 5761 5760
f 5764 3028 5762
f 5764 1637 1638
f 5764 1638 3026
f 5765 3044 3024
f 5765 3024 5763
f 5766 3044 5765
f 5766 3034 3040
f 5767 3046 3044
f 5767 3044 5766
f 5767 1651 3046
f 5767 5766 3040
f 5768 3040 1646
f 5768 5767 3040
f 5768 1651 5767
f 5768 1646 1647
f 5768 1647 1648
f 5768 1648 1649
f 5768 1649 1650
f 5768 1650 1651
f 5769 1787 1788
f 5769 3084 3082
f 5769 3082 1787
f 5770 1779 1780
f 5770 3107 1779
f 5770 1780 3086
f 5771 1788 1789
f 5771 5769 1788
f 5772 3118 3107
f 5772 3107 5770
f 5773 5771 1789
f 5774 1789 1790
f 5774 5775 5776
f 5774 5773 1789
f 5774 5776 5773
f 5777 5774 1790
f 5777 5775 5774
f 5778 3118 5772
f 5779 5780 5775
f 5779 5777 1790
f 5779 5775 5777
f 5781 1775 1776
f 5781 1776 1777
f 5781 1777 1778
f 5781 3107 3124
f 5781 3135 1775
f 5781 1778 3107
f 5782 1790 1791
f 5782 3139 5780
f 5782 5779 1790
f 5782 5780 5779
f 5783 3138 3139
f 5783 1791 3136
f 5783 3136 3138
f 5783 3139 5782
f 5783 5782 1791
f 5784 5781 3124
f 5784 3135 5781
f 5784 3124 3147
f 5784 3146 3135
f 5784 3147 3146
f 5785 5775 5780
f 5786 5785 5780
f 5787 5786 5780
f 5787 5780 3139
f 5788 3139 3156
f 5788 5789 5787
f 5788 5787 3139
f 5788 3156 5789
f 5790 3173 3172
f 5791 3173 5790
f 5791 1800 1801
f 5791 1801 1802
f 5791 5790 5789
f 5791 1802 3173
f 5791 3156 1800
f 5791 5789 3156
f 5792 1367 3275
f 5792 1368 1367
f 5792 1369 1368
f 5792 1370 1369
f 5792 3275 3300
f 5793 3273 3279
f 5793 1926 3273
f 5793 1924 1925
f 5793 1925 1926
f 5794 3279 1931
f 5795 5794 1931
f 5795 1931 1932
f 5795 5796 5797
f 5795 5797 5794
f 5798 1924 5793
f 5799 1694 1695
f 5799 1695 1696
f 5799 3270 1694
f 5799 3296 3295
f 5799 3295 3286
f 5799 3286 3270
f 5800 5799 1696
f 5801 1696 1697
f 5801 1697 1698
f 5801 5800 1696
f 5802 5795 1932
f 5802 5796 5795
f 5802 5803 5796
f 5804 3296 5799
f 5804 5799 5800
f 5804 5800 5801
f 5804 3294 3296
f 5805 1371 1370
f 5805 1370 5792
f 5806 1372 1371
f 5806 1373 1372
f 5806 1374 1373
f 5806 1371 5805
f 5807 3294 5804
f 5807 5804 5801
f 5808 5803 5802
f 5808 5802 1932
f 5809 3294 5807
f 5809 5807 5801
f 5810 1374 5806
f 5810 1375 1374
f 5810 1376 1375
f 5810 1377 1376
f 5811 3294 5809
f 5811 5809 5801
f 5812 5811 5801
f 5812 5801 1698
f 5812 1698 1699
f 5812 1699 1700
f 5812 1700 1701
f 5812 1701 1702
f 5812 1702 1703
f 5812 1703 1704
f 5812 3369 3294
f 5812 1704 1705
f 5812 1705 1706
f 5812 1706 1707
f 5812 1707 1708
f 5812 1709 3399
f 5812 1708 1709
f 5812 3294 5811
f 5812 3399 3369
f 5813 5814 5797
f 5813 5815 5814
f 5816 1932 1933
f 5816 5803 5808
f 5816 5808 1932
f 5817 5815 5813
f 5817 5797 5796
f 5817 5813 5797
f 5818 5806 5805
f 5818 5810 5806
f 5819 3300 3299
f 5820 5805 5792
f 5821 5817 5796
f 5821 5815 5817
f 5821 5796 5803
f 5822 5810 5818
f 5823 5810 5822
f 5824 5810 5823
f 5824 5823 5825
f 5824 1378 1377
f 5824 1377 5810
f 5826 5824 5825
f 5827 1378 5824
f 5827 5824 5826
f 5827 1379 1378
f 5828 5827 5826
f 5828 1379 5827
f 5828 1380 1379
f 5829 3310 5814
f 5829 5814 5815
f 5830 1380 5828
f 5830 1381 1380
f 5831 5832 2898
f 5831 3310 5829
f 5831 5829 5832
f 5831 1918 1919
f 5831 1919 1920
f 5831 1920 3310
f 5831 2898 1918
f 5833 5819 3299
f 5833 3299 3369
f 5833 5834 5819
f 5833 5835 5834
f 5833 5836 5835
f 5833 3369 5836
f 5837 5834 5835
f 5838 5815 5821
f 5838 3334 5829
f 5838 5829 5815
f 5839 1385 1384
f 5839 1386 1385
f 5840 1386 5839
f 5840 1387 1386
f 5841 1945 3334
f 5841 1943 1944
f 5841 1944 1945
f 5841 3334 5838
f 5842 1391 1390
f 5842 1392 1391
f 5842 1393 1392
f 5843 1393 5842
f 5843 3344 3343
f 5843 5842 3344
f 5844 3326 1939
f 5844 1943 5841
f 5844 1939 1940
f 5844 1940 1941
f 5844 1941 1942
f 5844 1942 1943
f 5844 3328 3326
f 5845 2898 5832
f 5845 5829 3334
f 5845 5832 5829
f 5846 5847 5848
f 5846 5849 5847
f 5850 5849 5851
f 5850 5851 5852
f 5853 5846 5848
f 5853 3337 3339
f 5853 5848 3337
f 5854 5855 3364
f 5854 5856 5857
f 5854 5857 5855
f 5854 3344 5842
f 5858 3363 3342
f 5858 3364 3363
f 5858 3342 3344
f 5858 5854 3364
f 5858 3344 5854
f 5859 3337 5848
f 5860 3364 5855
f 5860 5861 3338
f 5860 5857 5856
f 5860 3338 3337
f 5860 5855 5857
f 5860 3362 3364
f 5860 3337 5859
f 5860 5856 5861
f 5862 3342 3377
f 5862 5863 5864
f 5862 5865 3343
f 5862 3343 3342
f 5862 3377 5863
f 5862 3367 5866
f 5862 5866 5865
f 5862 5864 5867
f 5862 3392 3366
f 5862 5867 3392
f 5862 3366 3367
f 5868 5869 5870
f 5871 3334 1946
f 5871 1946 1947
f 5871 1947 1948
f 5871 1948 1949
f 5871 1949 1950
f 5871 1950 1951
f 5871 5845 3334
f 5872 3362 5860
f 5872 5873 5874
f 5872 5875 5876
f 5872 5876 5873
f 5877 3438 5878
f 5877 1712 1713
f 5877 1713 1714
f 5877 1714 1715
f 5877 1715 1716
f 5877 1716 1717
f 5877 1717 1718
f 5877 1718 1719
f 5877 1719 1720
f 5877 1720 1721
f 5877 5879 3410
f 5877 1721 1722
f 5877 1722 1723
f 5877 5880 5881
f 5877 5882 5880
f 5877 3410 1712
f 5877 5881 5879
f 5877 5878 5882
f 5883 1723 1724
f 5883 3438 5877
f 5883 1724 1725
f 5883 1725 1726
f 5883 5877 1723
f 5884 3347 3345
f 5884 2900 3414
f 5884 3414 3368
f 5884 3358 3355
f 5884 3394 2900
f 5884 3351 3347
f 5884 3341 3394
f 5884 3368 3361
f 5884 3361 3358
f 5884 3345 3340
f 5884 3340 3341
f 5884 3355 3351
f 5885 5875 3389
f 5885 5876 5875
f 5885 3389 3388
f 5886 5874 5873
f 5886 5876 5885
f 5886 5873 5876
f 5887 5864 5863
f 5887 5863 3377
f 5887 3391 3392
f 5887 5867 5864
f 5887 3392 5867
f 5887 3395 3391
f 5887 3377 3372
f 5888 5887 5889
f 5890 5891 5892
f 5890 5892 5836
f 5890 3369 3400
f 5890 3400 3399
f 5890 5836 3369
f 5890 5893 5891
f 5894 3438 5883
f 5894 5883 1726
f 5894 1726 1727
f 5894 1727 1728
f 5894 1728 1729
f 5894 1729 1730
f 5894 3439 3438
f 5895 5835 5836
f 5895 5896 5835
f 5897 3443 3442
f 5897 3457 3447
f 5897 3461 3460
f 5897 3459 3458
f 5897 3463 3462
f 5897 3442 3444
f 5897 3446 3445
f 5897 3462 3464
f 5897 3465 3461
f 5897 3439 5894
f 5897 3458 3463
f 5897 5894 1730
f 5897 3447 3446
f 5897 3445 3448
f 5897 3448 3443
f 5897 3460 3457
f 5897 3444 3439
f 5897 3464 3465
f 5898 5897 1730
f 5898 1734 3408
f 5898 1730 1731
f 5898 1731 1732
f 5898 1732 1733
f 5898 1733 1734
f 5898 3459 5897
f 5899 5900 5893
f 5899 3412 3411
f 5899 5890 3399
f 5899 3399 3412
f 5899 5893 5890
f 5899 5901 5900
f 5899 5902 5901
f 5903 5904 5902
f 5903 5902 5899
f 5903 3411 3410
f 5903 5899 3411
f 5905 1409 3407
f 5905 3407 3415
f 5905 3415 5906
f 5905 1410 1409
f 5907 5908 5904
f 5907 5909 5908
f 5907 5903 3410
f 5907 3410 5879
f 5907 5879 5881
f 5907 5904 5903
f 5910 5892 5891
f 5910 5836 5892
f 5910 5895 5836
f 5911 5909 5907
f 5911 5912 5909
f 5911 5907 5881
f 5913 5910 5891
f 5914 5905 5906
f 5914 1410 5905
f 5915 5913 5891
f 5915 5891 5893
f 5916 5881 5880
f 5916 5912 5911
f 5916 5911 5881
f 5916 5917 5912
f 5918 5910 5913
f 5918 5895 5910
f 5919 5918 5913
f 5920 5919 5913
f 5920 5913 5915
f 5921 5915 5893
f 5922 5893 5900
f 5922 5921 5893
f 5922 5900 5901
f 5923 5917 5916
f 5923 5880 5882
f 5923 5916 5880
f 5924 5923 5882
f 5924 5917 5923
f 5925 5917 5924
f 5925 5924 5882
f 5925 5926 5917
f 5927 5925 5882
f 5927 5926 5925
f 5927 5928 5926
f 5929 5930 5928
f 5929 5928 5927
f 5929 5927 5882
f 5929 5882 5878
f 5931 5932 1411
f 5931 5914 5932
f 5931 1410 5914
f 5931 1411 1410
f 5933 5915 5921
f 5933 5920 5915
f 5934 5929 5878
f 5934 5930 5929
f 5935 5933 5921
f 5936 5921 5922
f 5936 5935 5921
f 5937 5932 5938
f 5939 5922 5901
f 5939 5901 5902
f 5940 3469 3459
f 5940 3459 5898
f 5940 3425 3430
f 5940 5898 3408
f 5940 3408 3425
f 5941 5902 5904
f 5941 5939 5902
f 5942 5922 5939
f 5942 5936 5922
f 5943 5942 5939
f 5943 5939 5941
f 5944 5933 5935
f 5944 5935 5936
f 5944 5936 5942
f 5944 5942 5943
f 5944 5945 5946
f 5947 5941 5904
f 5948 5904 5908
f 5948 5908 5909
f 5948 5947 5904
f 5949 5941 5947
f 5949 5943 5941
f 5950 5949 5947
f 5951 5947 5948
f 5951 5950 5947
f 5952 1411 5932
f 5952 5937 5953
f 5952 5932 5937
f 5952 1412 1411
f 5954 5909 5912
f 5954 5948 5909
f 5955 5934 5878
f 5956 5912 5917
f 5956 5954 5912
f 5957 5955 5878
f 5957 5878 3438
f 5957 5958 5955
f 5957 3438 3437
f 5959 2081 2082
f 5959 3449 3434
f 5959 3434 2081
f 5960 2077 3432
f 5960 2902 2075
f 5960 3432 3436
f 5960 2075 2076
f 5960 2076 2077
f 5961 5951 5948
f 5961 5948 5954
f 5962 5961 5954
f 5962 5954 5956
f 5963 5956 5917
f 5964 5951 5961
f 5964 5943 5949
f 5964 5944 5943
f 5964 5945 5944
f 5964 5949 5950
f 5964 5950 5951
f 5964 5965 5945
f 5964 5961 5962
f 5966 5963 5917
f 5967 5928 5930
f 5967 5966 5917
f 5967 5917 5926
f 5967 5926 5928
f 5968 5962 5956
f 5968 5956 5963
f 5969 5953 5970
f 5969 5952 5953
f 5969 1412 5952
f 5971 5968 5963
f 5972 2082 2083
f 5972 5959 2082
f 5973 5971 5963
f 5974 1854 3469
f 5974 3469 5940
f 5974 3430 1847
f 5974 5940 3430
f 5974 1847 1848
f 5974 1848 1849
f 5974 1849 1850
f 5974 1850 1851
f 5974 1851 1852
f 5974 1852 1853
f 5974 1853 1854
f 5975 5963 5966
f 5975 5966 5967
f 5975 5973 5963
f 5976 3454 3466
f 5976 1904 1905
f 5976 1905 1906
f 5976 1906 1907
f 5976 3466 3452
f 5976 3450 3454
f 5976 1907 3450
f 5976 3452 1904
f 5977 5960 3436
f 5977 3467 2902
f 5977 2902 5960
f 5977 3436 3449
f 5978 5975 5967
f 5978 5967 5930
f 5979 5957 3437
f 5979 5958 5957
f 5980 3467 5977
f 5980 5977 3449
f 5981 3437 3441
f 5981 3441 3456
f 5981 5979 3437
f 5982 3474 3467
f 5982 3467 5980
f 5982 5980 3449
f 5983 2083 2084
f 5984 5979 5981
f 5985 5983 2084
f 5985 5986 5983
f 5987 2084 2085
f 5987 5986 5985
f 5987 5988 5986
f 5987 5985 2084
f 5989 2072 3451
f 5989 3477 2072
f 5989 3467 3473
f 5989 3451 3467
f 5989 3491 3477
f 5989 3473 3491
f 5990 5988 5987
f 5990 5987 2085
f 5990 3485 5988
f 5991 5990 2085
f 5991 3485 5990
f 5991 3481 3484
f 5991 3484 3485
f 5991 2085 3481
f 5992 5993 5988
f 5992 5988 3485
f 5994 5992 3485
f 5994 3485 3498
f 5994 3498 2905
f 5995 3511 3510
f 5995 3510 2904
f 5995 2904 3490
f 5996 2905 3507
f 5996 3507 3509
f 5997 3511 5995
f 5997 1974 3511
f 5997 3492 3499
f 5997 3490 3492
f 5997 5995 3490
f 5997 1971 1972
f 5997 1972 1973
f 5997 1973 1974
f 5997 3499 1971
f 5998 5999 6000
f 5998 6000 3472
f 5998 3479 3480
f 5998 3483 3486
f 5998 3472 3479
f 5998 3480 3483
f 5998 3487 3489
f 5998 3486 3487
f 6001 5999 5998
f 6001 3489 3493
f 6001 5998 3489
f 6002 3493 3512
f 6002 6001 3493
f 6003 3512 3514
f 6003 5999 6001
f 6003 6002 3512
f 6003 6001 6002
f 6004 6005 6006
f 6007 6008 3534
f 6007 6009 6010
f 6007 6010 6008
f 6007 6011 6009
f 6007 3534 1868
f 6007 6012 6011
f 6007 6013 6012
f 6007 6014 6015
f 6007 6016 6013
f 6007 6015 6016
f 6007 1868 1869
f 6007 1869 1870
f 6007 1870 1871
f 6007 1871 1872
f 6007 1872 1873
f 6017 6007 1873
f 6017 6014 6007
f 6018 6017 1873
f 6018 6014 6017
f 6019 1876 1877
f 6019 1877 1878
f 6019 1878 1879
f 6019 6014 6018
f 6019 6018 1873
f 6019 1879 3533
f 6019 1873 1874
f 6019 1874 1875
f 6019 1875 1876
f 6020 6021 6022
f 6023 1418 1417
f 6023 1417 6005
f 6023 6005 6004
f 6024 6025 6020
f 6024 6020 6022
f 6024 6022 6026
f 6027 6023 6004
f 6028 5999 6003
f 6028 3514 3516
f 6028 3516 3517
f 6028 3517 3518
f 6028 3525 6029
f 6028 6029 5999
f 6028 3518 3520
f 6028 3520 3523
f 6028 3523 3525
f 6028 6003 3514
f 6030 6031 6032
f 6033 6024 6026
f 6034 6023 6027
f 6034 1418 6023
f 6034 6027 6035
f 6036 6019 3533
f 6036 6014 6019
f 6036 3533 3548
f 6036 6037 6014
f 6038 6026 6039
f 6040 1419 1418
f 6040 1418 6034
f 6041 6000 5999
f 6041 5999 6029
f 6041 6029 6042
f 6041 6043 6000
f 6044 1419 6040
f 6044 6040 6034
f 6045 6046 3558
f 6045 3558 3560
f 6047 3565 3569
f 6047 3559 3565
f 6048 6038 6039
f 6048 6039 6049
f 6050 6046 6045
f 6050 6045 6051
f 6052 1420 1419
f 6052 1419 6044
f 6052 6053 3569
f 6052 6044 6053
f 6054 6049 6055
f 6056 3558 6046
f 6056 3567 3558
f 6056 3577 3567
f 6057 3557 2907
f 6057 3556 3570
f 6057 3579 3573
f 6057 3570 3579
f 6057 3573 3557
f 6057 2907 3556
f 6058 3569 3568
f 6058 3571 1420
f 6058 3568 3571
f 6058 1420 6052
f 6058 6052 3569
f 6059 3548 3554
f 6059 6037 6036
f 6059 6036 3548
f 6060 3563 3566
f 6060 2226 2227
f 6060 2227 2228
f 6060 2228 3563
f 6061 3528 3530
f 6061 3525 3528
f 6061 3534 6008
f 6061 6029 3525
f 6061 6062 6029
f 6061 3531 3534
f 6061 3530 3531
f 6063 6061 6008
f 6063 6062 6061
f 6064 3566 2233
f 6065 2226 6060
f 6065 2225 2226
f 6066 6064 2233
f 6066 6067 6064
f 6066 2233 2234
f 6066 6068 6067
f 6069 3574 2908
f 6069 3583 3574
f 6070 6066 2234
f 6070 6068 6066
f 6071 3576 3577
f 6071 2909 3576
f 6071 3581 2909
f 6072 6073 6062
f 6072 6074 6073
f 6072 6010 6009
f 6072 6008 6010
f 6072 6009 6011
f 6072 6062 6063
f 6072 6063 6008
f 6072 6011 6012
f 6072 6012 6013
f 6072 6015 6074
f 6072 6013 6016
f 6072 6016 6015
f 6075 3582 3581
f 6075 3581 6071
f 6076 1990 1991
f 6076 1991 1992
f 6076 1992 1993
f 6076 6059 3554
f 6076 1993 1994
f 6076 3554 1990
f 6076 6037 6059
f 6077 6070 2234
f 6077 6068 6070
f 6077 6078 6068
f 6079 3583 6069
f 6079 3573 3580
f 6079 6069 2908
f 6079 2908 3573
f 6080 1994 1995
f 6080 6076 1994
f 6080 6037 6076
f 6081 6037 6080
f 6081 6080 1995
f 6082 1995 1996
f 6082 6037 6081
f 6082 6081 1995
f 6083 3594 6084
f 6083 6084 6085
f 6083 1996 1997
f 6083 1997 1998
f 6083 1998 1999
f 6083 1999 2000
f 6083 2000 2001
f 6083 2001 2002
f 6083 6082 1996
f 6083 6037 6082
f 6083 6086 6087
f 6083 6087 6037
f 6083 2002 3594
f 6083 6088 6086
f 6083 6085 6088
f 6089 2224 6090
f 6089 2219 2220
f 6089 2220 2221
f 6089 2221 2222
f 6089 2222 2223
f 6089 2223 2224
f 6091 6067 6068
f 6091 6092 6067
f 6091 6093 6092
f 6094 2235 3585
f 6094 6078 6077
f 6094 2234 2235
f 6094 6077 2234
f 6095 3587 3583
f 6095 3580 3587
f 6095 3583 6079
f 6095 6079 3580
f 6096 6091 6068
f 6096 6093 6091
f 6097 3584 2913
f 6097 3578 3584
f 6097 3580 3579
f 6097 2913 3586
f 6097 3579 3578
f 6097 3586 3580
f 6098 6093 6096
f 6098 6068 6078
f 6098 6096 6068
f 6099 6100 6101
f 6102 6062 6073
f 6102 6029 6062
f 6102 6042 6029
f 6102 6073 6103
f 6104 6092 6093
f 6104 6090 6092
f 6105 6100 6099
f 6106 6104 6107
f 6106 6089 6090
f 6106 2914 2219
f 6106 6107 2914
f 6106 6090 6104
f 6106 2219 6089
f 6108 6098 6078
f 6108 6104 6093
f 6108 6109 6104
f 6108 6093 6098
f 6110 3587 3586
f 6110 3592 3587
f 6111 1424 1423
f 6111 1423 3582
f 6111 3607 1424
f 6111 3608 3607
f 6112 6085 6084
f 6112 6073 6074
f 6112 6113 6073
f 6112 6014 6037
f 6112 6087 6086
f 6112 6015 6014
f 6112 6037 6087
f 6112 6074 6015
f 6112 6086 6088
f 6112 6088 6085
f 6114 3590 2241
f 6114 2241 2242
f 6114 2242 2243
f 6114 3591 3590
f 6115 6113 6112
f 6115 6112 6084
f 6116 6107 6104
f 6116 2254 2914
f 6116 6104 6109
f 6116 2914 6107
f 6117 3612 3606
f 6118 3604 2915
f 6118 6110 3586
f 6118 3586 3604
f 6119 2245 2246
f 6119 2246 2247
f 6120 6121 6122
f 6120 3613 3612
f 6120 6122 3613
f 6120 3612 6117
f 6123 6084 3594
f 6123 6124 6113
f 6123 3603 6124
f 6123 3594 3595
f 6123 6113 6115
f 6123 3595 3597
f 6123 3597 3598
f 6123 6115 6084
f 6123 3598 3600
f 6123 3601 3603
f 6123 3600 3601
f 6125 6122 6121
f 6125 3613 6122
f 6125 3631 3613
f 6126 3631 6125
f 6126 3634 3631
f 6127 6116 6109
f 6127 2254 6116
f 6127 2250 2251
f 6127 2251 2252
f 6127 2252 2253
f 6127 2253 2254
f 6128 3651 3630
f 6128 2916 3651
f 6128 3643 2916
f 6128 3615 3620
f 6128 3618 3615
f 6128 3620 3643
f 6128 3630 3629
f 6128 3629 3628
f 6128 3622 3618
f 6128 3628 3622
f 6129 6124 6130
f 6129 6113 6124
f 6129 6073 6113
f 6129 6103 6073
f 6131 6132 6133
f 6134 6132 6131
f 6135 6136 3674
f 6135 6137 6136
f 6135 2031 3644
f 6135 3674 2022
f 6135 2022 2023
f 6135 2023 2024
f 6135 2024 2025
f 6135 2025 2026
f 6135 2026 2027
f 6135 2027 2028
f 6135 2028 2029
f 6135 2029 2030
f 6135 2030 2031
f 6138 3603 3609
f 6138 3609 3610
f 6138 3610 3611
f 6138 3611 3614
f 6138 3617 3619
f 6138 3614 3616
f 6138 6124 3603
f 6138 6139 6124
f 6138 3616 3617
f 6138 3619 3621
f 6138 3621 3624
f 6140 3627 3659
f 6141 6139 6138
f 6141 6138 3624
f 6141 3627 6140
f 6141 3624 3625
f 6141 3625 3627
f 6142 1427 1426
f 6142 1426 3646
f 6142 3646 3647
f 6142 3686 1427
f 6143 3688 6144
f 6143 2917 3688
f 6143 6145 6146
f 6143 6146 2917
f 6147 6141 6140
f 6147 6139 6141
f 6147 6140 3659
f 6147 3659 3661
f 6148 3693 2917
f 6148 6146 6145
f 6148 2917 6146
f 6149 3644 3669
f 6149 6135 3644
f 6149 6137 6135
f 6149 3669 3687
f 6150 3689 2383
f 6150 3691 3689
f 6151 3693 6148
f 6151 3695 3693
f 6152 3665 3667
f 6152 3667 3668
f 6152 3668 3675
f 6152 3673 3672
f 6152 3675 3678
f 6152 6153 6139
f 6152 6147 3661
f 6152 3678 3673
f 6152 6139 6147
f 6152 3661 3662
f 6152 3672 6153
f 6152 3662 3665
f 6154 6155 3691
f 6154 3691 6150
f 6154 6150 2383
f 6156 2383 2384
f 6156 6157 6155
f 6156 6154 2383
f 6156 6155 6154
f 6158 6156 2384
f 6158 6157 6156
f 6159 2919 3692
f 6159 3692 3691
f 6160 6159 3691
f 6160 3691 6155
f 6161 6162 6163
f 6164 2384 2385
f 6164 6158 2384
f 6164 6157 6158
f 6165 6130 6124
f 6165 6124 6139
f 6165 6153 6166
f 6165 6139 6153
f 6167 3694 3698
f 6167 3698 3699
f 6167 2205 2206
f 6167 2206 2207
f 6167 2207 2208
f 6167 3699 2205
f 6167 2208 3694
f 6168 6160 6155
f 6169 2141 2142
f 6169 3687 2141
f 6169 2142 2143
f 6169 2143 2144
f 6169 6137 6149
f 6169 2144 2145
f 6169 6149 3687
f 6169 2145 2146
f 6169 2146 2147
f 6169 2147 2148
f 6169 2148 2149
f 6169 2149 3704
f 6169 3704 6137
f 6170 2918 3684
f 6170 3684 3690
f 6170 3701 2918
f 6170 2262 3701
f 6170 2259 2260
f 6170 2260 2261
f 6170 2261 2262
f 6170 3690 2259
f 6171 3696 2919
f 6171 3700 3696
f 6172 6162 6161
f 6173 3703 1431
f 6173 1430 3695
f 6173 1431 1430
f 6173 6162 3708
f 6173 3708 3703
f 6174 2385 2386
f 6175 3674 6136
f 6175 3672 3671
f 6175 3677 3676
f 6175 3676 3680
f 6175 3671 3677
f 6175 3762 6153
f 6175 3680 3679
f 6175 3679 3674
f 6175 6153 3672
f 6176 6175 6136
f 6177 2386 2387
f 6177 6174 2386
f 6177 3713 3711
f 6177 2387 3713
f 6177 3711 3710
f 6178 3714 3707
f 6179 3727 3729
f 6180 6181 3715
f 6180 3714 6178
f 6180 3715 3714
f 6180 6182 6181
f 6183 2269 3732
f 6183 3697 3701
f 6183 3732 3698
f 6183 3701 2266
f 6183 3698 3697
f 6183 2266 2267
f 6183 2267 2268
f 6183 2268 2269
f 6184 6136 6137
f 6184 3762 6175
f 6184 3718 3716
f 6184 6176 6136
f 6184 3704 3717
f 6184 3721 3762
f 6184 3716 3721
f 6184 3717 3718
f 6184 6175 6176
f 6184 6137 3704
f 6185 2196 2197
f 6185 2197 2198
f 6185 2198 2199
f 6185 2199 2200
f 6185 3743 3737
f 6185 2200 3702
f 6185 3702 3706
f 6185 3737 2196
f 6185 3706 3743
f 6186 3727 6179
f 6186 6179 3710
f 6187 3715 6181
f 6187 6181 6182
f 6187 3735 3715
f 6188 3727 6186
f 6188 2921 3727
f 6188 6186 3710
f 6188 3710 3709
f 6189 3735 6187
f 6189 3740 3735
f 6190 2396 2921
f 6190 2394 2395
f 6190 2395 2396
f 6190 2921 6188
f 6190 6188 3709
f 6191 2276 3759
f 6191 3759 3743
f 6191 3732 2273
f 6191 3706 3732
f 6191 2273 2274
f 6191 2274 2275
f 6191 2275 2276
f 6191 3743 3706
f 6192 6153 3762
f 6192 3762 3761
f 6192 6166 6153
f 6192 3761 6193
f 6194 6195 6196
f 6197 6195 6194
f 6198 3722 3723
f 6198 3723 3724
f 6198 3724 3725
f 6198 3726 3731
f 6198 3725 3726
f 6198 3731 3733
f 6198 3761 3721
f 6198 3733 3734
f 6198 3734 3736
f 6198 6199 3761
f 6198 3721 3722
f 6200 1434 1433
f 6200 1433 3746
f 6200 3780 1434
f 6200 3746 3747
f 6201 6199 6198
f 6201 3736 3738
f 6201 6198 3736
f 6202 6201 3738
f 6202 3738 3763
f 6203 6204 3789
f 6203 3789 2169
f 6203 2169 2170
f 6203 2170 2171
f 6203 2171 2172
f 6203 2172 2173
f 6203 2173 2174
f 6205 6206 6204
f 6205 6207 6208
f 6205 6209 6207
f 6205 6210 6209
f 6205 6208 6206
f 6205 6211 6210
f 6205 6204 6203
f 6205 6203 2174
f 6212 3790 6213
f 6212 2923 3790
f 6212 6214 2923
f 6212 6215 6214
f 6216 3832 6211
f 6216 6205 2174
f 6216 2174 2175
f 6216 6211 6205
f 6217 3832 6216
f 6217 6216 2175
f 6218 3832 6217
f 6218 6217 2175
f 6218 2175 2176
f 6219 3832 6218
f 6219 6218 2176
f 6220 2179 2180
f 6220 2180 2181
f 6220 3832 6219
f 6220 6219 2176
f 6220 2181 3778
f 6220 2176 2177
f 6220 2177 2178
f 6220 2178 2179
f 6221 6199 6201
f 6221 6201 6202
f 6221 3763 3766
f 6221 3766 3768
f 6221 6202 3763
f 6222 3805 2923
f 6222 2923 6214
f 6222 3808 3805
f 6222 6214 6215
f 6223 3782 6224
f 6223 3774 3776
f 6223 6199 6221
f 6223 6224 6199
f 6223 3768 3769
f 6223 6221 3768
f 6223 3777 3779
f 6223 3769 3770
f 6223 3770 3771
f 6223 3771 3773
f 6223 3773 3774
f 6223 3776 3777
f 6223 3779 3782
f 6225 3830 3832
f 6225 3778 3799
f 6225 3832 6220
f 6225 6220 3778
f 6226 3821 6227
f 6228 6224 6229
f 6228 6199 6224
f 6228 6193 3761
f 6228 3761 6199
f 6230 3821 6226
f 6231 3821 3820
f 6231 1438 1437
f 6231 3820 1438
f 6231 1437 3808
f 6232 3799 3809
f 6232 6225 3799
f 6232 3830 6225
f 6233 2530 3811
f 6233 2528 2529
f 6233 2529 2530
f 6233 3811 3815
f 6234 6235 6224
f 6234 3782 3786
f 6234 3786 3787
f 6234 3787 3788
f 6234 3789 6204
f 6234 3788 3789
f 6234 6224 3782
f 6236 2535 2536
f 6237 6204 6206
f 6237 6234 6204
f 6237 6235 6234
f 6238 3827 3825
f 6239 6233 3815
f 6239 2528 6233
f 6239 2526 2527
f 6239 2527 2528
f 6239 6240 2526
f 6241 6242 3828
f 6241 3827 6238
f 6241 6243 6242
f 6241 3828 3827
f 6244 6236 2536
f 6244 6245 6236
f 6246 6247 6245
f 6246 6245 6244
f 6246 6244 2536
f 6248 2292 2293
f 6248 6232 3809
f 6248 2293 2294
f 6248 2294 2295
f 6248 2295 2296
f 6248 2296 2297
f 6248 3830 6232
f 6248 3809 2292
f 6249 6248 2297
f 6249 3830 6248
f 6250 3824 2925
f 6250 3836 3824
f 6251 3830 6249
f 6251 6249 2297
f 6252 6253 6235
f 6252 3831 6253
f 6252 3832 3831
f 6252 6208 6207
f 6252 6207 6209
f 6252 6211 3832
f 6252 6209 6210
f 6252 6206 6208
f 6252 6210 6211
f 6252 6235 6237
f 6252 6237 6206
f 6254 3833 3828
f 6254 3828 6242
f 6254 6242 6243
f 6255 3830 6251
f 6255 6251 2297
f 6256 6247 6246
f 6256 2536 2537
f 6256 6246 2536
f 6256 6257 6247
f 6258 6255 2297
f 6258 3830 6255
f 6259 6240 6239
f 6260 2297 2298
f 6260 2298 2299
f 6260 3830 6258
f 6260 6258 2297
f 6261 3833 6254
f 6261 3835 3833
f 6262 3836 6250
f 6262 6250 2925
f 6262 3823 3834
f 6262 2925 3823
f 6263 2537 3837
f 6263 6257 6256
f 6263 6256 2537
f 6264 2522 2523
f 6264 2523 2524
f 6264 2524 2525
f 6264 2525 2526
f 6264 2526 6240
f 6265 6266 6267
f 6265 6268 3830
f 6265 6269 6268
f 6265 6267 6269
f 6265 6270 6266
f 6265 6271 6270
f 6265 6272 6271
f 6265 3830 6260
f 6265 6260 2299
f 6273 6245 6247
f 6273 6274 6259
f 6275 2299 2300
f 6275 3850 6272
f 6275 2300 2301
f 6275 2301 2302
f 6275 2302 2303
f 6275 2303 2304
f 6275 2304 2305
f 6275 2305 2306
f 6275 6272 6265
f 6275 2306 3850
f 6275 6265 2299
f 6276 6273 6247
f 6276 6274 6273
f 6276 6247 6257
f 6277 6262 3834
f 6277 3834 3845
f 6277 3845 3836
f 6277 3836 6262
f 6278 3826 3829
f 6278 3834 3826
f 6278 3843 2929
f 6278 3829 3843
f 6278 3844 3834
f 6278 2929 3844
f 6279 6274 6276
f 6279 6276 6257
f 6279 6257 3846
f 6280 6235 6253
f 6280 6224 6235
f 6280 6253 6281
f 6280 6229 6224
f 6282 6283 6284
f 6285 6257 6263
f 6285 6263 3837
f 6285 2545 3846
f 6285 2544 2545
f 6285 3846 6257
f 6285 3842 2544
f 6285 3837 3842
f 6286 6264 6240
f 6286 6287 2930
f 6288 6287 6286
f 6288 6286 6240
f 6288 6259 6274
f 6288 6240 6259
f 6289 6283 6282
f 6290 3836 3847
f 6290 3860 3872
f 6290 3872 3849
f 6290 3838 2926
f 6290 3849 3838
f 6290 2926 3836
f 6290 3847 3860
f 6291 3845 3844
f 6291 3847 3845
f 6292 2549 3848
f 6292 3846 2547
f 6292 6274 6279
f 6292 6279 3846
f 6292 3848 6288
f 6292 6288 6274
f 6292 2547 2548
f 6292 2548 2549
f 6293 6253 3831
f 6293 6294 6253
f 6293 6267 6266
f 6293 3830 6268
f 6293 6268 6269
f 6293 6269 6267
f 6293 3831 3830
f 6293 6266 6270
f 6293 6270 6271
f 6293 6271 6272
f 6295 1442 1441
f 6295 3864 1442
f 6295 1441 3839
f 6295 3839 3840
f 6296 6291 3844
f 6296 3859 3847
f 6296 3847 6291
f 6297 6293 6272
f 6297 6294 6293
f 6298 3848 2553
f 6298 2930 6287
f 6298 2555 2930
f 6298 6288 3848
f 6298 2553 2554
f 6298 2554 2555
f 6298 6287 6288
f 6299 2424 2932
f 6299 3861 2424
f 6299 2932 3859
f 6299 3844 3861
f 6299 6296 3844
f 6299 3859 6296
f 6300 3863 6301
f 6300 2931 3863
f 6300 6302 2931
f 6300 6303 6302
f 6304 3854 3855
f 6304 6297 6272
f 6304 6272 3850
f 6304 3850 3851
f 6304 3851 3852
f 6304 3852 3853
f 6304 3855 3857
f 6304 3853 3854
f 6304 6294 6297
f 6304 6305 6294
f 6304 3857 6305
f 6306 3896 3888
f 6306 3888 2931
f 6306 2931 6302
f 6306 6302 6303
f 6307 3940 6308
f 6309 6253 6294
f 6309 6281 6253
f 6309 6305 6310
f 6309 6294 6305
f 6311 3924 2325
f 6311 2325 2326
f 6311 2326 2327
f 6311 2327 2328
f 6311 2328 2329
f 6311 2329 2330
f 6311 2330 2331
f 6311 2331 2332
f 6311 2332 2333
f 6311 2333 3897
f 6312 3940 6307
f 6313 3857 3862
f 6313 3862 3865
f 6313 3865 3866
f 6313 3866 3867
f 6313 3867 3868
f 6313 3868 3869
f 6313 3869 3870
f 6313 3870 3873
f 6313 6314 6305
f 6313 6305 3857
f 6313 3873 3874
f 6315 3940 3939
f 6315 1445 1444
f 6315 3939 1445
f 6315 1444 3896
f 6316 3877 3916
f 6317 3874 3876
f 6317 3877 6316
f 6317 3876 3877
f 6317 6314 6313
f 6317 6313 3874
f 6318 3945 3944
f 6319 3897 3915
f 6319 3915 3938
f 6319 3924 6311
f 6319 6311 3897
f 6319 6320 3924
f 6321 3916 3918
f 6321 6316 3916
f 6321 6317 6316
f 6321 6314 6317
f 6322 6323 3946
f 6322 3946 3945
f 6322 6324 6323
f 6322 3945 6318
f 6325 3942 2679
f 6325 3948 3943
f 6325 3943 3942
f 6326 6327 3948
f 6326 3948 6325
f 6326 6325 2679
f 6326 2679 2680
f 6328 3946 6323
f 6328 3949 3946
f 6328 6323 6324
f 6329 6321 3918
f 6329 4004 6314
f 6329 3922 4004
f 6329 3918 3925
f 6329 3927 3926
f 6329 6314 6321
f 6329 3926 3928
f 6329 3928 3929
f 6329 3923 3922
f 6329 3929 3923
f 6329 3925 3927
f 6330 3952 3949
f 6330 3949 6328
f 6331 6332 6327
f 6331 6327 6326
f 6331 6326 2680
f 6333 6332 6331
f 6333 6331 2680
f 6334 6333 2680
f 6334 6335 6332
f 6334 6332 6333
f 6334 2680 2681
f 6336 2672 3948
f 6336 3955 2671
f 6336 2671 2672
f 6337 3955 6336
f 6337 3948 6327
f 6337 6336 3948
f 6338 2451 3963
f 6338 3963 6320
f 6338 6319 3938
f 6338 2443 2444
f 6338 2444 2445
f 6338 2445 2446
f 6338 2446 2447
f 6338 2447 2448
f 6338 2448 2449
f 6338 2449 2450
f 6338 2450 2451
f 6338 6320 6319
f 6338 3938 2443
f 6339 6335 6334
f 6339 6334 2681
f 6340 6337 6327
f 6341 6314 4004
f 6341 6310 6305
f 6341 4004 6342
f 6341 6305 6314
f 6343 6344 6345
f 6346 6340 6327
f 6346 6327 6332
f 6346 6332 6335
f 6347 2500 2501
f 6347 2501 2502
f 6347 2502 2503
f 6347 2503 2504
f 6347 2504 2505
f 6347 2505 2506
f 6347 2506 3958
f 6347 3974 2500
f 6347 3958 3962
f 6348 6339 2681
f 6348 2681 2682
f 6349 3960 3954
f 6349 3954 3955
f 6350 6344 6343
f 6351 6346 6335
f 6352 2683 3965
f 6352 2682 2683
f 6353 3973 1449
f 6353 1449 1448
f 6353 1448 3956
f 6353 3956 3957
f 6354 3965 3968
f 6354 3968 3969
f 6354 6348 2682
f 6354 6352 3965
f 6354 2682 6352
f 6355 4003 3922
f 6355 3924 6320
f 6355 3922 3930
f 6355 3930 3932
f 6355 3934 3924
f 6355 3932 3933
f 6355 3933 3934
f 6356 3962 3961
f 6356 3974 6347
f 6356 6347 3962
f 6357 6355 6320
f 6358 2938 3999
f 6358 6356 3961
f 6358 3999 3974
f 6358 3974 6356
f 6358 3961 2938
f 6359 3983 3985
f 6359 3985 6351
f 6360 2937 3972
f 6360 6361 6362
f 6360 6362 2937
f 6360 3972 6363
f 6364 2691 2692
f 6364 2692 2693
f 6364 3983 6359
f 6364 2693 3983
f 6364 3966 2691
f 6365 3963 3976
f 6365 3981 6366
f 6365 6366 4003
f 6365 3977 3975
f 6365 6320 3963
f 6365 4003 6355
f 6365 6357 6320
f 6365 3978 3979
f 6365 3976 3977
f 6365 3975 3978
f 6365 3979 3981
f 6365 6355 6357
f 6367 4005 2937
f 6367 4008 4005
f 6367 6362 6361
f 6367 2937 6362
f 6368 4008 6367
f 6369 4017 4002
f 6369 4002 3988
f 6370 2695 2696
f 6370 2696 2697
f 6370 2697 2698
f 6370 4017 6369
f 6370 6369 3988
f 6370 3983 2695
f 6370 3988 3983
f 6370 2698 4017
f 6371 4003 6366
f 6371 6366 6372
f 6371 4004 4003
f 6371 6342 4004
f 6373 4042 6374
f 6375 1452 1451
f 6375 4041 1452
f 6375 4042 4041
f 6375 1451 4008
f 6376 3991 3992
f 6376 3990 3991
f 6376 3992 3994
f 6376 3994 3995
f 6376 3995 3996
f 6376 6366 3981
f 6376 3996 3997
f 6376 3989 3990
f 6376 6377 6366
f 6376 3981 3982
f 6376 3982 3989
f 6378 4001 4023
f 6379 6376 3997
f 6379 3997 4001
f 6379 6377 6376
f 6379 4001 6378
f 6380 4057 4052
f 6381 6382 4048
f 6381 4048 2473
f 6381 6383 6382
f 6381 6384 6383
f 6381 6385 6386
f 6381 6387 6384
f 6381 6386 6387
f 6381 2473 2474
f 6381 2474 2475
f 6381 2475 2476
f 6381 2476 2477
f 6388 6381 2477
f 6388 6385 6381
f 6388 2477 2478
f 6389 6385 6388
f 6389 6388 2478
f 6390 6389 2478
f 6390 6385 6389
f 6391 2482 2483
f 6391 2483 4029
f 6391 6390 2478
f 6391 6385 6390
f 6391 2478 2479
f 6391 2479 2480
f 6391 2480 2481
f 6391 2481 2482
f 6392 2939 4057
f 6392 6393 6394
f 6392 4057 6380
f 6392 6394 2939
f 6395 4023 4025
f 6395 6378 4023
f 6395 6377 6379
f 6395 6379 6378
f 6395 4025 4027
f 6396 6394 6393
f 6396 2939 6394
f 6396 4066 2939
f 6397 4066 6396
f 6398 6399 6377
f 6398 4028 4030
f 6398 4027 4028
f 6398 4030 4031
f 6398 4033 4034
f 6398 4031 4033
f 6398 4034 4035
f 6398 4035 4036
f 6398 4036 4039
f 6398 4039 6399
f 6398 6395 4027
f 6398 6377 6395
f 6400 4029 4056
f 6400 6391 4029
f 6400 6385 6391
f 6401 6377 6399
f 6401 6399 6402
f 6401 6372 6366
f 6401 6366 6377
f 6403 6404 6405
f 6406 2832 2833
f 6406 4070 2832
f 6406 4072 4070
f 6407 6385 6400
f 6407 4056 4064
f 6407 6408 6385
f 6407 6400 4056
f 6409 6404 6403
f 6410 2825 2826
f 6411 1455 1454
f 6411 4085 1455
f 6411 1454 4069
f 6411 4089 4085
f 6412 6413 6399
f 6412 4048 6382
f 6412 6399 4039
f 6412 4039 4044
f 6412 4044 4045
f 6412 4045 4046
f 6412 4046 4047
f 6412 4047 4048
f 6414 6406 2833
f 6414 2833 2834
f 6415 6412 6382
f 6415 6413 6412
f 6416 6410 6417
f 6418 6414 2834
f 6418 6419 6414
f 6420 4090 4088
f 6421 6419 6418
f 6421 6422 6419
f 6421 6418 2834
f 6423 2594 2595
f 6423 2595 2596
f 6423 2596 2597
f 6423 2597 2598
f 6423 2598 2599
f 6423 6408 6407
f 6423 6407 4064
f 6423 4064 2594
f 6424 6408 6423
f 6424 6423 2599
f 6425 6426 4091
f 6425 4091 4090
f 6425 4090 6420
f 6425 6427 6426
f 6428 6424 2599
f 6428 6408 6424
f 6429 2599 2600
f 6429 6428 2599
f 6429 6408 6428
f 6430 6429 2600
f 6430 6408 6429
f 6431 6432 6422
f 6431 2834 2835
f 6431 6422 6421
f 6431 6421 2834
f 6433 6434 6416
f 6435 6415 6382
f 6435 6436 6413
f 6435 6437 6436
f 6435 6413 6415
f 6435 6382 6383
f 6435 6383 6384
f 6435 6386 6385
f 6435 6384 6387
f 6435 6385 6408
f 6435 6387 6386
f 6435 6408 6438
f 6435 6438 6437
f 6439 2605 4133
f 6439 6440 6441
f 6439 6442 6440
f 6439 6430 2600
f 6439 2600 2601
f 6439 2601 2602
f 6439 6443 6442
f 6439 2602 2603
f 6439 2603 2604
f 6439 2604 2605
f 6439 6444 6443
f 6439 4133 6444
f 6439 6441 6445
f 6439 6408 6430
f 6439 6438 6408
f 6439 6445 6438
f 6446 4091 6426
f 6446 6426 6427
f 6446 4097 4091
f 6447 4101 6432
f 6447 2835 4101
f 6447 6432 6431
f 6447 6431 2835
f 6448 2818 2819
f 6448 2819 2820
f 6448 2820 2821
f 6448 2821 2822
f 6449 4097 6446
f 6449 4102 4097
f 6450 6419 6422
f 6450 6433 6419
f 6451 6422 6432
f 6451 6452 6450
f 6451 6450 6422
f 6453 6452 6451
f 6453 4115 6452
f 6453 6451 6432
f 6454 6432 4101
f 6454 4115 6453
f 6454 6453 6432
f 6454 2843 4115
f 6454 2841 2842
f 6454 2842 2843
f 6454 4110 2841
f 6454 4101 4110
f 6455 6413 6436
f 6455 6402 6399
f 6455 6399 6413
f 6455 6436 6456
f 6457 4127 2817
f 6457 2817 2818
f 6457 2944 4127
f 6457 2818 6448
f 6458 6459 4120
f 6460 2944 6457
f 6460 4123 2944
f 6461 4123 6460
f 6461 4126 4123
f 6462 4120 6459
f 6463 4126 6461
f 6463 6461 6452
f 6463 6452 4115
f 6463 2845 2846
f 6463 2846 2847
f 6463 2847 4126
f 6463 4115 2845
f 6464 6441 6440
f 6464 6440 6442
f 6464 6442 6443
f 6464 6443 6444
f 6464 6436 6437
f 6464 6445 6441
f 6464 6437 6438
f 6464 6465 6436
f 6464 6438 6445
f 6466 6464 6444
f 6466 6465 6464
f 6467 4117 4120
f 6467 1459 1458
f 6467 1458 4117
f 6467 4144 1459
f 6468 4162 4161
f 6468 4150 4162
f 6468 4112 4128
f 6468 4157 2943
f 6468 4161 4163
f 6468 4163 4164
f 6468 4128 4150
f 6468 4164 4165
f 6468 4171 4157
f 6468 4165 4167
f 6468 2943 4112
f 6468 4167 4169
f 6468 4169 4171
f 6469 2945 4149
f 6469 4149 4144
f 6469 6470 6471
f 6469 6471 2945
f 6472 4141 6473
f 6472 6473 6465
f 6472 6444 4133
f 6472 4133 4135
f 6472 4135 4137
f 6472 4138 4141
f 6472 4137 4138
f 6472 6465 6466
f 6472 6466 6444
f 6474 6471 6470
f 6474 2945 6471
f 6474 4175 2945
f 6475 4175 6474
f 6476 6477 6478
f 6479 6473 6480
f 6479 6465 6473
f 6479 6456 6436
f 6479 6436 6465
f 6481 2627 4170
f 6481 2619 2620
f 6481 2620 2621
f 6481 2621 2622
f 6481 2622 2623
f 6481 2623 2624
f 6481 2624 2625
f 6481 2625 2626
f 6481 2626 2627
f 6481 4197 2619
f 6482 6477 6476
f 6483 4151 4152
f 6483 4148 4151
f 6483 6473 4141
f 6483 4152 4153
f 6483 6484 6473
f 6483 4141 4145
f 6483 4145 4147
f 6483 4147 4148
f 6485 4154 4193
f 6486 4153 4154
f 6486 6484 6483
f 6486 6483 4153
f 6486 4154 6485
f 6487 1461 4181
f 6487 4221 1462
f 6487 1462 1461
f 6487 4224 4221
f 6488 4170 4189
f 6488 6481 4170
f 6488 6489 4197
f 6488 4189 4210
f 6488 4197 6481
f 6490 4226 4223
f 6491 6484 6486
f 6491 6486 6485
f 6491 4193 4198
f 6491 6485 4193
f 6492 4216 89
f 6493 85 4216
f 6493 6492 6494
f 6493 6494 4229
f 6493 4216 6492
f 6493 4229 84
f 6493 84 85
f 6495 4226 6490
f 6495 6496 6497
f 6495 6497 4227
f 6495 4227 4226
f 6498 6492 89
f 6498 6499 6494
f 6498 6494 6492
f 6498 89 90
f 6500 6498 90
f 6500 6499 6498
f 6501 6497 6496
f 6501 4227 6497
f 6501 4237 4227
f 6502 6484 6491
f 6502 4291 6484
f 6502 4198 4199
f 6502 4199 4200
f 6502 6491 4198
f 6502 4200 4201
f 6502 4201 4202
f 6502 4203 4205
f 6502 4202 4203
f 6502 4205 4291
f 6503 6504 6499
f 6503 6499 6500
f 6503 6500 90
f 6505 4240 4237
f 6505 4237 6501
f 6506 6507 4244
f 6506 4244 82
f 6506 83 4229
f 6506 82 83
f 6508 6509 6504
f 6508 6504 6503
f 6508 6503 90
f 6508 90 91
f 6510 6507 6506
f 6510 6494 6499
f 6510 4229 6494
f 6510 6506 4229
f 6511 4210 2739
f 6511 6489 6488
f 6511 6488 4210
f 6511 2739 2740
f 6511 2740 2741
f 6511 2741 2742
f 6511 2742 2743
f 6512 6509 6508
f 6512 6508 91
f 6513 6507 6510
f 6513 6510 6499
f 6514 4265 6515
f 6514 6515 6516
f 6514 6516 6489
f 6514 2748 4265
f 6514 2743 2744
f 6514 2744 2745
f 6514 2745 2746
f 6514 2746 2747
f 6514 2747 2748
f 6514 6511 2743
f 6514 6489 6511
f 6517 6507 6513
f 6517 6499 6504
f 6517 6513 6499
f 6518 4291 6519
f 6518 6480 6473
f 6518 6484 4291
f 6518 6473 6484
f 6520 6517 6504
f 6520 6504 6509
f 6521 6509 6512
f 6521 6512 91
f 6521 91 92
f 6522 6523 4251
f 6524 4244 6507
f 6524 4252 4244
f 6525 4251 6523
f 6526 93 4258
f 6526 6521 92
f 6526 4258 4262
f 6526 92 93
f 6526 4262 4261
f 6527 6520 6509
f 6528 4290 4205
f 6528 4197 6489
f 6528 6516 6515
f 6528 6489 6516
f 6528 4205 4206
f 6528 4208 4197
f 6528 4206 4207
f 6528 4207 4208
f 6529 4267 1466
f 6529 1466 1465
f 6529 1465 4249
f 6529 4249 4251
f 6530 4290 6528
f 6530 6528 6515
f 6531 6532 6527
f 6533 4252 6524
f 6533 2948 4252
f 6534 6535 2949
f 6534 2949 4273
f 6534 4273 4267
f 6534 6536 6535
f 6537 101 102
f 6537 4260 98
f 6537 98 99
f 6537 99 100
f 6537 100 101
f 6538 4265 4269
f 6538 6515 4265
f 6538 4269 4268
f 6538 4268 4271
f 6538 4290 6530
f 6538 4271 4272
f 6538 4272 4274
f 6538 4274 4276
f 6538 4276 6539
f 6538 6530 6515
f 6538 6539 4290
f 6540 4292 2949
f 6540 2949 6535
f 6540 6535 6536
f 6541 4292 6540
f 6542 110 111
f 6542 4304 4300
f 6542 2948 6533
f 6542 4300 2948
f 6542 111 4304
f 6543 106 107
f 6543 107 108
f 6543 108 109
f 6543 109 110
f 6543 110 6542
f 6544 6545 6546
f 6547 6519 4291
f 6547 4290 6539
f 6547 6539 6548
f 6547 4291 4290
f 6549 6545 6544
f 6550 4279 4280
f 6550 6539 4276
f 6550 4276 4277
f 6550 4277 4278
f 6550 4278 4279
f 6550 4280 4281
f 6550 4281 4282
f 6550 4282 4283
f 6550 4283 4285
f 6550 6551 6539
f 6550 4285 4287
f 6552 1468 4295
f 6552 4338 4335
f 6552 1469 1468
f 6552 4335 1469
f 6553 4289 4309
f 6554 4287 4289
f 6554 4289 6553
f 6554 6551 6550
f 6554 6550 4287
f 6555 6556 4330
f 6555 6557 6556
f 6555 6558 6557
f 6555 6559 6560
f 6555 6560 6558
f 6555 4330 2770
f 6555 2770 2771
f 6555 2771 2772
f 6555 2772 2773
f 6555 2773 2774
f 6561 6559 6555
f 6561 6555 2774
f 6561 2774 2775
f 6562 6561 2775
f 6562 6559 6561
f 6562 2779 4307
f 6562 2775 2776
f 6562 2776 2777
f 6562 2777 2778
f 6562 2778 2779
f 6563 4341 4337
f 6564 4341 6563
f 6564 6565 6566
f 6564 6566 4342
f 6564 4342 4341
f 6567 6554 6553
f 6567 6551 6554
f 6567 4309 4310
f 6567 6553 4309
f 6568 6566 6565
f 6568 4342 6566
f 6568 4346 4342
f 6569 4316 4317
f 6569 4317 4319
f 6569 4323 6570
f 6569 6570 6551
f 6569 4314 4315
f 6569 4321 4323
f 6569 4319 4321
f 6569 4310 4311
f 6569 4311 4312
f 6569 4312 4314
f 6569 6567 4310
f 6569 6551 6567
f 6569 4315 4316
f 6571 4346 6568
f 6571 4348 4346
f 6572 6551 6570
f 6572 6570 6573
f 6572 6548 6539
f 6572 6539 6551
f 6574 6575 6576
f 6577 4350 240
f 6577 4351 4350
f 6577 240 241
f 6578 1 2
f 6578 2 3
f 6578 2893 2894
f 6578 2894 1
f 6578 4344 2893
f 6578 3 4375
f 6578 6559 6562
f 6578 6562 4307
f 6578 4307 4334
f 6578 4375 6559
f 6578 4334 4344
f 6579 234 235
f 6579 235 236
f 6579 236 4354
f 6580 6575 6574
f 6581 241 242
f 6581 6577 241
f 6582 4330 6556
f 6582 6570 4323
f 6582 6583 6570
f 6582 4327 4328
f 6582 4328 4329
f 6582 4329 4330
f 6582 4323 4327
f 6584 6579 4354
f 6585 6581 242
f 6586 4370 1473
f 6586 4357 6575
f 6586 1472 4356
f 6586 1473 1472
f 6586 4356 4357
f 6587 6583 6582
f 6587 6582 6556
f 6588 6589 6585
f 6588 6585 242
f 6588 242 243
f 6588 6590 6589
f 6591 4374 4370
f 6591 2954 4374
f 6591 6592 2954
f 6591 6593 6592
f 6594 6590 6588
f 6594 6588 243
f 6595 58 4361
f 6595 4372 2955
f 6595 4361 4372
f 6595 2955 55
f 6595 55 56
f 6595 56 57
f 6595 57 58
f 6596 6597 6584
f 6598 6590 6594
f 6598 6599 6590
f 6598 6594 243
f 6600 6587 6556
f 6600 6556 6557
f 6600 6557 6558
f 6600 6560 6559
f 6600 4381 6601
f 6600 6558 6560
f 6600 6583 6587
f 6600 4375 4379
f 6600 4378 4381
f 6600 4379 4378
f 6600 6559 4375
f 6600 6601 6583
f 6602 6599 6598
f 6602 243 244
f 6602 4398 6599
f 6602 6598 243
f 6603 4401 2954
f 6603 2954 6592
f 6603 6592 6593
f 6604 4401 6603
f 6605 4394 4397
f 6605 4397 4398
f 6605 244 4394
f 6605 4398 6602
f 6605 6602 244
f 6606 4409 4392
f 6607 6596 6589
f 6607 6590 6599
f 6607 6589 6590
f 6608 6607 6599
f 6609 6608 6599
f 6609 6599 4398
f 6610 4417 6611
f 6610 4398 4417
f 6610 6609 4398
f 6610 6611 6609
f 6612 6613 6614
f 6615 6570 6583
f 6615 6601 6616
f 6615 6573 6570
f 6615 6583 6601
f 6617 4425 4424
f 6618 6613 6612
f 6619 6617 6611
f 6619 253 254
f 6619 254 255
f 6619 4425 6617
f 6619 255 4425
f 6619 6611 4417
f 6619 4417 253
f 6620 4450 4449
f 6620 1476 4410
f 6620 1477 1476
f 6620 4449 1477
f 6621 4391 4395
f 6621 4395 4396
f 6621 6601 4381
f 6621 4381 4380
f 6621 4380 4383
f 6621 4383 4385
f 6621 4385 4387
f 6621 6622 6601
f 6621 4387 4389
f 6621 4389 4391
f 6623 6621 4396
f 6623 4396 4403
f 6623 6622 6621
f 6624 4456 4448
f 6625 6626 4457
f 6625 4457 4456
f 6625 6627 6626
f 6625 4456 6624
f 6628 6623 4403
f 6628 4431 4432
f 6628 6622 6623
f 6628 4432 4433
f 6628 4433 4434
f 6628 4403 4431
f 6628 4434 4435
f 6628 4435 4437
f 6628 6629 6622
f 6628 4437 6629
f 6630 4457 6626
f 6630 4470 4457
f 6630 6626 6627
f 6631 4478 4470
f 6631 4470 6630
f 6632 6616 6601
f 6632 6622 6629
f 6632 6601 6622
f 6632 6629 6633
f 6634 6635 6636
f 6637 4495 33
f 6637 6638 4495
f 6637 37 4464
f 6637 33 34
f 6637 34 35
f 6637 35 36
f 6637 36 37
f 6637 4464 4483
f 6639 6635 6634
f 6640 4487 4488
f 6640 1479 4487
f 6640 4519 1480
f 6640 1480 1479
f 6641 4453 4454
f 6641 4455 4461
f 6641 6629 4437
f 6641 6642 6629
f 6641 4437 4447
f 6641 4454 4455
f 6641 4447 4452
f 6641 4452 4453
f 6643 378 379
f 6643 379 380
f 6643 4511 4515
f 6643 380 4511
f 6644 6641 4461
f 6644 4461 4493
f 6644 6642 6641
f 6645 4521 4519
f 6646 2958 4521
f 6646 6647 2958
f 6646 6648 6647
f 6646 4521 6645
f 6649 4515 385
f 6650 6649 385
f 6650 6651 6649
f 6650 6652 6651
f 6650 385 386
f 6653 378 6643
f 6654 2958 6647
f 6654 6647 6648
f 6654 4534 2958
f 6655 6642 6644
f 6655 4497 4496
f 6655 4493 4497
f 6655 4499 4498
f 6655 6644 4493
f 6655 4496 4499
f 6655 4498 4500
f 6655 4501 4503
f 6655 4500 4501
f 6655 4503 6656
f 6655 6656 6642
f 6657 4534 6654
f 6657 4538 4534
f 6658 6652 6650
f 6658 6650 386
f 6658 6659 6652
f 6660 4494 149
f 6660 6637 4483
f 6660 4483 4494
f 6660 149 150
f 6660 150 151
f 6660 151 152
f 6660 152 153
f 6660 6638 6637
f 6661 6659 6658
f 6661 6658 386
f 6662 6638 6660
f 6662 6660 153
f 6663 6664 6665
f 6663 159 4561
f 6663 6666 6638
f 6663 4561 6664
f 6663 6638 6662
f 6663 6667 6666
f 6663 153 154
f 6663 154 155
f 6663 155 156
f 6663 156 157
f 6663 6662 153
f 6663 157 158
f 6663 158 159
f 6663 6665 6667
f 6668 6669 6651
f 6668 6670 6669
f 6671 6659 6661
f 6671 6661 386
f 6671 386 387
f 6672 6651 6652
f 6672 6668 6651
f 6672 6670 6668
f 6673 6672 6652
f 6673 6652 6659
f 6673 6670 6672
f 6674 6675 6676
f 6677 6629 6642
f 6677 6656 6678
f 6677 6642 6656
f 6677 6633 6629
f 6679 6669 6670
f 6679 4536 6669
f 6680 6675 6674
f 6681 6682 2961
f 6681 372 373
f 6681 373 374
f 6681 2961 372
f 6681 374 4536
f 6681 4536 6679
f 6681 6679 6682
f 6683 6670 6673
f 6683 6679 6670
f 6683 4562 6679
f 6684 4574 4573
f 6684 1483 4538
f 6684 4573 1484
f 6684 1484 1483
f 6685 6686 6656
f 6685 6638 6666
f 6685 4495 6638
f 6685 6666 6667
f 6685 4504 4495
f 6685 4503 4504
f 6685 6667 6665
f 6685 6656 4503
f 6687 4562 6683
f 6687 399 4562
f 6687 397 398
f 6687 398 399
f 6688 6686 6685
f 6688 6665 6664
f 6688 6685 6665
f 6689 397 6687
f 6689 4555 4553
f 6689 4553 393
f 6689 393 394
f 6689 394 395
f 6689 395 396
f 6689 396 397
f 6690 4577 4572
f 6691 2961 6682
f 6691 6682 6679
f 6691 6679 4562
f 6692 6693 6694
f 6692 4577 6690
f 6692 6694 4578
f 6692 4578 4577
f 6695 4561 4564
f 6695 4564 4563
f 6695 6686 6688
f 6695 4567 4569
f 6695 4563 4565
f 6695 6696 6686
f 6695 6664 4561
f 6695 6688 6664
f 6695 4565 4567
f 6695 4569 4571
f 6695 4571 6696
f 6697 6694 6693
f 6697 4578 6694
f 6697 4594 4578
f 6698 4596 4594
f 6698 4594 6697
f 6699 404 405
f 6699 6691 4562
f 6699 4562 400
f 6699 400 401
f 6699 401 402
f 6699 402 403
f 6699 403 404
f 6700 4598 4597
f 6700 2963 4613
f 6700 4590 4587
f 6700 4602 2963
f 6700 4597 4595
f 6700 4586 4602
f 6700 4613 4598
f 6700 4587 4583
f 6700 4595 4593
f 6700 4583 4586
f 6700 4593 4592
f 6700 4592 4590
f 6701 6656 6686
f 6701 6696 6702
f 6701 6686 6696
f 6701 6678 6656
f 6703 6704 6705
f 6706 6704 6703
f 6707 4584 4585
f 6707 4582 4584
f 6707 4571 4576
f 6707 6696 4571
f 6707 4576 4579
f 6707 4579 4580
f 6707 4580 4581
f 6707 4581 4582
f 6707 4585 4588
f 6707 6708 6696
f 6707 4588 4589
f 6709 4591 4615
f 6710 6711 4636
f 6710 6712 6713
f 6710 6714 6711
f 6710 6713 6714
f 6710 4636 180
f 6710 180 181
f 6710 181 182
f 6710 182 183
f 6710 183 184
f 6710 184 185
f 6715 189 4610
f 6715 6712 6710
f 6715 6710 185
f 6715 185 186
f 6715 186 187
f 6715 187 188
f 6715 188 189
f 6716 6707 4589
f 6716 4591 6709
f 6716 6708 6707
f 6716 4589 4591
f 6717 4606 4607
f 6717 1487 1486
f 6717 4643 1487
f 6717 1486 4606
f 6718 4645 4643
f 6719 4645 6718
f 6719 6720 6721
f 6719 2964 4645
f 6719 6721 2964
f 6722 4615 4617
f 6722 6709 4615
f 6722 6716 6709
f 6722 6708 6716
f 6723 4651 2964
f 6723 6721 6720
f 6723 2964 6721
f 6724 4653 4651
f 6724 4651 6723
f 6725 6708 6722
f 6725 4619 4621
f 6725 4621 4623
f 6725 6722 4617
f 6725 4629 4630
f 6725 4625 4626
f 6725 4630 4632
f 6725 4632 6726
f 6725 6726 6708
f 6725 4617 4619
f 6725 4626 4629
f 6725 4623 4625
f 6727 4610 4634
f 6727 4670 6712
f 6727 6715 4610
f 6727 4634 4646
f 6727 6712 6715
f 6728 4649 537
f 6728 4652 4649
f 6728 537 538
f 6728 4656 4652
f 6729 530 531
f 6729 2966 530
f 6730 6731 6732
f 6733 6702 6696
f 6733 6708 6726
f 6733 6726 6734
f 6733 6696 6708
f 6735 538 539
f 6735 6728 538
f 6736 303 304
f 6736 304 305
f 6736 305 306
f 6736 306 307
f 6736 4670 6727
f 6736 6727 4646
f 6736 4646 300
f 6736 307 4670
f 6736 300 301
f 6736 301 302
f 6736 302 303
f 6737 6731 6730
f 6738 360 4658
f 6738 357 358
f 6738 4659 357
f 6738 358 359
f 6738 359 360
f 6738 4658 4661
f 6738 4663 4659
f 6738 4661 4663
f 6739 6729 4657
f 6739 4657 4656
f 6739 4665 2966
f 6739 2966 6729
f 6740 4665 6739
f 6740 6739 4656
f 6741 1490 4653
f 6741 4669 4668
f 6741 1491 1490
f 6741 4668 1491
f 6742 4636 6711
f 6742 4639 4636
f 6742 4632 4635
f 6742 6726 4632
f 6742 4635 4637
f 6742 4637 4638
f 6742 4638 4639
f 6742 4721 6726
f 6743 6740 4656
f 6743 4665 6740
f 6743 4672 4665
f 6744 539 540
f 6745 6711 6714
f 6745 6742 6711
f 6745 4721 6742
f 6746 6744 540
f 6746 6747 6744
f 6748 4675 4667
f 6749 6747 6746
f 6749 540 541
f 6749 6750 6747
f 6749 6746 540
f 6751 6752 4676
f 6751 4676 4675
f 6751 6753 6752
f 6751 4675 6748
f 6754 6749 541
f 6754 6750 6749
f 6754 4689 6750
f 6755 6712 4670
f 6755 4678 4681
f 6755 4670 4679
f 6755 6713 6712
f 6755 4679 4678
f 6755 6714 6713
f 6755 4681 4683
f 6755 4683 4721
f 6755 6745 6714
f 6755 4721 6745
f 6756 4689 6754
f 6756 4685 4688
f 6756 4688 4689
f 6756 6754 541
f 6756 541 4685
f 6757 4692 4676
f 6757 4676 6752
f 6757 6752 6753
f 6758 4692 6757
f 6758 4698 4692
f 6759 6760 6750
f 6759 6750 4689
f 6761 4704 2969
f 6761 6759 4689
f 6761 4689 4704
f 6762 6726 4721
f 6762 6734 6726
f 6762 4721 4720
f 6762 4720 6763
f 6764 6765 6766
f 6767 4718 2968
f 6767 2968 4695
f 6767 4719 4718
f 6768 2969 4715
f 6768 4715 4717
f 6769 4705 425
f 6769 4697 4705
f 6769 425 426
f 6769 426 427
f 6769 427 428
f 6769 6767 4695
f 6769 4719 6767
f 6769 4695 4697
f 6769 428 4719
f 6770 6765 6764
f 6771 6772 4720
f 6771 4683 4682
f 6771 4682 4684
f 6771 4684 4687
f 6771 4687 4690
f 6771 4690 4691
f 6771 4720 4683
f 6771 4691 4694
f 6773 4709 4710
f 6773 1493 4709
f 6773 4734 1494
f 6773 1494 1493
f 6774 6771 4694
f 6774 4694 4699
f 6774 6772 6771
f 6775 4699 4722
f 6775 6774 4699
f 6776 4742 6777
f 6776 2971 4742
f 6776 6778 2971
f 6776 6779 6778
f 6780 6774 6775
f 6780 4722 4724
f 6780 6775 4722
f 6780 6772 6774
f 6781 321 322
f 6781 4746 321
f 6781 322 323
f 6781 323 324
f 6781 324 325
f 6781 325 326
f 6781 6782 4746
f 6781 6783 6782
f 6781 6784 6783
f 6781 6785 6784
f 6781 6786 6785
f 6781 6787 6786
f 6781 6788 6789
f 6781 6790 6787
f 6781 6789 6790
f 6791 6781 326
f 6791 6788 6781
f 6792 6788 6791
f 6792 6791 326
f 6793 6792 326
f 6793 6788 6792
f 6793 326 327
f 6793 327 328
f 6793 328 329
f 6793 329 330
f 6793 330 331
f 6793 331 332
f 6793 332 4745
f 6794 4763 2971
f 6794 2971 6778
f 6794 6778 6779
f 6795 4765 4763
f 6795 4763 6794
f 6796 4733 4736
f 6796 4730 4733
f 6796 6772 6780
f 6796 4724 4726
f 6796 4736 6797
f 6796 6797 6772
f 6796 4726 4727
f 6796 4727 4728
f 6796 6780 4724
f 6796 4728 4730
f 6798 6799 6788
f 6798 6793 4745
f 6798 6788 6793
f 6798 4745 4760
f 6800 6801 6802
f 6803 4720 6772
f 6803 6763 4720
f 6803 6797 6804
f 6803 6772 6797
f 6805 6801 6800
f 6806 4783 4779
f 6806 4779 1498
f 6806 1497 4765
f 6806 1498 1497
f 6807 4787 4780
f 6807 4778 4787
f 6807 4780 4771
f 6807 4769 4778
f 6807 4771 2972
f 6807 2972 4769
f 6808 6799 6798
f 6808 4760 4768
f 6808 6798 4760
f 6809 4736 4739
f 6809 4739 4741
f 6809 4743 4746
f 6809 4746 6782
f 6809 6810 6797
f 6809 6797 4736
f 6809 4741 4743
f 6811 4784 4782
f 6812 6809 6782
f 6812 6810 6809
f 6813 4777 4776
f 6813 691 692
f 6813 4776 691
f 6814 4784 6811
f 6814 6815 6816
f 6814 4785 4784
f 6814 6816 4785
f 6817 680 681
f 6817 681 682
f 6817 682 683
f 6817 4790 680
f 6818 4790 6817
f 6819 6813 692
f 6819 6820 6821
f 6819 6821 6813
f 6822 4781 2973
f 6822 4792 4781
f 6823 6820 6819
f 6823 6819 692
f 6824 6816 6815
f 6824 4788 4785
f 6824 4785 6816
f 6825 6826 6810
f 6825 6827 6826
f 6825 6810 6812
f 6825 6782 6783
f 6825 6783 6784
f 6825 6784 6785
f 6825 6812 6782
f 6825 6785 6786
f 6825 6786 6787
f 6825 6789 6827
f 6825 6787 6790
f 6825 6790 6789
f 6828 4768 444
f 6828 444 445
f 6828 445 446
f 6828 446 447
f 6828 447 448
f 6828 6799 6808
f 6828 6808 4768
f 6829 6820 6823
f 6829 6823 692
f 6829 6830 6820
f 6829 692 693
f 6831 4780 4789
f 6831 6822 2973
f 6831 4792 6822
f 6831 2973 4780
f 6832 448 449
f 6832 6828 448
f 6832 6799 6828
f 6833 4788 6824
f 6833 4791 4788
f 6834 4790 6818
f 6835 6799 6832
f 6835 6832 449
f 6836 6799 6835
f 6836 449 450
f 6836 6835 449
f 6837 6799 6836
f 6837 6838 6799
f 6837 6839 6838
f 6837 450 451
f 6837 451 452
f 6837 452 453
f 6837 453 454
f 6837 454 455
f 6837 455 456
f 6837 6840 6839
f 6837 4805 6841
f 6837 456 4805
f 6837 6836 450
f 6837 6842 6840
f 6837 6841 6842
f 6843 6834 6821
f 6843 6844 6834
f 6843 6821 6820
f 6845 6830 6829
f 6845 6829 693
f 6845 693 4796
f 6846 6831 4789
f 6846 4792 6831
f 6846 4798 4792
f 6846 4789 4798
f 6847 6843 6820
f 6847 6844 6843
f 6848 4789 4787
f 6848 4787 4786
f 6848 2977 4797
f 6848 4795 2977
f 6848 4786 4795
f 6848 4797 4789
f 6849 6820 6830
f 6849 6847 6820
f 6849 6844 6847
f 6850 6826 6851
f 6850 6810 6826
f 6850 6797 6810
f 6850 6804 6797
f 6852 6853 6854
f 6855 6834 6844
f 6855 4790 6834
f 6856 678 4790
f 6856 6857 2978
f 6856 675 676
f 6856 676 677
f 6856 677 678
f 6856 2978 675
f 6856 6855 6857
f 6856 4790 6855
f 6858 6859 6855
f 6858 6855 6844
f 6858 6844 6849
f 6858 6849 6830
f 6860 6853 6852
f 6861 4803 4798
f 6861 4798 4797
f 6862 6788 6799
f 6862 6863 6826
f 6862 6826 6827
f 6862 6799 6838
f 6862 6838 6839
f 6862 6839 6840
f 6862 6789 6788
f 6862 6827 6789
f 6862 6840 6842
f 6862 6842 6841
f 6864 4801 699
f 6864 4802 4801
f 6864 699 700
f 6864 700 701
f 6865 4810 1501
f 6865 1500 4793
f 6865 4793 4794
f 6865 1501 1500
f 6866 6863 6862
f 6866 6862 6841
f 6867 2978 6857
f 6867 6855 6859
f 6867 712 2978
f 6867 6857 6855
f 6868 6861 4797
f 6868 4816 2980
f 6868 4797 4816
f 6869 703 704
f 6869 704 705
f 6870 6871 6872
f 6870 2979 4818
f 6870 6872 2979
f 6870 4818 6873
f 6874 4815 6875
f 6874 4806 4808
f 6874 6863 6866
f 6874 4808 4809
f 6874 4809 4812
f 6874 4812 4813
f 6874 4813 4815
f 6874 6841 4805
f 6874 6866 6841
f 6874 4805 4806
f 6874 6875 6863
f 6876 6872 6871
f 6876 4841 2979
f 6876 4844 4841
f 6876 2979 6872
f 6877 708 709
f 6877 709 710
f 6877 710 711
f 6877 711 712
f 6877 6867 6859
f 6877 712 6867
f 6878 4837 4836
f 6878 4830 4826
f 6878 4836 4830
f 6878 4828 4850
f 6878 4838 4837
f 6878 4826 4823
f 6878 4850 2981
f 6878 4857 4838
f 6878 4823 4828
f 6878 2981 4857
f 6879 6880 6881
f 6882 6826 6863
f 6882 6851 6826
f 6882 6875 6883
f 6882 6863 6875
f 6884 6880 6879
f 6885 485 4851
f 6885 6886 6887
f 6885 476 477
f 6885 477 478
f 6885 478 479
f 6885 479 480
f 6885 480 481
f 6885 481 482
f 6885 4881 476
f 6885 482 483
f 6885 483 484
f 6885 484 485
f 6885 6887 4881
f 6888 4824 4825
f 6888 4825 4827
f 6888 6889 6875
f 6888 4827 4829
f 6888 6875 4815
f 6888 4821 4822
f 6888 4815 4819
f 6888 4819 4820
f 6888 4820 4821
f 6888 4829 4832
f 6888 4822 4824
f 6890 4897 4894
f 6890 4894 1505
f 6890 1504 4844
f 6890 6880 4897
f 6890 1505 1504
f 6891 4835 4866
f 6892 6888 4832
f 6892 4832 4833
f 6892 4833 4835
f 6892 6889 6888
f 6892 4835 6891
f 6893 4899 4896
f 6894 6895 6896
f 6894 4900 4899
f 6894 4899 6893
f 6894 6896 4900
f 6897 4866 4867
f 6897 6891 4866
f 6897 6889 6892
f 6897 6892 6891
f 6898 669 4872
f 6898 666 667
f 6898 667 668
f 6898 668 669
f 6898 4872 4891
f 6898 4907 666
f 6898 4891 4907
f 6899 6896 6895
f 6899 4903 4900
f 6899 4900 6896
f 6900 4876 4895
f 6900 4851 4876
f 6900 6885 4851
f 6900 6886 6885
f 6901 4898 841
f 6901 4902 4898
f 6902 6903 6889
f 6902 4868 4871
f 6902 4879 6903
f 6902 4871 4874
f 6902 4874 4875
f 6902 4875 4883
f 6902 4883 4884
f 6902 4880 4879
f 6902 4884 4880
f 6902 4867 4868
f 6902 6889 6897
f 6902 6897 4867
f 6904 4902 6901
f 6904 6905 4902
f 6904 6901 841
f 6906 4903 6899
f 6906 4906 4903
f 6907 6908 6905
f 6907 841 842
f 6907 6904 841
f 6907 6905 6904
f 6909 6908 6907
f 6909 6907 842
f 6910 4905 4904
f 6910 4904 4902
f 6911 6910 4902
f 6911 4902 6905
f 6912 842 843
f 6912 6908 6909
f 6912 6909 842
f 6913 6875 6889
f 6913 6889 6903
f 6913 6903 6914
f 6913 6883 6875
f 6915 4912 661
f 6915 4907 4911
f 6915 664 4907
f 6915 661 662
f 6915 662 663
f 6915 663 664
f 6915 4911 4912
f 6916 6911 6905
f 6917 6918 6919
f 6920 6886 6900
f 6920 605 4916
f 6920 4916 6886
f 6920 4895 597
f 6920 597 598
f 6920 598 599
f 6920 599 600
f 6920 600 601
f 6920 601 602
f 6920 6900 4895
f 6920 602 603
f 6920 603 604
f 6920 604 605
f 6921 717 718
f 6921 718 719
f 6921 4914 4891
f 6921 719 720
f 6921 4891 4890
f 6921 4890 4901
f 6921 4901 717
f 6921 720 4914
f 6922 832 833
f 6922 833 834
f 6922 4913 832
f 6922 834 4905
f 6923 6918 6917
f 6924 843 844
f 6925 4887 4886
f 6925 4886 4881
f 6925 4878 4882
f 6925 6903 4879
f 6925 4969 6903
f 6925 4879 4878
f 6925 4882 4885
f 6925 4885 4887
f 6925 4881 6887
f 6926 4920 1509
f 6926 4908 4909
f 6926 1508 4908
f 6926 1509 1508
f 6927 6925 6887
f 6928 844 845
f 6928 4925 4923
f 6928 845 4925
f 6928 4923 4922
f 6928 6924 844
f 6929 4937 4940
f 6930 4919 6931
f 6930 2983 4919
f 6930 6932 2983
f 6930 6933 6932
f 6934 4910 4914
f 6934 724 725
f 6934 4942 4911
f 6934 725 726
f 6934 726 727
f 6934 727 4942
f 6934 4914 724
f 6934 4911 4910
f 6935 6925 6927
f 6935 6886 4916
f 6935 4916 4927
f 6935 4927 4928
f 6935 4969 6925
f 6935 6927 6887
f 6935 6887 6886
f 6935 4928 4926
f 6935 4931 4969
f 6935 4926 4931
f 6936 656 4915
f 6936 4915 4918
f 6936 4946 652
f 6936 652 653
f 6936 653 654
f 6936 4952 4946
f 6936 654 655
f 6936 4918 4952
f 6936 655 656
f 6937 4937 6929
f 6937 6929 4922
f 6938 6937 4922
f 6938 4922 4921
f 6938 2984 4937
f 6938 4937 6937
f 6939 4949 2983
f 6939 4951 4949
f 6939 2983 6932
f 6939 6932 6933
f 6940 854 2984
f 6940 6938 4921
f 6940 852 853
f 6940 853 854
f 6940 2984 6938
f 6941 4987 6942
f 6943 4918 4942
f 6943 731 732
f 6943 732 733
f 6943 733 734
f 6943 4952 4918
f 6943 4942 731
f 6943 734 4966
f 6943 4966 4952
f 6944 6914 6903
f 6944 6903 4969
f 6944 4968 6945
f 6944 4969 4968
f 6946 4987 6941
f 6947 1511 4951
f 6947 4986 1512
f 6947 4987 4986
f 6947 1512 1511
f 6948 4936 4941
f 6948 4941 4943
f 6948 4943 4944
f 6948 6949 4968
f 6948 4944 4945
f 6948 4931 4932
f 6948 4932 4933
f 6948 4933 4934
f 6948 4934 4935
f 6948 4935 4936
f 6948 4968 4931
f 6950 6949 6948
f 6950 4945 4947
f 6950 6948 4945
f 6951 6950 4947
f 6951 4947 4970
f 6952 5000 4998
f 6953 625 626
f 6953 4997 625
f 6953 626 627
f 6953 627 628
f 6953 628 629
f 6953 629 630
f 6953 6954 4997
f 6955 5000 6952
f 6955 6956 6957
f 6955 5001 5000
f 6955 6957 5001
f 6958 6954 6953
f 6958 6959 6954
f 6958 6960 6959
f 6958 6961 6960
f 6958 6953 630
f 6958 6962 6961
f 6958 6963 6962
f 6958 6964 6963
f 6965 6964 6958
f 6965 630 631
f 6965 6958 630
f 6965 5040 6964
f 6966 6965 631
f 6966 5040 6965
f 6967 5040 6966
f 6967 6966 631
f 6967 631 632
f 6968 5040 6967
f 6968 6967 632
f 6969 5040 6968
f 6969 632 633
f 6969 633 634
f 6969 634 635
f 6969 635 636
f 6969 636 637
f 6969 6968 632
f 6969 637 4985
f 6970 6951 4970
f 6970 4972 4973
f 6970 6949 6950
f 6970 4970 4972
f 6970 6950 6951
f 6971 6957 6956
f 6971 5013 5001
f 6971 5001 6957
f 6972 5013 6971
f 6972 5014 5013
f 6973 6970 4973
f 6973 4991 6974
f 6973 4975 4976
f 6973 6974 6949
f 6973 4976 4977
f 6973 4989 4991
f 6973 4977 4979
f 6973 6949 6970
f 6973 4980 4983
f 6973 4983 4984
f 6973 4979 4980
f 6973 4984 4989
f 6973 4973 4975
f 6975 5040 6969
f 6975 6969 4985
f 6975 4985 5009
f 6975 5038 5040
f 6976 6974 6977
f 6976 6949 6974
f 6976 4968 6949
f 6976 6945 4968
f 6978 6979 6980
f 6981 6979 6978
f 6982 5009 5018
f 6982 6975 5009
f 6982 5038 6975
f 6983 5023 5027
f 6983 986 987
f 6983 987 988
f 6983 988 989
f 6983 989 5023
f 6984 1516 1515
f 6984 5021 5022
f 6984 1515 5021
f 6984 5035 1516
f 6985 6974 4991
f 6985 6986 6974
f 6985 4991 4994
f 6985 4997 6954
f 6985 4994 4995
f 6985 4995 4996
f 6985 4996 4997
f 6987 995 996
f 6988 6985 6954
f 6988 6954 6959
f 6988 6986 6985
f 6989 6990 985
f 6989 985 986
f 6989 986 6983
f 6991 5034 6992
f 6991 6993 6994
f 6991 2988 5034
f 6991 6994 2988
f 6995 6987 996
f 6995 6996 6987
f 6997 6995 996
f 6997 6998 6996
f 6997 6996 6995
f 6999 5018 750
f 6999 750 751
f 6999 751 752
f 6999 752 753
f 6999 753 754
f 6999 754 755
f 6999 6982 5018
f 6999 5038 6982
f 7000 5038 6999
f 7000 6999 755
f 7001 5044 5033
f 7001 5033 2987
f 7002 5038 7000
f 7002 7000 755
f 7003 6986 6988
f 7003 7004 6986
f 7003 5040 5039
f 7003 6959 6960
f 7003 6960 6961
f 7003 6961 6962
f 7003 6964 5040
f 7003 6962 6963
f 7003 5039 7004
f 7003 6963 6964
f 7003 6988 6959
f 7005 5038 7002
f 7005 7002 755
f 7006 6997 996
f 7006 7007 6998
f 7006 6998 6997
f 7006 996 997
f 7008 6994 6993
f 7008 2988 6994
f 7008 5043 5042
f 7008 5042 2988
f 7009 5038 7005
f 7009 7005 755
f 7010 6990 6989
f 7011 7009 755
f 7011 5038 7009
f 7011 755 756
f 7011 756 757
f 7012 5032 5041
f 7012 7001 2987
f 7012 2987 5032
f 7012 5044 7001
f 7013 7007 7006
f 7013 7006 997
f 7013 997 5045
f 7014 980 981
f 7014 985 6990
f 7014 981 982
f 7014 982 983
f 7014 983 984
f 7014 984 985
f 7015 7011 757
f 7015 5038 7011
f 7015 7016 5038
f 7015 7017 7016
f 7015 7018 7019
f 7015 7020 7017
f 7015 7021 7020
f 7015 7019 7022
f 7015 7022 7021
f 7023 6996 6998
f 7023 7024 7010
f 7025 5056 7018
f 7025 757 758
f 7025 758 759
f 7025 759 760
f 7025 7018 7015
f 7025 760 761
f 7025 761 762
f 7025 762 763
f 7025 763 764
f 7025 764 5056
f 7025 7015 757
f 7026 6998 7007
f 7026 7023 6998
f 7026 7024 7023
f 7027 5041 5051
f 7027 7012 5041
f 7027 5044 7012
f 7027 5051 5044
f 7028 5049 2992
f 7028 5041 5036
f 7028 5050 5041
f 7028 5037 5049
f 7028 5036 5037
f 7028 2992 5050
f 7029 7024 7026
f 7029 7007 5052
f 7029 7026 7007
f 7030 5060 7031
f 7032 6977 6974
f 7032 6974 6986
f 7032 7004 7033
f 7032 6986 7004
f 7034 5045 5048
f 7034 7007 7013
f 7034 7013 5045
f 7034 5052 7007
f 7034 1005 5052
f 7034 1004 1005
f 7034 5048 1004
f 7035 5060 7030
f 7036 7010 7024
f 7036 6990 7010
f 7037 7038 2993
f 7037 7014 6990
f 7037 6990 7036
f 7037 7036 7038
f 7039 2989 5044
f 7039 5044 5053
f 7039 5055 5046
f 7039 5046 2989
f 7039 5053 5070
f 7039 5070 5082
f 7039 5082 5055
f 7040 1519 1518
f 7040 5059 1519
f 7040 1518 5043
f 7040 5060 5059
f 7041 5053 5051
f 7041 5051 5050
f 7042 7036 7024
f 7042 5054 7036
f 7042 5052 1007
f 7042 1009 5054
f 7042 7029 5052
f 7042 7024 7029
f 7042 1007 1008
f 7042 1008 1009
f 7043 5038 7016
f 7043 7016 7017
f 7043 7019 7018
f 7043 7017 7020
f 7043 7004 5039
f 7043 7044 7004
f 7043 7020 7021
f 7043 7022 7019
f 7043 7021 7022
f 7043 5039 5038
f 7045 7041 5050
f 7045 5053 7041
f 7045 5069 5053
f 7046 7044 7043
f 7046 7043 7018
f 7047 1013 1014
f 7047 1014 1015
f 7047 7036 5054
f 7047 2993 7038
f 7047 1015 2993
f 7047 5054 1013
f 7047 7038 7036
f 7048 5075 5068
f 7049 7045 5050
f 7049 5050 5071
f 7049 5069 7045
f 7049 5071 882
f 7049 882 2994
f 7049 2994 5069
f 7050 5076 5075
f 7050 7051 5076
f 7050 7052 7051
f 7050 5075 7048
f 7053 7018 5056
f 7053 7044 7046
f 7053 7046 7018
f 7053 5066 7054
f 7053 7054 7044
f 7053 5057 5058
f 7053 5056 5057
f 7053 5058 5062
f 7053 5062 5063
f 7053 5064 5066
f 7053 5063 5064
f 7055 5076 7051
f 7055 7051 7052
f 7055 5092 5076
f 7056 5092 7055
f 7056 5097 5092
f 7057 7033 7004
f 7057 7044 7054
f 7057 7054 7058
f 7057 7004 7044
f 7059 7060 7061
f 7062 5137 783
f 7062 783 784
f 7062 784 785
f 7062 785 786
f 7062 786 787
f 7062 787 788
f 7062 788 789
f 7062 789 790
f 7062 790 791
f 7062 791 5106
f 7063 7060 7059
f 7064 5066 5072
f 7064 5073 5074
f 7064 5072 5073
f 7064 5074 5077
f 7064 5077 5078
f 7064 5079 5080
f 7064 5080 5083
f 7064 5083 5084
f 7064 7065 7054
f 7064 7054 5066
f 7064 5078 5079
f 7066 5087 5129
f 7067 5087 7066
f 7067 7065 7064
f 7067 5084 5086
f 7067 5086 5087
f 7067 7064 5084
f 7068 5113 5114
f 7068 1522 5113
f 7068 5154 1522
f 7068 5156 5154
f 7069 7062 5106
f 7069 5137 7062
f 7069 7070 5137
f 7069 5128 5152
f 7069 5106 5128
f 7071 5157 5155
f 7072 5129 5131
f 7072 7067 7066
f 7072 7065 7067
f 7072 7066 5129
f 7073 5157 7071
f 7073 7074 5158
f 7073 7075 7074
f 7073 5158 5157
f 7076 972 5148
f 7076 5165 5162
f 7076 2996 5165
f 7076 969 970
f 7076 970 971
f 7076 971 972
f 7076 5162 969
f 7076 5148 2996
f 7077 5160 5153
f 7077 5153 1137
f 7078 5160 7077
f 7078 7079 5160
f 7078 1137 1138
f 7078 7077 1137
f 7080 5163 5158
f 7080 5158 7074
f 7080 7074 7075
f 7081 5131 5138
f 7081 5138 5139
f 7081 7065 7072
f 7081 5139 5140
f 7081 5140 5141
f 7081 5141 5142
f 7081 5142 5136
f 7081 7072 5131
f 7081 5217 7065
f 7081 5136 5135
f 7081 5135 5217
f 7082 7083 7079
f 7082 7079 7078
f 7082 7078 1138
f 7084 5163 7080
f 7084 5166 5163
f 7085 7083 7082
f 7085 7082 1138
f 7086 1138 1139
f 7086 7087 7083
f 7086 7083 7085
f 7086 7085 1138
f 7088 5161 5160
f 7089 5167 1130
f 7089 1130 1131
f 7089 5161 7088
f 7089 7090 5167
f 7089 1131 5161
f 7089 7088 7090
f 7091 5160 7079
f 7091 7088 5160
f 7091 7090 7088
f 7092 909 5176
f 7092 7070 7069
f 7092 7069 5152
f 7092 5152 901
f 7092 5176 7070
f 7092 901 902
f 7092 902 903
f 7092 903 904
f 7092 904 905
f 7092 905 906
f 7092 906 907
f 7092 907 908
f 7092 908 909
f 7093 7087 7086
f 7093 7086 1139
f 7094 7091 7079
f 7095 7054 7065
f 7095 7065 5217
f 7095 7058 7054
f 7095 5217 7096
f 7097 7098 5172
f 7099 7079 7083
f 7099 7083 7087
f 7099 7094 7079
f 7100 958 959
f 7100 964 5168
f 7100 959 960
f 7100 5168 5175
f 7100 960 961
f 7100 961 962
f 7100 962 963
f 7100 963 964
f 7100 5186 958
f 7101 7093 1139
f 7101 1139 1140
f 7102 5173 5167
f 7102 5167 7090
f 7103 5172 7098
f 7104 7099 7087
f 7105 1140 1141
f 7105 1141 5178
f 7106 7101 1140
f 7106 7105 5178
f 7106 1140 7105
f 7106 5178 5182
f 7106 5182 5183
f 7107 5216 5135
f 7107 5137 7070
f 7107 5135 5143
f 7107 5143 5145
f 7107 5147 5137
f 7107 5145 5146
f 7107 5146 5147
f 7108 5186 7100
f 7108 7100 5175
f 7108 5175 5174
f 7109 1526 1525
f 7109 5184 1526
f 7109 1525 5170
f 7109 5170 5172
f 7110 7107 7070
f 7111 3000 5212
f 7111 5186 7108
f 7111 7108 5174
f 7111 5174 3000
f 7111 5212 5186
f 7112 5198 7104
f 7112 5196 5198
f 7113 5191 5184
f 7113 2999 5191
f 7113 7114 7115
f 7113 7115 2999
f 7116 1149 1150
f 7116 1150 1151
f 7116 5179 1149
f 7116 1151 5196
f 7116 5196 7112
f 7117 5192 5194
f 7117 7118 5216
f 7117 5176 5188
f 7117 7107 7110
f 7117 5188 5189
f 7117 5189 5187
f 7117 5187 5190
f 7117 5190 5192
f 7117 5216 7107
f 7117 5194 7118
f 7117 7070 5176
f 7117 7110 7070
f 7119 5219 2999
f 7119 7115 7114
f 7119 2999 7115
f 7120 5219 7119
f 7121 5215 5201
f 7121 5230 5215
f 7122 5201 5196
f 7122 7121 5201
f 7122 1156 5230
f 7122 1153 1154
f 7122 1154 1155
f 7122 1155 1156
f 7122 5196 1153
f 7122 5230 7121
f 7123 7124 7125
f 7126 5217 5216
f 7126 5216 7118
f 7126 7118 7127
f 7126 7096 5217
f 7128 7124 7123
f 7129 5194 5195
f 7129 7130 7118
f 7129 5195 5202
f 7129 5202 5203
f 7129 5203 5204
f 7129 5204 5205
f 7129 5205 5207
f 7129 7118 5194
f 7129 5207 5208
f 7129 5208 5209
f 7129 5209 5210
f 7131 1528 5222
f 7131 1529 1528
f 7131 5262 1529
f 7131 5268 5262
f 7132 5214 5236
f 7133 7129 5210
f 7133 5214 7132
f 7133 7130 7129
f 7133 5210 5214
f 7134 5258 931
f 7134 931 932
f 7134 932 933
f 7134 933 934
f 7134 934 935
f 7134 7135 7136
f 7134 7137 7135
f 7134 7138 7137
f 7134 7139 7140
f 7134 7140 7138
f 7134 7136 5258
f 7141 935 936
f 7141 7134 935
f 7141 7139 7134
f 7142 7141 936
f 7142 7139 7141
f 7143 7139 7142
f 7143 7142 936
f 7144 936 937
f 7144 937 938
f 7144 938 939
f 7144 939 940
f 7144 940 941
f 7144 7143 936
f 7144 7139 7143
f 7144 941 5242
f 7145 5269 5267
f 7146 7147 7148
f 7146 5269 7145
f 7146 7148 5270
f 7146 5270 5269
f 7149 5236 5238
f 7149 7132 5236
f 7149 7133 7132
f 7149 7130 7133
f 7149 5238 5240
f 7150 5279 5270
f 7150 7148 7147
f 7150 5270 7148
f 7151 5243 5245
f 7151 7130 7149
f 7151 5245 5246
f 7151 5246 5247
f 7151 5247 5248
f 7151 5249 5252
f 7151 7152 7130
f 7151 5252 7152
f 7151 5240 5241
f 7151 7149 5240
f 7151 5241 5243
f 7151 5248 5249
f 7153 5280 5279
f 7153 5279 7150
f 7154 7144 5242
f 7154 7139 7144
f 7154 5242 5266
f 7155 7118 7130
f 7155 7130 7152
f 7155 7127 7118
f 7155 7152 7156
f 7157 7158 5290
f 7159 7160 7139
f 7159 5266 5278
f 7159 7154 5266
f 7159 7139 7154
f 7161 1290 1291
f 7161 5292 5283
f 7161 5283 1290
f 7162 5290 7158
f 7163 1291 1292
f 7163 7161 1291
f 7164 7165 7152
f 7164 5254 5255
f 7164 5252 5254
f 7164 5255 5256
f 7164 5256 5257
f 7164 7152 5252
f 7164 5257 5258
f 7164 5258 7136
f 7166 7161 7163
f 7166 7163 1292
f 7167 5292 7161
f 7167 7166 1292
f 7167 7161 7166
f 7168 1279 1280
f 7168 1280 1281
f 7168 1281 1282
f 7168 1282 5296
f 7169 1533 1532
f 7169 1532 5287
f 7169 5287 5290
f 7169 5305 1533
f 7170 7165 7164
f 7170 7164 7136
f 7171 5308 5305
f 7171 3003 5308
f 7171 7172 7173
f 7171 7173 3003
f 7174 1054 1055
f 7174 1055 1056
f 7174 1056 1057
f 7174 1057 1058
f 7174 1058 1059
f 7174 5278 1054
f 7174 7160 7159
f 7174 7159 5278
f 7175 7174 1059
f 7175 7160 7174
f 7176 1279 7168
f 7176 5334 5317
f 7176 5317 1279
f 7176 7168 5296
f 7177 7160 7175
f 7177 7175 1059
f 7178 5334 7176
f 7178 7176 5296
f 7178 5296 5298
f 7179 1059 1060
f 7179 7160 7177
f 7179 7177 1059
f 7180 1292 1293
f 7181 1292 7180
f 7182 7167 1292
f 7182 1292 7181
f 7183 7160 7179
f 7183 7179 1060
f 7184 7139 7160
f 7184 7160 7185
f 7184 7136 7135
f 7184 7170 7136
f 7184 7135 7137
f 7184 7137 7138
f 7184 7140 7139
f 7184 7138 7140
f 7184 7185 7186
f 7184 7186 7187
f 7184 7187 7165
f 7184 7165 7170
f 7188 5334 7178
f 7188 5335 5334
f 7188 7178 5298
f 7189 7190 7191
f 7189 7185 7160
f 7189 7183 1060
f 7189 1065 5375
f 7189 1060 1061
f 7189 1061 1062
f 7189 1062 1063
f 7189 1063 1064
f 7189 1064 1065
f 7189 7160 7183
f 7189 7192 7185
f 7189 7193 7192
f 7189 7191 7194
f 7189 7195 7193
f 7189 5375 7190
f 7189 7194 7195
f 7196 5319 3003
f 7196 7173 7172
f 7196 3003 7173
f 7197 5319 7196
f 7198 5328 5337
f 7198 5331 5330
f 7198 5337 5331
f 7198 7180 1293
f 7198 7181 7180
f 7198 5330 7182
f 7198 7182 7181
f 7198 1294 5328
f 7198 1293 1294
f 7199 5335 7188
f 7199 5354 5335
f 7200 7201 7202
f 7203 7152 7165
f 7203 7187 7204
f 7203 7165 7187
f 7203 7156 7152
f 7205 5339 5350
f 7205 5354 7199
f 7206 5354 7205
f 7206 1307 5359
f 7206 5359 5354
f 7206 7205 5350
f 7207 7201 7200
f 7208 7191 7190
f 7208 7209 7187
f 7208 7186 7185
f 7208 7185 7192
f 7208 7187 7186
f 7208 7192 7193
f 7208 7194 7191
f 7208 7193 7195
f 7208 7195 7194
f 7210 1535 5326
f 7210 1536 1535
f 7210 5392 1536
f 7210 5400 5392
f 7211 1307 7206
f 7211 7206 5350
f 7211 5350 1302
f 7211 1302 1303
f 7211 1303 1304
f 7211 1304 1305
f 7211 1305 1306
f 7211 1306 1307
f 7212 7209 7208
f 7212 7208 7190
f 7213 5404 5399
f 7214 5416 5415
f 7214 5415 5417
f 7214 5417 5418
f 7214 5418 5421
f 7214 5425 5411
f 7214 5423 5425
f 7214 5421 5423
f 7214 5368 5401
f 7214 3005 5344
f 7214 5401 5419
f 7214 5419 5416
f 7214 5344 5368
f 7214 5411 3005
f 7215 5404 7213
f 7215 7216 5405
f 7215 7217 7216
f 7215 5405 5404
f 7218 5384 5388
f 7218 7212 7190
f 7218 5381 5384
f 7218 5388 7219
f 7218 5375 5378
f 7218 7219 7209
f 7218 7209 7212
f 7218 7190 5375
f 7218 5378 5381
f 7220 5426 5405
f 7220 5405 7216
f 7220 7216 7217
f 7221 5430 5426
f 7221 5426 7220
f 7222 7204 7187
f 7222 7187 7209
f 7222 7209 7219
f 7222 7219 7223
f 7224 1087 5424
f 7224 1079 1080
f 7224 1080 1081
f 7224 1081 1082
f 7224 1082 1083
f 7224 1083 1084
f 7224 1084 1085
f 7224 1085 1086
f 7224 1086 1087
f 7224 5454 1079
f 7225 7226 7227
f 7228 7226 7225
f 7229 7230 7219
f 7229 5388 5393
f 7229 5397 5402
f 7229 7219 5388
f 7229 5393 5395
f 7229 5395 5397
f 7229 5402 5403
f 7229 5403 5406
f 7231 5407 5450
f 7232 5407 7231
f 7232 7230 7229
f 7232 7229 5406
f 7232 5406 5407
f 7233 5454 7224
f 7233 5528 5454
f 7233 5444 5467
f 7233 7224 5424
f 7233 5424 5444
f 7234 1539 5445
f 7234 1540 1539
f 7234 5475 1540
f 7234 5445 5446
f 7234 5446 7226
f 7235 7230 7232
f 7235 7231 5450
f 7235 5450 5457
f 7235 7232 7231
f 7236 7237 7238
f 7236 5478 5475
f 7236 3006 5478
f 7236 7238 3006
f 7239 7238 7237
f 7239 3006 7238
f 7239 5492 3006
f 7240 7235 5457
f 7240 7241 7230
f 7240 5462 7241
f 7240 5456 5455
f 7240 5457 5456
f 7240 5459 5458
f 7240 5458 5462
f 7240 5460 5459
f 7240 5455 5460
f 7240 7230 7235
f 7242 5492 7239
f 7243 5467 1197
f 7243 7233 5467
f 7243 5528 7233
f 7243 1197 1198
f 7243 1198 1199
f 7243 1199 1200
f 7243 1200 1201
f 7244 5524 5523
f 7244 5528 7243
f 7244 5543 5542
f 7244 5526 5525
f 7244 5527 5526
f 7244 5545 5544
f 7244 5546 5543
f 7244 5542 5547
f 7244 5529 5527
f 7244 5548 5546
f 7244 5530 5529
f 7244 5531 5530
f 7244 5549 5548
f 7244 5532 5531
f 7244 5544 5549
f 7244 5533 5524
f 7244 5523 5528
f 7244 5547 5532
f 7244 5525 5533
f 7244 7243 1201
f 7245 7246 7247
f 7248 7241 7249
f 7248 7230 7241
f 7248 7219 7230
f 7248 7223 7219
f 7250 5553 5545
f 7250 5545 7244
f 7250 7244 1201
f 7250 1201 1202
f 7250 1202 1203
f 7250 1203 1204
f 7250 1204 1205
f 7250 1205 1206
f 7251 7246 7245
f 7252 1544 1543
f 7252 5558 5557
f 7252 5557 1544
f 7252 1543 5497
f 7253 5563 5556
f 7254 5553 7250
f 7254 7250 1206
f 7254 1206 1207
f 7254 1207 1208
f 7254 1208 1209
f 7254 1209 1210
f 7255 1212 1213
f 7255 1213 1214
f 7255 1214 1215
f 7255 1215 1216
f 7255 1216 1217
f 7255 1217 1218
f 7255 1218 1219
f 7255 7256 7257
f 7255 1219 1220
f 7255 1220 1221
f 7255 7258 7259
f 7255 5653 7260
f 7255 5553 7254
f 7255 7257 5553
f 7255 7260 7258
f 7255 7259 7256
f 7255 1221 5653
f 7255 7254 1210
f 7255 1210 1211
f 7255 1211 1212
f 7261 7262 5564
f 7261 7263 7262
f 7261 5564 5563
f 7261 5563 7253
f 7264 5564 7262
f 7264 5576 5564
f 7264 7262 7263
f 7265 5581 5576
f 7265 5576 7264
f 7266 5541 5552
f 7266 5522 5541
f 7267 7268 7269
f 7270 7271 7266
f 7270 7266 5552
f 7272 7273 7274
f 7275 7268 7267
f 7275 7267 7276
f 7275 7277 7268
f 7278 7279 7270
f 7278 7270 5552
f 7278 5553 7257
f 7278 5552 5553
f 7280 7273 7272
f 7281 7277 7275
f 7282 1224 1225
f 7282 1225 1226
f 7282 1226 1227
f 7282 1227 1228
f 7282 1228 1229
f 7282 1229 1230
f 7282 1230 1231
f 7282 1231 1232
f 7282 1232 1233
f 7282 5663 1224
f 7282 5688 5663
f 7282 5667 5688
f 7283 7284 7277
f 7285 1233 1234
f 7285 1234 1235
f 7286 7282 1233
f 7286 5667 7282
f 7286 1233 7285
f 7287 7285 1235
f 7287 5624 5664
f 7287 1235 1236
f 7287 1236 1237
f 7287 1237 1238
f 7287 5664 5668
f 7287 1238 5624
f 7288 5667 7286
f 7288 7286 7285
f 7289 7288 7285
f 7289 5667 7288
f 7290 5667 7289
f 7290 7289 7285
f 7291 5668 5667
f 7291 5667 7290
f 7291 7285 7287
f 7291 7287 5668
f 7291 7290 7285
f 7292 5599 5600
f 7292 1546 5599
f 7292 1547 1546
f 7292 5641 1547
f 7293 7294 7284
f 7293 7284 7283
f 7295 7296 7294
f 7297 5650 5641
f 7298 7279 7278
f 7298 7278 7257
f 7299 3007 5650
f 7299 5658 3007
f 7299 5659 5658
f 7299 5650 7297
f 7300 7301 7302
f 7300 5671 7303
f 7300 5673 5671
f 7300 7303 7301
f 7304 5671 5657
f 7304 7303 5671
f 7304 5657 5659
f 7305 7298 7257
f 7306 7257 7256
f 7306 7307 7308
f 7306 7308 7305
f 7306 7305 7257
f 7309 7307 7306
f 7309 7306 7256
f 7309 7310 7307
f 7311 7309 7256
f 7311 7310 7309
f 7311 7312 7310
f 7313 7312 7311
f 7313 7311 7256
f 7314 7312 7313
f 7314 7313 7256
f 7314 7256 7259
f 7315 7259 7258
f 7315 7314 7259
f 7315 7312 7314
f 7315 7316 7312
f 7317 7318 7316
f 7317 7315 7258
f 7317 7316 7315
f 7319 7260 5653
f 7319 7318 7317
f 7319 7317 7258
f 7319 7320 7321
f 7319 7258 7260
f 7319 7321 7318
f 7322 7319 5653
f 7322 7320 7319
f 7322 7323 7320
f 7322 5653 5661
f 7324 7325 7323
f 7324 5660 5663
f 7324 5661 5660
f 7324 7322 5661
f 7324 7326 7327
f 7324 7323 7322
f 7324 7327 7325
f 7328 5677 5670
f 7328 5670 5672
f 7329 7324 5663
f 7329 7326 7324
f 7329 7330 7326
f 7329 5663 5688
f 7329 7331 7330
f 7332 7333 7334
f 7335 7308 7307
f 7335 7336 7308
f 7335 7307 7310
f 7335 7310 7312
f 7337 7335 7312
f 7338 7337 7312
f 7339 7338 7312
f 7339 7312 7316
f 7340 1550 5675
f 7340 5674 5677
f 7340 5675 5674
f 7341 7336 7335
f 7341 7335 7337
f 7341 7337 7338
f 7342 7341 7338
f 7343 7342 7338
f 7344 7343 7338
f 7344 7338 7339
f 7345 7316 7318
f 7345 7339 7316
f 7346 7344 7339
f 7346 7339 7345
f 7347 7346 7345
f 7348 7347 7345
f 7348 7321 7320
f 7348 7345 7318
f 7348 7318 7321
f 7349 7348 7320
f 7350 1550 7340
f 7350 5677 7351
f 7350 1551 1550
f 7350 7340 5677
f 7352 7349 7320
f 7352 7320 7323
f 7353 7350 7351
f 7353 1551 7350
f 7354 7348 7349
f 7354 7347 7348
f 7355 7354 7349
f 7356 7323 7325
f 7356 7352 7323
f 7357 7349 7352
f 7357 7355 7349
f 7358 7346 7347
f 7358 7354 7355
f 7358 7355 7357
f 7358 7347 7354
f 7358 7359 7360
f 7361 7352 7356
f 7361 7357 7352
f 7361 7358 7357
f 7362 7356 7325
f 7362 7327 7326
f 7362 7325 7327
f 7363 7361 7356
f 7363 7356 7362
f 7364 7362 7326
f 7365 7366 1552
f 7365 1552 1551
f 7365 1551 7353
f 7365 7353 7366
f 7367 7326 7330
f 7367 7364 7326
f 7368 7366 7369
f 7370 7330 7331
f 7370 7367 7330
f 7371 7362 7364
f 7371 7363 7362
f 7372 7371 7364
f 7373 7364 7367
f 7373 7372 7364
f 7374 7372 7373
f 7374 7375 7359
f 7374 7359 7358
f 7374 7358 7361
f 7374 7361 7363
f 7374 7363 7371
f 7374 7371 7372
f 7376 7367 7370
f 7376 7373 7367
f 7377 7376 7370
f 7378 7329 5688
f 7378 7331 7329
f 7378 7379 7331
f 7378 5688 5687
f 7380 7368 7381
f 7380 1552 7366
f 7380 1553 1552
f 7380 7366 7368
f 7382 7377 7370
f 7382 7331 7379
f 7382 7370 7331
f 7383 5687 5694
f 7383 7378 5687
f 7384 1553 7380
f 7384 7381 7385
f 7384 7380 7381
f 7386 7382 7379
f 7387 7379 7378
f 7387 7378 7383
f 7388 7379 7387
f 7389 5694 5690
f 7389 1367 1368
f 7389 1368 1369
f 7389 1369 1370
f 7389 5690 1367
f 7390 1370 1371
f 7390 7391 7389
f 7390 7389 1370
f 7392 7393 7394
f 7395 5700 5699
f 7396 7397 7390
f 7396 1371 1372
f 7396 1372 1373
f 7396 1373 1374
f 7396 7390 1371
f 7398 7396 1374
f 7398 1374 1375
f 7398 1375 1376
f 7398 1376 1377
f 7398 7399 7397
f 7398 7397 7396
f 7400 7399 7398
f 7401 7398 1377
f 7401 7400 7398
f 7402 7403 7395
f 7402 7395 5699
f 7402 5699 5701
f 7402 5701 7404
f 7405 7401 1377
f 7406 5695 7407
f 7406 7408 7409
f 7406 7410 7408
f 7406 5696 5695
f 7406 7407 7410
f 7406 7411 5696
f 7412 7413 7414
f 7415 7406 7409
f 7415 7416 7411
f 7415 7417 7416
f 7415 7411 7406
f 7418 7404 5703
f 7418 7402 7404
f 7419 7420 7405
f 7419 1377 1378
f 7419 1378 1379
f 7419 1379 1380
f 7419 7405 1377
f 7421 1559 1558
f 7421 1558 7413
f 7421 7413 7412
f 7422 1380 1381
f 7422 7419 1380
f 7423 7404 5701
f 7423 5703 7404
f 7423 5704 5703
f 7423 5701 5698
f 7424 7408 7410
f 7424 7410 7407
f 7425 7421 7412
f 7426 7422 1381
f 7427 7415 7409
f 7428 5707 5706
f 7428 5703 5702
f 7428 5702 7429
f 7428 7429 7430
f 7428 7430 7431
f 7428 7418 5703
f 7428 5706 7424
f 7428 7431 7432
f 7428 7432 5707
f 7433 7427 7409
f 7433 5708 7434
f 7433 7435 7436
f 7433 7434 7435
f 7433 5711 5710
f 7433 7436 5713
f 7433 5713 5712
f 7433 5712 5711
f 7437 1559 7421
f 7437 7421 7425
f 7437 7425 7438
f 7439 1384 1385
f 7439 1385 1386
f 7440 7439 1386
f 7440 1386 1387
f 7441 1560 1559
f 7441 1559 7437
f 7442 1560 7441
f 7442 7441 7437
f 7443 7430 7429
f 7443 7431 7430
f 7443 7432 7431
f 7444 7443 5715
f 7444 5705 5707
f 7444 7432 7443
f 7444 5715 5705
f 7444 5707 7432
f 7445 5708 5705
f 7445 7434 5708
f 7445 5709 5713
f 7445 5714 5720
f 7445 7436 7435
f 7445 5720 5719
f 7445 5719 5734
f 7445 5705 5714
f 7445 5734 5727
f 7445 7435 7434
f 7445 5713 7436
f 7445 5727 5709
f 7446 7447 5725
f 7446 1560 7442
f 7446 7442 7447
f 7446 1561 1560
f 7448 5715 7443
f 7448 5720 5714
f 7448 5714 5715
f 7448 1390 1391
f 7448 1391 1392
f 7448 1392 1393
f 7448 1393 1394
f 7448 1396 5720
f 7448 1394 1395
f 7448 1395 1396
f 7449 5732 1561
f 7449 7446 5725
f 7449 1561 7446
f 7449 5725 5732
f 7450 3015 5757
f 7450 3018 3016
f 7450 3016 3015
f 7450 5763 5759
f 7450 5759 3018
f 7451 5763 7450
f 7451 5757 5762
f 7451 5765 5763
f 7451 7450 5757
f 7452 3035 3034
f 7452 7451 5762
f 7452 5765 7451
f 7452 5762 3028
f 7452 5766 5765
f 7452 3034 5766
f 7452 3028 3035
f 7453 5770 3086
f 7453 3084 5769
f 7453 5772 5770
f 7453 3086 3084
f 7454 7453 5769
f 7454 5772 7453
f 7454 5769 5771
f 7454 5778 5772
f 7455 5778 7454
f 7455 7454 5771
f 7455 5776 5778
f 7455 5773 5776
f 7455 5771 5773
f 7456 3122 3117
f 7456 3124 3122
f 7456 3117 3118
f 7456 3118 5778
f 7457 5785 5786
f 7457 5786 5787
f 7457 5787 5789
f 7457 7456 5785
f 7457 5789 5790
f 7458 5793 3279
f 7458 5798 5793
f 7458 5814 5798
f 7458 5797 5814
f 7458 5794 5797
f 7458 3279 5794
f 7459 3300 5819
f 7459 5819 5834
f 7459 5792 3300
f 7459 5834 5837
f 7459 5820 5792
f 7459 5837 5820
f 7460 3310 1922
f 7460 5814 3310
f 7460 1922 1923
f 7460 1924 5798
f 7460 1923 1924
f 7460 5798 5814
f 7461 5821 5803
f 7461 5838 5821
f 7461 5803 5816
f 7462 5822 5818
f 7462 5818 5805
f 7463 5838 7461
f 7463 5841 5838
f 7464 5825 5823
f 7464 5822 7462
f 7464 5826 5825
f 7464 5823 5822
f 7465 1381 5830
f 7465 5839 1384
f 7465 1382 1381
f 7465 1383 1382
f 7465 1384 1383
f 7466 5805 5820
f 7466 7462 5805
f 7467 5826 7464
f 7468 5852 5851
f 7468 5826 7467
f 7469 5828 5826
f 7469 7468 5851
f 7469 5830 5828
f 7469 5826 7468
f 7470 5820 5837
f 7470 7466 5820
f 7470 5837 5870
f 7471 5844 5841
f 7471 7463 3328
f 7471 3328 5844
f 7471 5841 7463
f 7472 7465 5830
f 7472 5830 7469
f 7472 5851 5849
f 7472 5849 5846
f 7472 7469 5851
f 7473 7466 7470
f 7473 7470 5870
f 7474 5842 1390
f 7474 1388 1387
f 7474 1389 1388
f 7474 1390 1389
f 7474 1387 5840
f 7475 5854 5842
f 7475 5856 5854
f 7475 3338 5861
f 7475 5842 7474
f 7475 7474 5840
f 7475 5861 5856
f 7476 3346 1398
f 7476 3343 5865
f 7476 3367 3346
f 7476 1393 5843
f 7476 5866 3367
f 7476 5865 5866
f 7476 1394 1393
f 7476 1395 1394
f 7476 1396 1395
f 7476 1397 1396
f 7476 1398 1397
f 7476 5843 3343
f 7477 5870 5869
f 7477 7473 5870
f 7478 5850 5852
f 7478 7479 7480
f 7481 5859 5848
f 7481 5850 7478
f 7481 7478 7480
f 7481 5848 5847
f 7481 5849 5850
f 7481 5847 5849
f 7481 7480 5859
f 7482 7477 5869
f 7482 5852 7477
f 7482 7479 7478
f 7482 7478 5852
f 7483 5868 5870
f 7483 5837 5835
f 7483 5870 5837
f 7484 5859 7480
f 7485 5875 5872
f 7485 5859 7484
f 7485 5860 5859
f 7485 3389 5875
f 7485 5872 5860
f 7485 7484 3389
f 7486 7484 7480
f 7486 3390 3389
f 7486 7480 7479
f 7486 3389 7484
f 7487 7482 5869
f 7488 7482 7487
f 7489 5868 7483
f 7490 7488 7487
f 7491 7483 5835
f 7491 7489 7483
f 7491 5835 5896
f 7492 1954 3409
f 7492 3409 2898
f 7492 5871 1951
f 7492 2898 5845
f 7492 1951 1952
f 7492 1952 1953
f 7492 1953 1954
f 7492 5845 5871
f 7493 3362 5872
f 7493 3372 3362
f 7493 5874 5889
f 7493 5887 3372
f 7493 5872 5874
f 7493 5889 5887
f 7494 3388 3390
f 7494 7495 5886
f 7494 5886 5885
f 7494 5885 3388
f 7496 5889 5874
f 7496 5888 5889
f 7496 5874 5886
f 7497 5886 7495
f 7497 7495 7498
f 7497 5888 7496
f 7497 7496 5886
f 7499 7500 7501
f 7502 3415 3401
f 7502 3395 5887
f 7502 5888 7503
f 7502 5887 5888
f 7502 5906 3415
f 7502 3401 3395
f 7504 7501 7505
f 7504 7499 7501
f 7504 7506 7499
f 7507 7503 5888
f 7507 7497 7498
f 7507 5888 7497
f 7508 7507 7498
f 7508 7509 7507
f 7510 7499 7506
f 7511 5932 5914
f 7511 5914 5906
f 7511 5906 7502
f 7511 7503 5938
f 7511 5938 5932
f 7511 7502 7503
f 7512 5938 7503
f 7512 7503 7507
f 7512 7507 7509
f 7513 7510 7506
f 7514 5896 5895
f 7514 5895 5918
f 7514 7515 5896
f 7516 5938 7512
f 7516 7512 7509
f 7516 5937 5938
f 7517 7516 7509
f 7517 5937 7516
f 7517 5953 5937
f 7518 5919 5920
f 7518 7514 5918
f 7518 5918 5919
f 7518 5946 7514
f 7519 7518 5920
f 7519 5946 7518
f 7520 5953 7517
f 7521 7519 5920
f 7521 5946 7519
f 7521 5920 5933
f 7521 5933 5944
f 7521 5944 5946
f 7522 5934 5955
f 7522 5955 5958
f 7522 5930 5934
f 7523 7524 7525
f 7526 5969 5970
f 7526 5970 7527
f 7528 5962 5968
f 7528 5965 5964
f 7528 5964 5962
f 7529 7528 5968
f 7529 5965 7528
f 7530 7529 5968
f 7530 5965 7529
f 7531 5968 5971
f 7531 5971 5973
f 7531 5973 5975
f 7531 7530 5968
f 7531 5965 7530
f 7532 3449 5959
f 7532 5959 5972
f 7532 5982 3449
f 7532 5972 7533
f 7534 2083 5983
f 7534 5972 2083
f 7534 7533 5972
f 7535 5969 7526
f 7535 1412 5969
f 7535 7526 7536
f 7535 1413 1412
f 7537 7538 7523
f 7539 5945 5965
f 7540 7541 7542
f 7540 7542 7543
f 7544 7545 7546
f 7547 7546 7545
f 7547 7545 7548
f 7549 5975 5978
f 7549 7531 5975
f 7549 5965 7531
f 7549 5978 7550
f 7551 7541 7540
f 7551 7540 7552
f 7553 7546 7547
f 7553 7547 7548
f 7553 7548 7542
f 7554 7537 7539
f 7555 7541 7551
f 7555 7551 7552
f 7555 7556 7541
f 7557 7533 7558
f 7557 3474 5982
f 7557 5982 7532
f 7557 7532 7533
f 7559 7558 7533
f 7559 5986 7558
f 7559 7534 5983
f 7559 7533 7534
f 7559 5983 5986
f 7560 7544 7546
f 7561 7553 7542
f 7561 7542 7541
f 7562 7556 7555
f 7562 7563 7556
f 7564 7561 7541
f 7564 7565 7561
f 7566 7557 7558
f 7566 3474 7557
f 7566 3473 3474
f 7567 1413 7560
f 7567 1414 1413
f 7568 7562 7569
f 7568 7563 7562
f 7570 7560 7546
f 7570 7567 7560
f 7570 1414 7567
f 7571 7541 7556
f 7571 7564 7541
f 7571 7565 7564
f 7572 5979 5984
f 7572 5958 5979
f 7573 7574 7563
f 7573 7563 7568
f 7575 7576 5958
f 7577 7576 7575
f 7578 7570 7579
f 7578 1414 7570
f 7580 7572 5984
f 7581 7571 7556
f 7581 7556 7563
f 7582 5958 7572
f 7582 7575 5958
f 7582 7572 7580
f 7583 7581 7563
f 7584 7585 7586
f 7587 7580 5984
f 7588 7566 7558
f 7589 1415 1414
f 7589 1414 7578
f 7590 7591 7583
f 7590 7563 7574
f 7590 7583 7563
f 7592 7589 7578
f 7592 1415 7589
f 7592 7578 7565
f 7593 7592 7565
f 7594 7582 7580
f 7594 7587 7595
f 7594 7580 7587
f 7596 7597 7584
f 7598 7584 7586
f 7598 7596 7584
f 7599 5993 5992
f 7599 5994 2905
f 7599 2905 5996
f 7599 5992 5994
f 7599 7588 5993
f 7600 7590 7574
f 7601 1415 7592
f 7601 7592 7593
f 7602 7596 7598
f 7603 1416 1415
f 7603 1415 7601
f 7604 1416 7603
f 7604 7601 7591
f 7604 7603 7601
f 7605 7606 7607
f 7608 7600 7609
f 7610 7595 7587
f 7610 6000 6043
f 7611 6004 6006
f 7612 7613 7614
f 7615 7614 7606
f 7615 7612 7614
f 7616 6032 6031
f 7616 7617 6032
f 7616 7618 7617
f 7616 6031 7619
f 7620 6027 6004
f 7620 6004 7611
f 7621 6021 6020
f 7621 7610 6043
f 7622 6021 7621
f 7622 7621 6043
f 7623 7620 7624
f 7623 6027 7620
f 7623 6035 6027
f 7625 6035 7623
f 7625 7623 7624
f 7625 7626 6035
f 7627 6024 6033
f 7628 7624 7619
f 7628 7625 7624
f 7628 7626 7625
f 7628 6031 6030
f 7628 6030 7626
f 7628 7619 6031
f 7629 7630 7631
f 7629 7632 7633
f 7634 7632 7627
f 7634 7627 6033
f 7634 7633 7632
f 7635 3560 6032
f 7635 6032 7617
f 7636 6033 6026
f 7636 6026 6038
f 7636 7634 6033
f 7637 3560 7635
f 7637 7635 7630
f 7637 6051 6045
f 7637 6045 3560
f 7638 6035 7626
f 7638 6034 6035
f 7638 6044 6034
f 7638 6053 6044
f 7639 6053 7638
f 7639 7626 6030
f 7639 6047 3569
f 7639 3569 6053
f 7639 7638 7626
f 7640 6050 6051
f 7641 6049 6054
f 7641 6048 6049
f 7641 7640 6048
f 7642 6056 6046
f 7643 6026 7644
f 7643 6039 6026
f 7645 3577 6056
f 7645 6055 3577
f 7645 6056 7642
f 7645 7642 6054
f 7645 6054 6055
f 7646 6060 3566
f 7646 6065 6060
f 7647 7648 7649
f 7647 7650 7648
f 7651 3577 6055
f 7652 3566 6064
f 7652 6064 6067
f 7652 6092 6065
f 7652 6065 7646
f 7652 6067 6092
f 7652 7646 3566
f 7653 6090 2224
f 7653 2225 6065
f 7653 6065 6092
f 7653 2224 2225
f 7653 6092 6090
f 7654 7649 7648
f 7654 7648 7655
f 7656 6101 7657
f 7656 6099 6101
f 7656 7657 7658
f 7659 7657 6101
f 7659 3582 6075
f 7660 6099 7656
f 7660 7656 7661
f 7662 7663 7664
f 7662 7665 7663
f 7666 7667 6105
f 7666 7660 7661
f 7666 6099 7660
f 7666 6105 6099
f 7668 6094 3585
f 7668 6108 6078
f 7668 3585 3591
f 7668 7669 6108
f 7668 6078 6094
f 7670 3582 7659
f 7670 6101 6100
f 7670 6111 3582
f 7670 6100 6111
f 7670 7659 6101
f 7671 7668 3591
f 7671 7669 7668
f 7671 3591 6114
f 7672 7664 7663
f 7672 7663 7673
f 7674 7675 6121
f 7676 6105 7667
f 7676 6100 6105
f 7676 6111 6100
f 7676 3608 6111
f 7677 7669 6119
f 7677 6108 7669
f 7677 6109 6108
f 7678 2245 6119
f 7678 7669 7671
f 7678 6119 7669
f 7678 7671 6114
f 7678 6114 2243
f 7678 2243 2244
f 7678 2244 2245
f 7679 7680 7681
f 7679 7681 7682
f 7683 6121 7675
f 7684 6118 2915
f 7684 3592 6110
f 7684 3620 3593
f 7684 3643 3620
f 7684 6110 6118
f 7684 3593 3592
f 7684 2915 3643
f 7685 7677 6119
f 7685 6109 7677
f 7685 2250 6127
f 7685 6127 6109
f 7685 2247 2248
f 7685 2248 2249
f 7685 2249 2250
f 7685 6119 2247
f 7686 7681 7687
f 7686 7682 7681
f 7688 6133 7689
f 7688 7689 7690
f 7688 6131 6133
f 7691 7688 7692
f 7691 6131 7688
f 7693 7689 6133
f 7693 6133 6132
f 7693 6142 3647
f 7693 6132 6142
f 7694 7695 7696
f 7694 7697 7695
f 7698 6134 6131
f 7698 7699 6134
f 7698 6131 7691
f 7700 7699 7698
f 7701 7695 7702
f 7701 7696 7695
f 7703 6132 6134
f 7703 3686 6142
f 7703 6142 6132
f 7704 7705 6145
f 7706 7703 6134
f 7706 3686 7703
f 7706 6134 7699
f 7707 7708 7709
f 7707 7709 7710
f 7711 6145 7705
f 7712 7710 7709
f 7712 7709 7713
f 7714 6163 7715
f 7714 6161 6163
f 7714 7715 7716
f 7717 7715 6163
f 7717 3695 6151
f 7718 7714 7719
f 7718 6161 7714
f 7720 7721 7722
f 7720 7723 7721
f 7724 6172 6161
f 7724 6161 7718
f 7724 7718 7719
f 7724 7725 6172
f 7726 6160 6168
f 7726 6171 2919
f 7726 6159 6160
f 7726 2919 6159
f 7727 6162 6173
f 7727 7717 6163
f 7727 6173 3695
f 7727 3695 7717
f 7727 6163 6162
f 7728 2385 6174
f 7728 6164 2385
f 7728 6174 7729
f 7730 6157 6164
f 7730 7729 7731
f 7730 6164 7728
f 7730 7728 7729
f 7730 7731 6157
f 7732 7726 6168
f 7733 7721 7734
f 7733 7722 7721
f 7735 7736 6182
f 7737 6162 6172
f 7737 3708 6162
f 7737 6172 7725
f 7738 6174 6177
f 7738 7729 6174
f 7738 3710 6179
f 7738 6177 3710
f 7739 7731 7729
f 7739 6179 3729
f 7739 7729 7738
f 7739 7738 6179
f 7740 7731 7739
f 7740 7739 3729
f 7741 3729 3728
f 7741 7740 3729
f 7741 7732 7731
f 7741 7731 7740
f 7742 7743 7744
f 7742 7745 7743
f 7746 6182 7736
f 7747 3719 2392
f 7747 2392 2393
f 7747 2393 2394
f 7747 2394 6190
f 7747 3711 3719
f 7747 6190 3709
f 7747 3709 3711
f 7748 7743 7749
f 7748 7744 7743
f 7750 7751 7752
f 7750 6194 6196
f 7750 6196 7751
f 7753 6194 7750
f 7754 6196 6195
f 7754 6200 3747
f 7754 6195 6200
f 7754 7751 6196
f 7755 7756 7757
f 7755 7758 7756
f 7759 6197 6194
f 7759 6194 7753
f 7759 7760 6197
f 7761 7760 7759
f 7762 7757 7756
f 7762 7756 7763
f 7764 6200 6195
f 7764 6195 6197
f 7764 3780 6200
f 7765 7766 6215
f 7767 7764 6197
f 7767 3780 7764
f 7767 6197 7760
f 7768 7769 7770
f 7768 7770 7771
f 7772 6215 7766
f 7773 7770 7774
f 7773 7771 7770
f 7775 6226 6227
f 7775 6227 7776
f 7775 7776 7777
f 7778 7776 6227
f 7778 3808 6222
f 7779 6226 7775
f 7779 7775 7780
f 7781 7782 7783
f 7781 7784 7782
f 7785 6230 6226
f 7785 7786 6230
f 7785 6226 7779
f 7785 7779 7780
f 7787 7778 6227
f 7787 6231 3808
f 7787 3821 6231
f 7787 6227 3821
f 7787 3808 7778
f 7788 7782 7789
f 7788 7783 7782
f 7790 7791 6243
f 7792 3821 6230
f 7792 6230 7786
f 7792 3822 3821
f 7793 6239 3815
f 7793 6259 6239
f 7794 7795 7796
f 7794 7796 7797
f 7798 6243 7791
f 7799 6273 6259
f 7799 6236 6245
f 7799 6259 7793
f 7799 6245 6273
f 7800 7796 7801
f 7800 7797 7796
f 7802 6284 7803
f 7802 6282 6284
f 7802 7803 7804
f 7805 6282 7802
f 7806 7803 6284
f 7806 6284 6283
f 7806 6283 6295
f 7806 6295 3840
f 7807 7808 7809
f 7807 7810 7808
f 7811 6282 7805
f 7811 6289 6282
f 7811 7812 6289
f 7813 6264 6286
f 7813 3895 2519
f 7813 2519 2520
f 7813 2520 2521
f 7813 2521 2522
f 7813 2930 3895
f 7813 2522 6264
f 7813 6286 2930
f 7814 7812 7811
f 7815 7809 7808
f 7815 7808 7816
f 7817 7818 6303
f 7819 6283 6289
f 7819 6289 7812
f 7819 6295 6283
f 7819 3864 6295
f 7820 7821 7822
f 7820 7823 7821
f 7824 6303 7818
f 7825 7822 7821
f 7825 7821 7826
f 7827 6308 7828
f 7827 6307 6308
f 7827 7828 7829
f 7830 7828 6308
f 7830 3896 6306
f 7831 6307 7827
f 7831 7827 7832
f 7833 7834 7835
f 7833 7836 7834
f 7837 7831 7832
f 7837 6307 7831
f 7837 7838 6312
f 7837 6312 6307
f 7839 6315 3896
f 7839 7830 6308
f 7839 3940 6315
f 7839 6308 3940
f 7839 3896 7830
f 7840 7835 7834
f 7840 7834 7841
f 7842 3940 6312
f 7842 6312 7838
f 7842 3941 3940
f 7843 7844 6324
f 7845 7846 7847
f 7845 7847 7848
f 7849 6324 7844
f 7850 7847 7851
f 7850 7848 7847
f 7852 6343 6345
f 7852 6345 7853
f 7852 7853 7854
f 7855 6343 7852
f 7856 7853 6345
f 7856 6345 6344
f 7856 6353 3957
f 7856 6344 6353
f 7857 7858 7859
f 7857 7859 7860
f 7861 7862 6350
f 7861 6350 6343
f 7861 6343 7855
f 7863 6337 6340
f 7863 6340 6346
f 7863 3955 6337
f 7863 6349 3955
f 7864 7862 7861
f 7865 6339 6348
f 7865 6351 6335
f 7865 6335 6339
f 7866 7859 7867
f 7866 7860 7859
f 7868 7869 6361
f 7870 6351 7865
f 7870 6348 6354
f 7870 6359 6351
f 7870 7865 6348
f 7871 6351 3985
f 7871 7863 6346
f 7871 3985 3984
f 7871 3984 3986
f 7871 6346 6351
f 7871 3986 3987
f 7871 3987 3988
f 7872 6350 7862
f 7872 3973 6353
f 7872 6344 6350
f 7872 6353 6344
f 7873 6364 6359
f 7873 7870 6354
f 7873 3966 6364
f 7873 6354 3969
f 7873 3970 3966
f 7873 3969 3970
f 7873 6359 7870
f 7874 7875 7876
f 7874 7876 7877
f 7878 6361 7869
f 7879 7876 7880
f 7879 7877 7876
f 7881 7882 7883
f 7881 7883 7884
f 7885 6374 7886
f 7885 6373 6374
f 7885 7887 6373
f 7885 7886 7888
f 7889 7883 7890
f 7889 7884 7883
f 7891 4042 6373
f 7891 6373 7887
f 7891 4043 4042
f 7892 7893 6393
f 7894 7895 7896
f 7894 7896 7897
f 7898 6393 7893
f 7899 7896 7900
f 7899 7897 7896
f 7901 6405 7902
f 7901 6403 6405
f 7901 7902 7903
f 7904 6403 7901
f 7905 7902 6405
f 7905 6405 6404
f 7905 6411 4069
f 7905 6404 6411
f 7906 7907 7908
f 7906 7908 7909
f 7910 6409 6403
f 7910 7911 6409
f 7910 6403 7904
f 7912 4072 6417
f 7912 6417 6410
f 7912 6410 2826
f 7912 2826 2827
f 7912 2827 4068
f 7912 4068 4072
f 7913 7911 7910
f 7914 6410 6416
f 7914 2825 6410
f 7914 2823 2824
f 7914 2824 2825
f 7915 7908 7916
f 7915 7909 7908
f 7917 7918 6427
f 7919 6417 4072
f 7919 6416 6417
f 7919 4072 6406
f 7920 6404 6409
f 7920 6409 7911
f 7920 4089 6411
f 7920 6411 6404
f 7921 6416 7919
f 7921 7919 6406
f 7921 6406 6414
f 7921 6433 6416
f 7922 7921 6414
f 7922 6433 7921
f 7922 6414 6419
f 7922 6419 6433
f 7923 7924 7925
f 7923 7925 7926
f 7927 6427 7918
f 7928 6434 7929
f 7928 6448 2822
f 7928 2823 7914
f 7928 6416 6434
f 7928 2822 2823
f 7928 7914 6416
f 7930 7926 7925
f 7930 7925 7931
f 7932 7929 6434
f 7932 6434 6433
f 7932 6461 6460
f 7933 6448 7928
f 7933 7928 7929
f 7933 6457 6448
f 7933 6460 6457
f 7933 7929 7932
f 7933 7932 6460
f 7934 6459 6458
f 7934 6458 7935
f 7936 7934 7937
f 7936 6459 7934
f 7938 7939 7940
f 7938 7941 7939
f 7942 4120 4118
f 7942 6458 4120
f 7942 7935 6458
f 7943 7936 7937
f 7943 6462 6459
f 7943 7944 6462
f 7943 6459 7936
f 7945 7944 7943
f 7946 7940 7939
f 7946 7939 7947
f 7948 7949 6470
f 7950 6467 4120
f 7950 4120 6462
f 7950 4144 6467
f 7951 4144 7950
f 7951 6469 4144
f 7951 6462 7944
f 7951 7950 6462
f 7952 7953 7954
f 7952 7954 7955
f 7956 6470 7949
f 7957 7954 7958
f 7957 7955 7954
f 7959 7960 7961
f 7959 6478 7960
f 7959 6476 6478
f 7962 7960 6478
f 7962 6478 6477
f 7962 6487 4181
f 7962 6477 6487
f 7963 6476 7959
f 7964 7965 7966
f 7964 7966 7967
f 7968 6482 6476
f 7968 7969 6482
f 7968 6476 7963
f 7970 7969 7968
f 7971 7966 7972
f 7971 7967 7966
f 7973 7974 6496
f 7975 6477 6482
f 7975 6482 7969
f 7975 4224 6487
f 7975 6487 6477
f 7976 7977 7978
f 7976 7979 7977
f 7980 6496 7974
f 7981 7978 7977
f 7981 7977 7982
f 7983 6523 6522
f 7983 6522 7984
f 7985 7983 7986
f 7985 6523 7983
f 7987 7988 7989
f 7987 7990 7988
f 7991 4251 4250
f 7991 6522 4251
f 7991 7984 6522
f 7992 6525 6523
f 7992 7993 6525
f 7992 6523 7985
f 7992 7985 7986
f 7994 6507 6517
f 7994 6517 6520
f 7994 6524 6507
f 7995 7993 7992
f 7996 6509 6521
f 7996 6527 6509
f 7997 7989 7988
f 7997 7988 7998
f 7999 6527 7996
f 7999 6531 6527
f 7999 6521 6526
f 7999 7996 6521
f 8000 8001 6536
f 8002 4251 6525
f 8002 4267 6529
f 8002 6529 4251
f 8003 4261 4260
f 8003 4260 6537
f 8003 6537 6531
f 8003 7999 6526
f 8003 6526 4261
f 8003 6531 7999
f 8004 4267 8002
f 8004 8002 6525
f 8004 6525 7993
f 8004 6534 4267
f 8005 6532 8006
f 8005 6527 6532
f 8005 6533 6524
f 8007 8008 8009
f 8007 8009 8010
f 8011 6536 8001
f 8012 106 6543
f 8012 105 106
f 8012 8006 6532
f 8012 6532 6531
f 8013 102 103
f 8013 103 104
f 8013 104 105
f 8013 6531 6537
f 8013 8012 6531
f 8013 6537 102
f 8013 105 8012
f 8014 6542 6533
f 8014 8005 8006
f 8014 6533 8005
f 8014 6543 6542
f 8014 8006 8012
f 8014 8012 6543
f 8015 8009 8016
f 8015 8010 8009
f 8017 6546 8018
f 8017 6544 6546
f 8017 8018 8019
f 8020 8018 6546
f 8020 6546 6545
f 8020 6552 4295
f 8020 6545 6552
f 8021 6544 8017
f 8022 8023 8024
f 8022 8025 8023
f 8026 6549 6544
f 8026 8027 6549
f 8026 6544 8021
f 8028 8027 8026
f 8029 8023 8030
f 8029 8024 8023
f 8031 8032 6565
f 8033 4338 6552
f 8033 6545 6549
f 8033 6549 8027
f 8033 6552 6545
f 8034 8035 8036
f 8034 8036 8037
f 8038 6565 8032
f 8039 8036 8040
f 8039 8037 8036
f 8041 6576 8042
f 8041 6574 6576
f 8043 8041 8044
f 8043 6574 8041
f 8045 6575 4357
f 8045 8042 6576
f 8045 6576 6575
f 8046 8047 8048
f 8046 8048 8049
f 8050 8051 6580
f 8050 6574 8043
f 8050 8043 8044
f 8050 6580 6574
f 8052 8051 8050
f 8053 232 233
f 8053 233 234
f 8053 234 6579
f 8054 6584 4354
f 8054 4354 4351
f 8054 4351 6577
f 8055 8048 8056
f 8055 8049 8048
f 8057 6579 6584
f 8057 8053 6579
f 8057 232 8053
f 8058 8059 6593
f 8060 4370 6586
f 8060 6575 6580
f 8060 6586 6575
f 8061 6577 6581
f 8061 6584 8054
f 8061 8054 6577
f 8061 6596 6584
f 8062 6580 8051
f 8062 6591 4370
f 8062 4370 8060
f 8062 8060 6580
f 8063 6585 6589
f 8063 6581 6585
f 8063 6589 6596
f 8063 8061 6581
f 8063 6596 8061
f 8064 8065 8066
f 8064 8067 8065
f 8068 6597 8069
f 8068 6584 6597
f 8070 6593 8059
f 8071 8057 6584
f 8071 8072 6606
f 8071 8069 8072
f 8071 6584 8068
f 8071 8068 8069
f 8073 8069 6597
f 8073 6597 6596
f 8073 6596 6607
f 8074 8066 8065
f 8074 8065 8075
f 8076 8077 8078
f 8076 6614 8077
f 8076 6612 6614
f 8079 8077 6614
f 8080 6612 8076
f 8081 6611 6617
f 8081 6607 6608
f 8081 6608 6609
f 8081 6609 6611
f 8081 8073 6607
f 8082 8083 8084
f 8082 8084 8085
f 8086 6612 8080
f 8086 6618 6612
f 8086 8087 6618
f 8088 8087 8086
f 8089 6614 6613
f 8089 8079 6614
f 8089 4410 8079
f 8089 6613 6620
f 8089 6620 4410
f 8090 8084 8091
f 8090 8085 8084
f 8092 8093 6627
f 8094 6618 8087
f 8094 6613 6618
f 8094 6620 6613
f 8094 4450 6620
f 8095 8096 8097
f 8095 8098 8096
f 8099 6627 8093
f 8100 8097 8096
f 8100 8096 8101
f 8102 6636 8103
f 8102 6634 6636
f 8104 8102 8105
f 8104 6634 8102
f 8106 6640 4488
f 8106 6636 6635
f 8106 8103 6636
f 8106 6635 6640
f 8107 8108 8109
f 8107 8110 8108
f 8111 8104 8105
f 8111 6639 6634
f 8111 6634 8104
f 8111 8112 6639
f 8113 8112 8111
f 8114 8109 8108
f 8114 8108 8115
f 8116 4519 6640
f 8116 6635 6639
f 8116 6640 6635
f 8117 8118 6648
f 8119 6639 8112
f 8119 6645 4519
f 8119 4519 8116
f 8119 8116 6639
f 8120 8121 8122
f 8120 8122 8123
f 8124 6651 6669
f 8124 6649 6651
f 8124 6669 6653
f 8124 6653 6643
f 8124 4515 6649
f 8124 6643 4515
f 8125 6648 8118
f 8126 8123 8122
f 8126 8122 8127
f 8128 6669 4536
f 8128 6653 6669
f 8128 376 377
f 8128 377 378
f 8128 378 6653
f 8128 4536 376
f 8129 8130 8131
f 8129 6676 8130
f 8129 6674 6676
f 8132 4538 6657
f 8132 8130 6676
f 8133 6674 8129
f 8134 8135 8136
f 8134 8136 8137
f 8138 8133 8139
f 8138 6674 8133
f 8138 6680 6674
f 8138 8140 6680
f 8141 6683 6673
f 8141 6659 6671
f 8141 6673 6659
f 8142 8140 8138
f 8143 6684 4538
f 8143 6675 6684
f 8143 8132 6676
f 8143 6676 6675
f 8143 4538 8132
f 8144 6683 8141
f 8144 6687 6683
f 8145 8136 8146
f 8145 8137 8136
f 8147 8148 6693
f 8149 4574 6684
f 8149 6684 6675
f 8149 6675 6680
f 8149 6680 8140
f 8150 4555 6689
f 8150 8144 4555
f 8150 6689 6687
f 8150 6687 8144
f 8151 8152 8153
f 8151 8153 8154
f 8155 6693 8148
f 8156 8153 8157
f 8156 8154 8153
f 8158 6705 8159
f 8158 6703 6705
f 8158 8159 8160
f 8161 405 406
f 8161 406 407
f 8161 407 408
f 8161 6691 6699
f 8161 408 4611
f 8161 6699 405
f 8161 2961 6691
f 8161 4611 2961
f 8162 8158 8163
f 8162 6703 8158
f 8164 6704 6717
f 8164 6705 6704
f 8164 6717 4607
f 8164 8159 6705
f 8165 8166 8167
f 8165 8167 8168
f 8169 6703 8162
f 8169 8170 6706
f 8169 6706 6703
f 8169 8162 8163
f 8171 8170 8169
f 8172 8167 8173
f 8172 8168 8167
f 8174 6717 6704
f 8174 6704 6706
f 8174 4643 6717
f 8175 8176 6720
f 8177 8174 6706
f 8177 4643 8174
f 8177 6706 8170
f 8177 6718 4643
f 8178 8179 8180
f 8178 8181 8179
f 8182 6720 8176
f 8183 8179 8184
f 8183 8180 8179
f 8185 4652 4657
f 8185 4648 4652
f 8185 6729 531
f 8185 531 532
f 8185 4657 6729
f 8185 532 4648
f 8186 6732 8187
f 8186 6730 6732
f 8186 8187 8188
f 8189 8187 6732
f 8189 4653 6724
f 8190 8186 8191
f 8190 6730 8186
f 8192 8193 8194
f 8192 8195 8193
f 8196 6737 6730
f 8196 8197 6737
f 8196 8190 8191
f 8196 6730 8190
f 8198 6731 6741
f 8198 6732 6731
f 8198 8189 6732
f 8198 4653 8189
f 8198 6741 4653
f 8199 4656 6728
f 8199 6728 6735
f 8199 6743 4656
f 8199 6735 8200
f 8201 539 6744
f 8201 6735 539
f 8201 8200 6735
f 8202 8194 8193
f 8202 8193 8203
f 8204 8205 6753
f 8206 6741 6731
f 8206 6731 6737
f 8206 6737 8197
f 8206 4669 6741
f 8207 8200 8208
f 8207 4672 6743
f 8207 6743 8199
f 8207 8199 8200
f 8209 8208 8200
f 8209 6747 8208
f 8209 6744 6747
f 8209 8201 6744
f 8209 8200 8201
f 8210 8211 8212
f 8210 8213 8211
f 8214 6753 8205
f 8215 4672 8207
f 8215 8207 8208
f 8216 4671 4672
f 8216 8215 8208
f 8216 4672 8215
f 8217 8212 8211
f 8217 8211 8218
f 8219 8216 8208
f 8220 8221 8222
f 8220 6766 8221
f 8220 6764 6766
f 8223 8220 8224
f 8223 6764 8220
f 8225 2969 6768
f 8225 6760 6759
f 8225 8219 6760
f 8225 6761 2969
f 8225 6759 6761
f 8226 6773 4710
f 8226 6765 6773
f 8226 8221 6766
f 8226 6766 6765
f 8227 8228 8229
f 8227 8229 8230
f 8231 6764 8223
f 8231 6770 6764
f 8231 8232 6770
f 8233 8232 8231
f 8234 8229 8235
f 8234 8230 8229
f 8236 6773 6765
f 8236 6765 6770
f 8236 4734 6773
f 8237 8238 6779
f 8239 8236 6770
f 8239 4734 8236
f 8239 6770 8232
f 8240 8241 8242
f 8240 8243 8241
f 8244 6779 8238
f 8245 8241 8246
f 8245 8242 8241
f 8247 8248 8249
f 8247 6802 8248
f 8247 6800 6802
f 8250 4765 6795
f 8250 8248 6802
f 8251 8247 8252
f 8251 6800 8247
f 8253 8254 8255
f 8253 8255 8256
f 8257 8251 8252
f 8257 6800 8251
f 8257 6805 6800
f 8257 8258 6805
f 8259 4765 8250
f 8259 6802 6801
f 8259 6806 4765
f 8259 8250 6802
f 8259 6801 6806
f 8260 8255 8261
f 8260 8256 8255
f 8262 8263 6815
f 8264 6801 6805
f 8264 6805 8258
f 8264 6806 6801
f 8264 4783 6806
f 8265 6817 683
f 8265 6821 6834
f 8265 6834 6818
f 8265 6818 6817
f 8265 683 684
f 8265 6813 6821
f 8265 684 4777
f 8265 4777 6813
f 8266 8267 8268
f 8266 8268 8269
f 8270 6815 8263
f 8271 8268 8272
f 8271 8269 8268
f 8273 8274 8275
f 8273 6854 8274
f 8273 6852 6854
f 8276 6852 8273
f 8277 6865 4794
f 8277 6854 6853
f 8277 8274 6854
f 8277 6853 6865
f 8278 8279 8280
f 8278 8281 8279
f 8282 8283 6860
f 8282 6852 8276
f 8282 6860 6852
f 8284 6845 4796
f 8284 6858 6830
f 8284 6830 6845
f 8284 4796 4802
f 8284 8285 6858
f 8286 8283 8282
f 8287 4802 6864
f 8287 8284 4802
f 8287 8285 8284
f 8288 8280 8279
f 8288 8279 8289
f 8290 4810 6865
f 8290 6865 6853
f 8290 6853 6860
f 8291 8292 6871
f 8293 6860 8283
f 8293 8290 6860
f 8293 4810 8290
f 8294 8285 6869
f 8294 6858 8285
f 8294 6859 6858
f 8295 8285 8287
f 8295 6869 8285
f 8295 6864 701
f 8295 703 6869
f 8295 701 702
f 8295 702 703
f 8295 8287 6864
f 8296 8297 8298
f 8296 8298 8299
f 8300 6871 8292
f 8301 6861 6868
f 8301 4828 4804
f 8301 4803 6861
f 8301 4850 4828
f 8301 4804 4803
f 8301 2980 4850
f 8301 6868 2980
f 8302 707 708
f 8302 708 6877
f 8302 8294 6869
f 8302 6859 8294
f 8302 6869 705
f 8302 6877 6859
f 8302 705 706
f 8302 706 707
f 8303 8299 8298
f 8303 8298 8304
f 8305 6879 6881
f 8305 8306 8307
f 8305 6881 8306
f 8308 8306 6881
f 8308 4844 6876
f 8309 6879 8305
f 8309 8305 8310
f 8311 8312 8313
f 8311 8314 8312
f 8315 8309 8310
f 8315 6879 8309
f 8315 6884 6879
f 8315 8316 6884
f 8317 8308 6881
f 8317 6881 6880
f 8317 4844 8308
f 8317 6880 6890
f 8317 6890 4844
f 8318 8313 8312
f 8318 8312 8319
f 8320 8321 6895
f 8322 6880 6884
f 8322 4897 6880
f 8322 6884 8316
f 8323 8324 8325
f 8323 8326 8324
f 8327 6895 8321
f 8328 8324 8329
f 8328 8325 8324
f 8330 8331 8332
f 8330 6919 8331
f 8330 6917 6919
f 8333 6917 8330
f 8334 6926 4909
f 8334 8331 6919
f 8334 6919 6918
f 8334 6918 6926
f 8335 8336 8337
f 8335 8337 8338
f 8339 6917 8333
f 8339 6923 6917
f 8339 8340 6923
f 8341 4905 6910
f 8341 6910 6911
f 8341 6911 6916
f 8341 6922 4905
f 8342 8340 8339
f 8343 843 6924
f 8343 6912 843
f 8343 6924 8344
f 8345 8344 8346
f 8345 8343 8344
f 8345 6912 8343
f 8345 8346 6908
f 8345 6908 6912
f 8347 8341 6916
f 8348 8337 8349
f 8348 8338 8337
f 8350 8351 6933
f 8352 4920 6926
f 8352 6918 6923
f 8352 6923 8340
f 8352 6926 6918
f 8353 6928 4922
f 8353 6924 6928
f 8353 4922 6929
f 8353 8344 6924
f 8354 8346 8344
f 8354 8353 6929
f 8354 6929 4940
f 8354 8344 8353
f 8355 8346 8354
f 8355 8354 4940
f 8356 8346 8355
f 8356 4940 4939
f 8356 8355 4940
f 8356 8347 8346
f 8357 8358 8359
f 8357 8360 8358
f 8361 6933 8351
f 8362 4921 4923
f 8362 850 851
f 8362 851 852
f 8362 6940 4921
f 8362 852 6940
f 8362 4923 4929
f 8362 4929 850
f 8363 8359 8358
f 8363 8358 8364
f 8365 6942 8366
f 8365 6941 6942
f 8365 8366 8367
f 8368 4951 6939
f 8368 8366 6942
f 8369 8365 8370
f 8369 6941 8365
f 8371 8372 8373
f 8371 8373 8374
f 8375 6941 8369
f 8375 8369 8370
f 8375 6946 6941
f 8375 8376 6946
f 8377 8368 6942
f 8377 6947 4951
f 8377 4951 8368
f 8377 6942 4987
f 8377 4987 6947
f 8378 8373 8379
f 8378 8374 8373
f 8380 4988 4987
f 8380 4987 6946
f 8380 6946 8376
f 8381 8382 6956
f 8383 8384 8385
f 8383 8386 8384
f 8387 6956 8382
f 8388 8385 8384
f 8388 8384 8389
f 8390 8391 8392
f 8390 6980 8391
f 8390 6978 6980
f 8393 6978 8390
f 8394 6979 6984
f 8394 6980 6979
f 8394 8391 6980
f 8394 6984 5022
f 8395 8396 8397
f 8395 8397 8398
f 8399 6981 6978
f 8399 8400 6981
f 8399 6978 8393
f 8401 8400 8399
f 8402 8397 8403
f 8402 8398 8397
f 8404 8405 6993
f 8406 6984 6979
f 8406 6979 6981
f 8406 6981 8400
f 8406 5035 6984
f 8407 6983 5027
f 8407 6989 6983
f 8408 7010 6989
f 8408 8407 5027
f 8408 6989 8407
f 8409 8410 8411
f 8409 8411 8412
f 8413 6993 8405
f 8414 7010 8408
f 8414 6996 7023
f 8414 7023 7010
f 8414 6987 6996
f 8415 8411 8416
f 8415 8412 8411
f 8417 7030 7031
f 8417 8418 8419
f 8417 7031 8418
f 8420 5043 7008
f 8420 8418 7031
f 8421 7030 8417
f 8421 8417 8422
f 8423 8424 8425
f 8423 8425 8426
f 8427 7030 8421
f 8427 8428 7035
f 8427 8421 8422
f 8427 7035 7030
f 8429 980 7014
f 8429 2993 5107
f 8429 5107 5095
f 8429 977 978
f 8429 978 979
f 8429 979 980
f 8429 7037 2993
f 8429 5095 977
f 8429 7014 7037
f 8430 5043 8420
f 8430 8420 7031
f 8430 5060 7040
f 8430 7040 5043
f 8430 7031 5060
f 8431 8425 8432
f 8431 8426 8425
f 8433 5060 7035
f 8433 7035 8428
f 8433 5061 5060
f 8434 8435 7052
f 8436 8437 8438
f 8436 8438 8439
f 8440 7052 8435
f 8441 8438 8442
f 8441 8439 8438
f 8443 8444 8445
f 8443 7061 8444
f 8443 7059 7061
f 8446 7059 8443
f 8447 7060 7068
f 8447 7068 5114
f 8447 8444 7061
f 8447 7061 7060
f 8448 8449 8450
f 8448 8451 8449
f 8452 7063 7059
f 8452 8453 7063
f 8452 7059 8446
f 8454 8453 8452
f 8455 8449 8456
f 8455 8450 8449
f 8457 8458 7075
f 8459 7063 8453
f 8459 5156 7068
f 8459 7068 7060
f 8459 7060 7063
f 8460 8461 8462
f 8460 8462 8463
f 8464 7075 8458
f 8465 8462 8466
f 8465 8463 8462
f 8467 7098 7097
f 8467 7097 8468
f 8469 7098 8467
f 8469 8467 8470
f 8471 8472 8473
f 8471 8473 8474
f 8475 7097 5172
f 8475 5172 5171
f 8475 8468 7097
f 8476 7098 8469
f 8476 8477 7103
f 8476 8469 8470
f 8476 7103 7098
f 8478 7094 7099
f 8478 7102 7090
f 8478 7090 7091
f 8478 7091 7094
f 8479 8477 8476
f 8480 7093 7101
f 8480 7104 7087
f 8480 7087 7093
f 8481 8473 8482
f 8481 8474 8473
f 8483 8484 7114
f 8485 7112 7104
f 8485 8480 7101
f 8485 7104 8480
f 8485 7101 7106
f 8486 5172 7103
f 8486 5184 7109
f 8486 7109 5172
f 8487 7104 5198
f 8487 8478 7099
f 8487 5198 5197
f 8487 5200 5199
f 8487 5197 5200
f 8487 7099 7104
f 8487 5199 5201
f 8488 7113 5184
f 8488 8486 7103
f 8488 7103 8477
f 8488 5184 8486
f 8489 5181 5179
f 8489 7106 5183
f 8489 7112 8485
f 8489 7116 7112
f 8489 5179 7116
f 8489 8485 7106
f 8489 5183 5181
f 8490 8491 8492
f 8490 8493 8491
f 8494 7114 8484
f 8495 8492 8491
f 8495 8491 8496
f 8497 7123 7125
f 8497 8498 8499
f 8497 7125 8498
f 8500 7123 8497
f 8501 7124 7131
f 8501 7131 5222
f 8501 7125 7124
f 8501 8498 7125
f 8502 8503 8504
f 8502 8504 8505
f 8506 7128 7123
f 8506 7123 8500
f 8506 8507 7128
f 8508 8507 8506
f 8509 8505 8504
f 8509 8504 8510
f 8511 8512 7147
f 8513 7124 7128
f 8513 7131 7124
f 8513 5268 7131
f 8513 7128 8507
f 8514 8515 8516
f 8514 8517 8515
f 8518 7147 8512
f 8519 8516 8515
f 8519 8515 8520
f 8521 7157 8522
f 8521 7158 7157
f 8523 7158 8521
f 8523 8521 8524
f 8525 8526 8527
f 8525 8528 8526
f 8529 5290 5288
f 8529 7157 5290
f 8529 8522 7157
f 8530 8531 7162
f 8530 7162 7158
f 8530 7158 8523
f 8530 8523 8524
f 8532 8531 8530
f 8533 8527 8526
f 8533 8526 8534
f 8535 8536 7172
f 8537 5305 7169
f 8537 7169 5290
f 8537 5290 7162
f 8538 7162 8531
f 8538 7171 5305
f 8538 8537 7162
f 8538 5305 8537
f 8539 8540 8541
f 8539 8541 8542
f 8543 5292 7167
f 8543 5295 5292
f 8543 7188 5298
f 8543 5298 5295
f 8544 7172 8536
f 8545 7188 8543
f 8545 7167 7182
f 8545 7199 7188
f 8545 8543 7167
f 8546 8541 8547
f 8546 8542 8541
f 8548 5340 5339
f 8548 5339 7205
f 8548 7205 7199
f 8548 8545 7182
f 8548 7199 8545
f 8548 5330 5340
f 8548 7182 5330
f 8549 7200 7202
f 8549 7202 8550
f 8549 8550 8551
f 8552 8550 7202
f 8552 7202 7201
f 8552 7201 7210
f 8552 7210 5326
f 8553 7200 8549
f 8554 8555 8556
f 8554 8557 8555
f 8558 8559 7207
f 8558 7200 8553
f 8558 7207 7200
f 8560 8559 8558
f 8561 8556 8555
f 8561 8555 8562
f 8563 8564 7217
f 8565 7201 7207
f 8565 7207 8559
f 8565 5400 7210
f 8565 7210 7201
f 8566 8567 8568
f 8566 8569 8567
f 8570 7217 8564
f 8571 8568 8567
f 8571 8567 8572
f 8573 7227 8574
f 8573 7225 7227
f 8575 8573 8576
f 8575 7225 8573
f 8577 8574 7227
f 8577 7226 5446
f 8577 7227 7226
f 8578 8579 8580
f 8578 8581 8579
f 8582 8575 8576
f 8582 7228 7225
f 8582 8583 7228
f 8582 7225 8575
f 8584 8583 8582
f 8585 8579 8586
f 8585 8580 8579
f 8587 8588 7237
f 8589 7234 7226
f 8589 5475 7234
f 8589 7226 7228
f 8590 7236 5475
f 8590 5475 8589
f 8590 8589 7228
f 8590 7228 8583
f 8591 8592 8593
f 8591 8593 8594
f 8595 7237 8588
f 8596 8593 8597
f 8596 8594 8593
f 8598 8599 8600
f 8598 7247 8599
f 8598 7245 7247
f 8601 8599 7247
f 8602 7245 8598
f 8603 8604 8605
f 8603 8605 8606
f 8607 7251 7245
f 8607 7245 8602
f 8607 8608 7251
f 8609 8608 8607
f 8610 5497 8601
f 8610 8601 7247
f 8610 7247 7246
f 8610 7252 5497
f 8610 7246 7252
f 8611 8605 8612
f 8611 8606 8605
f 8613 8614 7263
f 8615 7251 8608
f 8615 7246 7251
f 8615 7252 7246
f 8615 5558 7252
f 8616 8617 8618
f 8616 8618 8619
f 8620 7263 8614
f 8621 8618 8622
f 8621 8619 8618
f 8623 7249 7241
f 8624 8625 7249
f 8624 7269 8625
f 8624 7267 7269
f 8624 7249 8623
f 8626 7274 8627
f 8626 7272 7274
f 8628 8626 8629
f 8628 7272 8626
f 8630 7273 7292
f 8630 8627 7274
f 8630 7274 7273
f 8630 7292 5600
f 8631 8632 7277
f 8631 7277 7284
f 8633 7272 8628
f 8633 7280 7272
f 8633 8628 8629
f 8633 8634 7280
f 8635 8636 8623
f 8637 8634 8633
f 8638 8636 8635
f 8639 8638 8635
f 8639 8635 7271
f 8640 7277 7281
f 8640 7283 7277
f 8641 7292 7273
f 8641 7273 7280
f 8641 5641 7292
f 8642 7296 5659
f 8643 7271 7270
f 8643 7270 7279
f 8643 8639 7271
f 8644 7281 7275
f 8645 7280 8634
f 8645 8641 7280
f 8645 5641 8641
f 8645 7297 5641
f 8646 8647 8648
f 8646 8640 7281
f 8646 7281 8644
f 8646 8644 8647
f 8649 7294 7293
f 8649 7295 7294
f 8650 8651 8652
f 8653 5659 7296
f 8653 7296 7295
f 8654 7302 7301
f 8654 8649 7293
f 8655 8643 7279
f 8655 8638 8639
f 8655 8639 8643
f 8656 7303 7304
f 8656 7304 5659
f 8656 5659 8653
f 8656 8653 7295
f 8657 8648 8647
f 8657 8658 8659
f 8660 8655 7279
f 8661 5673 7300
f 8661 7300 7302
f 8662 7298 7305
f 8662 7305 7308
f 8662 7279 7298
f 8663 5673 8661
f 8663 8661 8659
f 8663 7334 5673
f 8663 8664 7334
f 8665 8660 7279
f 8665 8666 8660
f 8667 8668 8652
f 8669 8668 8667
f 8670 8669 8667
f 8671 8664 8672
f 8671 7332 7334
f 8671 8673 7332
f 8671 7334 8664
f 8674 7351 5677
f 8674 5677 7328
f 8674 7333 8675
f 8676 8677 8678
f 8676 8678 8679
f 8680 8681 8677
f 8680 8677 8676
f 8680 8676 8682
f 8683 8675 7333
f 8683 7333 7332
f 8683 8673 8684
f 8683 7332 8673
f 8685 8686 7336
f 8685 7336 7341
f 8687 7353 7351
f 8687 8675 7369
f 8687 7351 8674
f 8687 8674 8675
f 8687 7366 7353
f 8687 7369 7366
f 8688 7342 7343
f 8688 7360 8685
f 8688 7343 7344
f 8688 8685 7341
f 8688 7341 7342
f 8689 8688 7344
f 8689 7360 8688
f 8690 8689 7344
f 8690 7360 8689
f 8691 7344 7346
f 8691 7358 7360
f 8691 7346 7358
f 8691 8690 7344
f 8691 7360 8690
f 8692 8683 8684
f 8692 7369 8675
f 8692 8675 8683
f 8693 7368 7369
f 8693 8692 8684
f 8693 7369 8692
f 8694 7381 7368
f 8694 7368 8693
f 8695 7385 7381
f 8695 7381 8694
f 8696 7360 7359
f 8697 7373 7376
f 8697 7374 7373
f 8697 7375 7374
f 8698 7376 7377
f 8698 7375 8697
f 8698 8697 7376
f 8699 8700 8696
f 8701 7377 7382
f 8701 7382 7386
f 8701 7375 8698
f 8701 8698 7377
f 8702 8703 8704
f 8705 8699 8706
f 8707 8708 8709
f 8710 8703 8702
f 8711 8706 8712
f 8713 8704 8703
f 8713 8707 8704
f 8714 8710 8715
f 8714 8703 8710
f 8714 8716 8703
f 8717 8713 8703
f 8717 8718 8713
f 8719 8717 8703
f 8719 8703 8716
f 8720 8716 8714
f 8720 8721 8716
f 8722 7386 7379
f 8723 5694 7389
f 8723 7388 7387
f 8723 7391 7388
f 8723 7389 7391
f 8723 7387 7383
f 8723 7383 5694
f 8724 8720 8725
f 8724 8721 8720
f 8726 8701 7386
f 8727 8728 8721
f 8727 8724 8725
f 8727 8721 8724
f 8729 8716 8721
f 8729 8719 8716
f 8730 7379 7388
f 8730 8722 7379
f 8730 7394 7393
f 8730 7388 7394
f 8731 8722 8730
f 8731 8730 7393
f 8732 8733 8728
f 8732 8728 8727
f 8734 8729 8721
f 8734 8735 8729
f 8736 1555 1554
f 8736 1554 8737
f 8738 8736 8737
f 8738 1555 8736
f 8738 8737 8718
f 8739 8735 8734
f 8739 8721 8728
f 8739 8734 8721
f 8740 8738 8741
f 8740 8741 8735
f 8740 1555 8738
f 8742 8739 8728
f 8742 8728 8733
f 8743 8744 8745
f 8746 7388 7391
f 8746 7394 7388
f 8747 8748 8742
f 8747 8742 8733
f 8749 8744 8743
f 8749 8750 8744
f 8751 1555 8740
f 8751 1556 1555
f 8752 8751 8740
f 8752 1556 8751
f 8752 8740 8735
f 8753 8754 8750
f 8753 8750 8749
f 8755 8749 8743
f 8756 8748 8747
f 8756 8747 8733
f 8757 1556 8752
f 8757 8752 8758
f 8759 7394 8746
f 8760 8748 8756
f 8761 8759 8746
f 8761 8746 7391
f 8761 7391 7390
f 8762 1557 1556
f 8762 1556 8757
f 8763 7392 7394
f 8763 7394 8759
f 8764 8757 8748
f 8764 1557 8762
f 8764 8748 8760
f 8764 8762 8757
f 8765 7390 7397
f 8765 8761 7390
f 8765 7397 7399
f 8766 8767 8768
f 8769 5700 7395
f 8769 7392 8763
f 8769 8766 8768
f 8769 8763 5700
f 8769 8768 7392
f 8770 8771 7414
f 8772 7399 7400
f 8772 7400 7401
f 8772 7401 7405
f 8772 8765 7399
f 8773 5697 5696
f 8773 8774 5697
f 8773 5696 7411
f 8775 8772 7405
f 8775 7405 7420
f 8776 8775 7420
f 8777 7416 7417
f 8778 8777 7417
f 8778 7417 7415
f 8779 5697 8774
f 8779 8774 7403
f 8779 7403 7402
f 8779 5695 5697
f 8780 7412 8781
f 8780 7425 7412
f 8782 8779 7402
f 8782 5695 8779
f 8782 7402 7418
f 8783 5698 5700
f 8783 7420 7419
f 8783 5700 8776
f 8783 8776 7420
f 8783 7422 7426
f 8783 7419 7422
f 8784 8780 8785
f 8784 7425 8780
f 8784 7438 7425
f 8786 7438 8784
f 8786 8787 7438
f 8786 8784 8785
f 8788 7407 5695
f 8788 5695 8782
f 8788 7424 7407
f 8788 8782 7418
f 8788 7418 7428
f 8788 7428 7424
f 8789 8785 8778
f 8789 8778 7415
f 8789 8786 8785
f 8789 8787 8786
f 8789 7427 8787
f 8789 7415 7427
f 8790 5698 8783
f 8790 8783 7426
f 8790 7423 5698
f 8791 7409 7408
f 8791 7408 7424
f 8791 5706 5708
f 8791 7424 5706
f 8791 5708 7433
f 8791 7433 7409
f 8792 1384 7439
f 8792 8790 7426
f 8792 1381 1382
f 8792 1382 1383
f 8792 1383 1384
f 8792 7426 1381
f 8793 7437 7438
f 8793 7447 7442
f 8793 7442 7437
f 8793 7438 8787
f 8794 5725 7447
f 8794 8793 8787
f 8794 8787 7427
f 8794 7447 8793
f 8794 7427 7433
f 8794 5710 5725
f 8794 7433 5710
f 8795 7443 7429
f 8795 7448 7443
f 8795 5702 5704
f 8795 7429 5702
f 8796 7448 8795
f 8796 8795 7440
f 8796 1390 7448
f 8796 1387 1388
f 8796 1388 1389
f 8796 1389 1390
f 8796 7440 1387
f 8797 5775 5785
f 8797 5785 7456
f 8797 5776 5775
f 8797 5778 5776
f 8797 7456 5778
f 8798 3147 3124
f 8798 5790 3172
f 8798 7457 5790
f 8798 3124 7456
f 8798 3172 3147
f 8798 7456 7457
f 8799 3318 3327
f 8799 1933 3318
f 8799 3328 7463
f 8799 3327 3328
f 8799 7463 7461
f 8799 7461 5816
f 8799 5816 1933
f 8800 7462 7466
f 8800 7466 7473
f 8800 7473 7477
f 8800 7477 5852
f 8800 7468 7467
f 8800 7464 7462
f 8800 7467 7464
f 8800 5852 7468
f 8801 7472 5846
f 8801 5839 7465
f 8801 5853 3339
f 8801 5846 5853
f 8801 7465 7472
f 8802 5869 5868
f 8802 7487 5869
f 8803 3390 7486
f 8803 7486 7479
f 8804 8802 5868
f 8804 7501 7500
f 8805 7501 8804
f 8805 5868 7489
f 8805 7505 7501
f 8805 8804 5868
f 8806 3390 8803
f 8807 8805 7489
f 8807 7505 8805
f 8807 7489 7491
f 8807 7491 5896
f 8807 7515 7505
f 8807 5896 7515
f 8808 8806 8809
f 8810 8808 8809
f 8811 8812 8813
f 8811 7498 7495
f 8811 7508 7498
f 8814 7510 8815
f 8814 7499 7510
f 8814 8816 7499
f 8817 7504 7505
f 8817 7505 7515
f 8817 7506 7504
f 8818 8813 8812
f 8819 8817 7515
f 8819 7506 8817
f 8820 7508 8811
f 8820 8811 8813
f 8820 7509 7508
f 8821 7515 7514
f 8821 8819 7515
f 8822 8815 7510
f 8822 7510 7513
f 8822 7513 8823
f 8824 8815 8822
f 8824 8818 8815
f 8824 8822 8825
f 8826 7509 8820
f 8826 7517 7509
f 8826 7520 7517
f 8827 8821 7514
f 8827 8828 8821
f 8827 7514 5946
f 8829 8830 8825
f 8829 8822 8823
f 8829 8825 8822
f 8831 7520 8826
f 8832 8829 8823
f 8832 8830 8829
f 8833 8830 8832
f 8833 8832 8823
f 8834 8825 8830
f 8835 8836 7527
f 8835 8834 8836
f 8837 8834 8830
f 8837 8836 8834
f 8838 8836 8837
f 8839 7525 7524
f 8839 5946 7525
f 8840 7545 8836
f 8840 8838 8841
f 8840 8836 8838
f 8840 7548 7545
f 8842 8840 8841
f 8842 7548 8840
f 8843 8836 7545
f 8843 7527 8836
f 8843 7526 7527
f 8843 7536 7526
f 8844 7525 5946
f 8844 7523 7525
f 8844 5946 5945
f 8844 7537 7523
f 8845 7552 8846
f 8847 7539 7537
f 8847 5945 7539
f 8847 7537 8844
f 8847 8844 5945
f 8848 8845 7524
f 8848 7552 8845
f 8848 7524 7523
f 8848 7523 7538
f 8849 7545 7544
f 8849 7536 8843
f 8849 7544 7536
f 8849 8843 7545
f 8850 7576 7550
f 8850 7522 5958
f 8850 5930 7522
f 8850 5978 5930
f 8850 5958 7576
f 8850 7550 5978
f 8851 7554 7539
f 8851 7539 5965
f 8852 7552 8848
f 8852 7569 7562
f 8852 7562 7555
f 8852 8848 7538
f 8852 7555 7552
f 8853 7538 7537
f 8853 7569 8852
f 8853 8852 7538
f 8854 7536 7544
f 8854 7544 7560
f 8854 7560 1413
f 8854 7535 7536
f 8854 1413 7535
f 8855 7537 7554
f 8855 7569 8853
f 8855 8853 7537
f 8856 5965 7549
f 8856 8857 8858
f 8859 7553 7561
f 8859 7570 7546
f 8859 7579 7570
f 8859 7546 7553
f 8860 8857 8856
f 8860 8856 7549
f 8860 7549 7550
f 8861 8857 8860
f 8861 8860 7550
f 8861 7586 7585
f 8861 7585 8857
f 8862 7569 8855
f 8863 7561 7565
f 8863 8859 7561
f 8863 7579 8859
f 8863 7565 7578
f 8863 7578 7579
f 8864 5984 5981
f 8864 7587 5984
f 8864 5981 3456
f 8865 7550 7576
f 8865 8861 7550
f 8865 7586 8861
f 8865 7576 7577
f 8866 5988 5993
f 8866 5986 5988
f 8866 7588 7558
f 8866 7558 5986
f 8866 5993 7588
f 8867 8868 8858
f 8869 7585 7584
f 8869 7584 7597
f 8869 7597 8867
f 8869 8867 8858
f 8869 8858 8857
f 8869 8857 7585
f 8870 8868 8867
f 8870 8867 8871
f 8872 7583 7591
f 8872 7581 7583
f 8872 7593 7565
f 8872 7601 7593
f 8872 7591 7601
f 8872 7571 7581
f 8872 7565 7571
f 8873 7587 8864
f 8873 7610 7587
f 8874 7577 8875
f 8874 7598 7586
f 8874 7586 8865
f 8874 8865 7577
f 8876 8873 8864
f 8876 8864 3456
f 8876 7610 8873
f 8877 7566 7588
f 8877 3473 7566
f 8878 7575 7582
f 8878 7582 7607
f 8878 8875 7577
f 8878 7607 8875
f 8878 7577 7575
f 8879 8880 8881
f 8882 3472 6000
f 8882 6000 7610
f 8882 3456 3472
f 8882 8876 3456
f 8882 7610 8876
f 8883 7609 7600
f 8883 7600 7574
f 8884 8880 8879
f 8885 7609 8883
f 8885 8881 8880
f 8885 8883 8881
f 8886 8884 8871
f 8886 8887 8880
f 8886 8880 8884
f 8888 7602 7598
f 8888 7598 8874
f 8888 8874 8875
f 8889 7597 7596
f 8889 8890 8891
f 8889 8891 7597
f 8892 8877 7588
f 8892 7599 5996
f 8892 7588 7599
f 8892 5996 3509
f 8893 7607 7582
f 8893 7594 7595
f 8893 7595 7605
f 8893 7605 7607
f 8893 7582 7594
f 8894 8890 8889
f 8894 7596 7602
f 8894 7602 8895
f 8894 8889 7596
f 8896 7591 7590
f 8896 7604 7591
f 8896 7590 7600
f 8897 7607 7606
f 8897 7606 7614
f 8897 8875 7607
f 8898 8897 7614
f 8898 8888 8875
f 8898 7614 7613
f 8898 8875 8897
f 8899 8900 8901
f 8902 7608 7609
f 8902 7611 7608
f 8903 8896 7600
f 8903 7600 7608
f 8904 8890 8894
f 8904 8894 8895
f 8904 8900 8899
f 8904 8899 8890
f 8905 7620 7611
f 8905 7611 8902
f 8906 8904 8895
f 8907 7606 7605
f 8907 8908 8909
f 8907 7615 7606
f 8907 8909 7615
f 8910 8911 8908
f 8910 7595 8911
f 8910 7605 7595
f 8910 8908 8907
f 8910 8907 7605
f 8912 7618 8906
f 8913 8911 7595
f 8913 7595 7610
f 8913 6025 8911
f 8914 6006 6005
f 8914 6005 8903
f 8914 8903 7608
f 8914 7611 6006
f 8914 7608 7611
f 8915 8912 7612
f 8915 7618 8912
f 8916 7619 7624
f 8917 7624 7620
f 8917 8916 7624
f 8917 8901 8916
f 8917 7620 8905
f 8918 7610 7621
f 8918 7621 6020
f 8918 6020 6025
f 8918 8913 7610
f 8918 6025 8913
f 8919 8920 7617
f 8919 7617 7618
f 8919 8915 7612
f 8919 7618 8915
f 8919 7612 7615
f 8921 8920 8919
f 8921 8919 7615
f 8921 7615 8909
f 8922 7631 8920
f 8922 7629 7631
f 8922 7632 7629
f 8922 8920 8921
f 8922 8921 8909
f 8923 7627 7632
f 8923 8909 8908
f 8923 7632 8922
f 8923 8922 8909
f 8924 7627 8923
f 8924 8908 8911
f 8924 6025 6024
f 8924 6024 7627
f 8924 8911 6025
f 8924 8923 8908
f 8925 7617 8920
f 8925 8920 7631
f 8925 7631 7630
f 8925 7630 7635
f 8925 7635 7617
f 8926 6030 6032
f 8926 6032 3560
f 8926 3560 3559
f 8926 6047 7639
f 8926 3559 6047
f 8926 7639 6030
f 8927 7629 7633
f 8927 6051 7637
f 8927 7630 7629
f 8927 7637 7630
f 8927 7633 6051
f 8928 7633 7634
f 8928 6051 7633
f 8929 6051 8928
f 8929 8928 7634
f 8929 7636 6038
f 8929 7634 7636
f 8929 6048 7640
f 8929 7640 6051
f 8929 6038 6048
f 8930 6022 8931
f 8930 6026 6022
f 8930 7644 6026
f 8932 6046 6050
f 8932 6050 7640
f 8933 8930 8931
f 8934 7642 6046
f 8934 8932 7640
f 8934 7641 6054
f 8934 7640 7641
f 8934 6054 7642
f 8934 6046 8932
f 8935 6039 7643
f 8935 6049 6039
f 8936 7643 7644
f 8937 8938 8939
f 8940 6055 6049
f 8940 7651 6055
f 8941 8939 7648
f 8941 8937 8939
f 8941 7648 7650
f 8942 8943 8936
f 8942 7650 7647
f 8944 7648 8939
f 8944 8939 8945
f 8944 7655 7648
f 8946 8947 7651
f 8946 7658 8947
f 8948 8944 8945
f 8949 7647 7649
f 8949 7649 8950
f 8951 6071 3577
f 8951 6075 6071
f 8951 3577 7651
f 8951 7651 8947
f 8952 8950 7649
f 8952 7649 7654
f 8953 7659 6075
f 8953 7657 7659
f 8953 8951 8947
f 8953 6075 8951
f 8953 7658 7657
f 8953 8947 7658
f 8954 7654 7655
f 8955 8956 7663
f 8955 8957 8956
f 8955 7663 7665
f 8958 7666 7661
f 8958 8959 7666
f 8958 7661 8950
f 8960 8961 8954
f 8960 7665 7662
f 8962 7663 8956
f 8962 8956 8963
f 8962 7673 7663
f 8964 8962 8963
f 8965 7662 7664
f 8965 7664 8966
f 8967 7674 8968
f 8967 8968 8959
f 8969 7667 7666
f 8969 7676 7667
f 8969 7666 8959
f 8970 8966 7664
f 8970 7664 7672
f 8971 7675 7674
f 8971 8966 7675
f 8972 8969 8959
f 8972 7676 8969
f 8972 8959 8968
f 8973 7672 7673
f 8974 8972 8968
f 8974 6117 8972
f 8975 8976 8977
f 8978 7675 8966
f 8978 7683 7675
f 8979 6117 8974
f 8979 8974 8968
f 8979 6121 6120
f 8979 7674 6121
f 8979 8968 7674
f 8979 6120 6117
f 8980 8975 8977
f 8980 8977 7681
f 8980 7681 7680
f 8981 7680 7679
f 8981 8982 8973
f 8983 7687 7681
f 8983 7681 8977
f 8983 8977 8984
f 8985 7690 8986
f 8985 8986 7683
f 8987 8983 8984
f 8988 7682 8989
f 8988 7679 7682
f 8990 6121 7683
f 8990 7683 8986
f 8990 6125 6121
f 8990 6126 6125
f 8991 8990 8986
f 8991 6126 8990
f 8992 8989 7682
f 8992 7682 7686
f 8993 7688 7690
f 8993 7692 7688
f 8993 8989 7692
f 8994 7689 7693
f 8994 7690 7689
f 8994 8986 7690
f 8994 8991 8986
f 8994 6126 8991
f 8995 7686 7687
f 8996 8997 7695
f 8996 8998 8997
f 8996 7695 7697
f 8999 9000 8995
f 8999 7697 7694
f 9001 7702 7695
f 9001 7695 8997
f 9001 8997 9002
f 9003 9001 9002
f 9004 7696 9005
f 9004 7694 7696
f 9006 7704 9007
f 9006 9007 7700
f 9008 7696 7701
f 9008 9005 7696
f 9009 7705 7704
f 9009 9005 7705
f 9010 7700 9007
f 9010 7706 7699
f 9010 7699 7700
f 9011 7701 7702
f 9012 9013 9014
f 9015 9007 7704
f 9015 7704 6145
f 9015 9010 9007
f 9015 6145 6143
f 9015 6143 6144
f 9016 7711 7705
f 9016 7705 9005
f 9017 9012 9014
f 9017 9014 7709
f 9017 7709 7708
f 9018 7708 7707
f 9018 9019 9011
f 9020 7709 9014
f 9020 9014 9021
f 9020 7713 7709
f 9022 9023 7711
f 9022 7716 9023
f 9024 9020 9021
f 9025 7710 9026
f 9025 7707 7710
f 9027 6151 6148
f 9027 7711 9023
f 9027 6148 6145
f 9027 6145 7711
f 9028 9026 7710
f 9028 7710 7712
f 9029 7715 7717
f 9029 6151 9027
f 9029 9023 7716
f 9029 9027 9023
f 9029 7717 6151
f 9029 7716 7715
f 9030 7712 7713
f 9031 9032 7721
f 9031 9033 9032
f 9031 7721 7723
f 9034 7724 7719
f 9034 9035 7724
f 9034 7719 9026
f 9036 9037 9030
f 9036 7723 7720
f 9038 9032 9039
f 9038 7734 7721
f 9038 7721 9032
f 9040 6155 6157
f 9040 7732 6168
f 9040 6168 6155
f 9040 7731 7732
f 9040 6157 7731
f 9041 9038 9039
f 9042 7722 9043
f 9042 7720 7722
f 9044 9045 9035
f 9044 7735 9045
f 9046 7725 7724
f 9046 7724 9035
f 9046 7737 7725
f 9047 6171 7726
f 9047 7726 7732
f 9047 3700 6171
f 9048 7722 7733
f 9048 9043 7722
f 9049 7736 7735
f 9049 9043 7736
f 9050 9035 9045
f 9050 9046 9035
f 9051 7733 7734
f 9052 9050 9045
f 9052 6178 9050
f 9053 9054 9055
f 9056 7746 7736
f 9056 7736 9043
f 9057 6180 6178
f 9057 6178 9052
f 9057 9052 9045
f 9058 9057 9045
f 9058 6182 6180
f 9058 7735 6182
f 9058 9045 7735
f 9058 6180 9057
f 9059 9055 7743
f 9059 9053 9055
f 9059 7743 7745
f 9060 7745 7742
f 9060 9061 9051
f 9062 7741 3728
f 9062 3728 3730
f 9062 9047 7732
f 9062 7732 7741
f 9063 7749 7743
f 9063 9055 9064
f 9063 7743 9055
f 9065 7752 9066
f 9065 9066 7746
f 9067 9063 9064
f 9068 7742 7744
f 9068 7744 9069
f 9070 6182 7746
f 9070 7746 9066
f 9070 6187 6182
f 9070 6189 6187
f 9071 7744 7748
f 9071 9069 7744
f 9072 9066 7752
f 9072 7752 7751
f 9072 7751 7754
f 9072 6189 9070
f 9072 9070 9066
f 9073 7748 7749
f 9074 9075 9076
f 9074 7756 7758
f 9074 9076 7756
f 9077 9078 9073
f 9077 7758 7755
f 9079 7763 7756
f 9079 9076 9080
f 9079 7756 9076
f 9081 9079 9080
f 9082 7755 7757
f 9082 7757 9083
f 9084 7765 9085
f 9084 9085 7761
f 9086 7757 7762
f 9086 9083 7757
f 9087 7766 7765
f 9087 9083 7766
f 9088 7761 9085
f 9088 7760 7761
f 9088 7767 7760
f 9089 7762 7763
f 9090 9091 9092
f 9093 9085 7765
f 9093 6212 6213
f 9093 7765 6215
f 9093 6215 6212
f 9093 9088 9085
f 9094 7766 9083
f 9094 7772 7766
f 9095 7770 7769
f 9095 9092 7770
f 9095 9090 9092
f 9096 7769 7768
f 9096 9097 9089
f 9098 7774 7770
f 9098 7770 9092
f 9098 9092 9099
f 9100 9101 7772
f 9100 7777 9101
f 9102 9098 9099
f 9103 7768 7771
f 9103 7771 9104
f 9105 7772 9101
f 9105 6215 7772
f 9105 6222 6215
f 9106 7771 7773
f 9106 9104 7771
f 9107 7776 7778
f 9107 6222 9105
f 9107 9105 9101
f 9107 7777 7776
f 9107 9101 7777
f 9107 7778 6222
f 9108 7773 7774
f 9109 9110 9111
f 9109 9111 7782
f 9109 7782 7784
f 9112 9113 7785
f 9112 7780 9104
f 9112 7785 7780
f 9114 9115 9108
f 9114 7784 7781
f 9116 7789 7782
f 9116 9111 9117
f 9116 7782 9111
f 9118 9116 9117
f 9119 7783 9120
f 9119 7781 7783
f 9121 9122 9113
f 9121 7790 9122
f 9123 7785 9113
f 9123 7786 7785
f 9123 7792 7786
f 9124 7783 7788
f 9124 9120 7783
f 9125 7791 7790
f 9125 9120 7791
f 9126 9113 9122
f 9126 9123 9113
f 9127 7788 7789
f 9128 3814 2534
f 9128 7799 7793
f 9128 6236 7799
f 9128 2535 6236
f 9128 2534 2535
f 9128 3815 3814
f 9128 7793 3815
f 9129 6238 9126
f 9129 9126 9122
f 9130 9131 9132
f 9133 6238 9129
f 9133 6241 6238
f 9133 9129 9122
f 9134 7798 7791
f 9134 7791 9120
f 9135 9122 7790
f 9135 7790 6243
f 9135 6243 6241
f 9135 9133 9122
f 9135 6241 9133
f 9136 7796 7795
f 9136 9132 7796
f 9136 9130 9132
f 9137 9138 9127
f 9137 7795 7794
f 9139 7801 7796
f 9139 7796 9132
f 9139 9132 9140
f 9141 9142 7798
f 9141 7804 9142
f 9143 9139 9140
f 9144 7794 7797
f 9144 7797 9145
f 9146 6254 6243
f 9146 6243 7798
f 9146 7798 9142
f 9146 6261 6254
f 9147 7797 7800
f 9147 9145 7797
f 9148 9146 9142
f 9148 6261 9146
f 9148 9142 7804
f 9148 7804 7803
f 9148 7803 7806
f 9149 7800 7801
f 9150 9151 9152
f 9150 7808 7810
f 9150 9152 7808
f 9153 9154 9149
f 9153 7810 7807
f 9155 9152 9156
f 9155 7808 9152
f 9155 7816 7808
f 9157 9155 9156
f 9158 7807 7809
f 9158 7809 9159
f 9160 9161 7814
f 9160 7817 9161
f 9162 7809 7815
f 9162 9159 7809
f 9163 9159 7818
f 9163 7818 7817
f 9164 7812 7814
f 9164 7814 9161
f 9164 7819 7812
f 9165 7815 7816
f 9166 9167 9168
f 9169 9164 9161
f 9170 7818 9159
f 9170 7824 7818
f 9171 6301 9169
f 9171 9169 9161
f 9171 7817 6303
f 9171 9161 7817
f 9171 6303 6300
f 9171 6300 6301
f 9172 9168 7821
f 9172 9166 9168
f 9172 7821 7823
f 9173 9174 9165
f 9173 7823 7820
f 9175 7821 9168
f 9175 7826 7821
f 9175 9168 9176
f 9177 7829 9178
f 9177 9178 7824
f 9179 9175 9176
f 9180 7822 9181
f 9180 7820 7822
f 9182 6306 6303
f 9182 6303 7824
f 9182 7824 9178
f 9183 9181 7822
f 9183 7822 7825
f 9184 9178 7829
f 9184 7830 6306
f 9184 7828 7830
f 9184 9182 9178
f 9184 6306 9182
f 9184 7829 7828
f 9185 7825 7826
f 9186 9187 9188
f 9186 9188 7834
f 9186 7834 7836
f 9189 9190 7837
f 9189 7837 7832
f 9189 7832 9181
f 9191 7836 7833
f 9191 9192 9185
f 9193 9188 9194
f 9193 7834 9188
f 9193 7841 7834
f 9195 9193 9194
f 9196 7833 7835
f 9196 7835 9197
f 9198 7843 9199
f 9198 9199 9190
f 9200 7837 9190
f 9200 7838 7837
f 9200 7842 7838
f 9201 7835 7840
f 9201 9197 7835
f 9202 9200 9190
f 9202 9190 9199
f 9203 7844 7843
f 9203 9197 7844
f 9204 7840 7841
f 9205 9202 9199
f 9205 6318 9202
f 9206 9207 9208
f 9209 9205 9199
f 9209 6318 9205
f 9209 6322 6318
f 9210 7849 7844
f 9210 7844 9197
f 9211 9209 9199
f 9211 9199 7843
f 9211 6322 9209
f 9211 7843 6324
f 9211 6324 6322
f 9212 9208 7847
f 9212 7847 7846
f 9212 9206 9208
f 9213 9214 9204
f 9213 7846 7845
f 9215 7847 9208
f 9215 7851 7847
f 9215 9208 9216
f 9217 9218 7849
f 9217 7854 9218
f 9219 9215 9216
f 9220 7848 9221
f 9220 7845 7848
f 9222 7849 9218
f 9222 6324 7849
f 9222 6328 6324
f 9222 6330 6328
f 9223 9221 7848
f 9223 7848 7850
f 9224 7853 7856
f 9224 9222 9218
f 9224 7854 7853
f 9224 9218 7854
f 9225 7850 7851
f 9226 9227 7859
f 9226 9228 9227
f 9226 7859 7858
f 9229 7858 7857
f 9229 9230 9225
f 9231 7859 9227
f 9231 7867 7859
f 9231 9227 9232
f 9233 9231 9232
f 9234 7860 9235
f 9234 7857 7860
f 9236 7868 9237
f 9236 9237 7864
f 9238 9235 7860
f 9238 7860 7866
f 9239 9235 7869
f 9239 7869 7868
f 9240 7871 3988
f 9240 3960 6349
f 9240 3988 4002
f 9240 4002 3960
f 9240 7863 7871
f 9240 6349 7863
f 9241 7872 7862
f 9241 7862 7864
f 9241 7864 9237
f 9242 7866 7867
f 9243 9244 9245
f 9246 9241 9237
f 9247 7869 9235
f 9247 7878 7869
f 9248 7868 6361
f 9248 9237 7868
f 9248 6363 9246
f 9248 9246 9237
f 9248 6361 6360
f 9248 6360 6363
f 9249 7876 7875
f 9249 9243 9245
f 9249 9245 7876
f 9250 7875 7874
f 9250 9251 9242
f 9252 7880 7876
f 9252 9245 9253
f 9252 7876 9245
f 9254 6368 6367
f 9254 6361 7878
f 9254 6367 6361
f 9255 9252 9253
f 9256 9257 7878
f 9256 9258 9257
f 9259 7877 9260
f 9259 7874 7877
f 9261 7878 9257
f 9261 9254 7878
f 9261 6368 9254
f 9262 9260 7877
f 9262 7877 7879
f 9263 9260 7888
f 9263 7886 9258
f 9263 7888 7886
f 9264 9257 9258
f 9264 9261 9257
f 9264 6368 9261
f 9265 7879 7880
f 9266 9267 9268
f 9266 7883 7882
f 9266 9268 7883
f 9269 7888 9260
f 9269 7885 7888
f 9269 9270 7885
f 9271 7882 7881
f 9271 9272 9265
f 9273 9268 9274
f 9273 7890 7883
f 9273 7883 9268
f 9275 9273 9274
f 9276 7881 7884
f 9276 7884 9277
f 9278 7892 9279
f 9278 9279 9270
f 9280 7887 7885
f 9280 7885 9270
f 9280 7891 7887
f 9281 7884 7889
f 9281 9277 7884
f 9282 9270 9279
f 9282 9280 9270
f 9283 9277 7893
f 9283 7893 7892
f 9284 7889 7890
f 9285 6380 9282
f 9285 9282 9279
f 9286 9287 9288
f 9289 6380 9285
f 9289 9285 9279
f 9289 6392 6380
f 9290 7893 9277
f 9290 7898 7893
f 9291 9289 9279
f 9291 6392 9289
f 9291 9279 7892
f 9291 7892 6393
f 9291 6393 6392
f 9292 9288 7896
f 9292 7896 7895
f 9292 9286 9288
f 9293 9294 9284
f 9293 7895 7894
f 9295 7896 9288
f 9295 7900 7896
f 9295 9288 9296
f 9297 9298 7898
f 9297 7903 9298
f 9299 9295 9296
f 9300 7894 7897
f 9300 7897 9301
f 9302 6393 7898
f 9302 7898 9298
f 9302 6396 6393
f 9302 6397 6396
f 9303 6397 9302
f 9303 9302 9298
f 9304 7897 7899
f 9304 9301 7897
f 9305 9303 9298
f 9305 7902 7905
f 9305 9298 7903
f 9305 7903 7902
f 9306 7899 7900
f 9307 9308 7908
f 9307 9309 9308
f 9307 7908 7907
f 9310 7907 7906
f 9310 9311 9306
f 9312 7908 9308
f 9312 7916 7908
f 9312 9308 9313
f 9314 9312 9313
f 9315 7906 7909
f 9315 7909 9316
f 9317 9318 7913
f 9317 7917 9318
f 9319 7909 7915
f 9319 9316 7909
f 9320 9316 7918
f 9320 7918 7917
f 9321 7913 9318
f 9321 7911 7913
f 9321 7920 7911
f 9322 7915 7916
f 9323 9324 9325
f 9326 9318 7917
f 9326 7917 6427
f 9326 9321 9318
f 9326 6425 6420
f 9326 6427 6425
f 9327 7918 9316
f 9327 7927 7918
f 9328 9323 9325
f 9328 7925 7924
f 9328 9325 7925
f 9329 9330 9322
f 9329 7924 7923
f 9331 9325 9332
f 9331 7931 7925
f 9331 7925 9325
f 9333 6446 6427
f 9333 6427 7927
f 9333 7927 9334
f 9335 9331 9332
f 9336 9334 7927
f 9336 9337 9334
f 9338 7926 9339
f 9338 7923 7926
f 9340 6449 6446
f 9340 6446 9333
f 9340 9333 9334
f 9341 6449 9340
f 9341 9340 9334
f 9342 9339 7926
f 9342 7926 7930
f 9343 9339 7937
f 9343 7937 7934
f 9343 7934 9337
f 9344 7930 7931
f 9345 6450 6452
f 9345 6433 6450
f 9345 6452 6461
f 9345 7932 6433
f 9345 6461 7932
f 9346 6449 9341
f 9346 9334 9337
f 9346 9341 9334
f 9347 9346 9337
f 9347 7934 7935
f 9347 9337 7934
f 9347 7935 7942
f 9348 7939 7941
f 9348 9349 7939
f 9348 9350 9349
f 9351 9352 9344
f 9351 7941 7938
f 9353 7939 9349
f 9353 9349 9354
f 9353 7947 7939
f 9355 9353 9354
f 9356 7940 9357
f 9356 7938 7940
f 9358 9359 7945
f 9358 7948 9359
f 9360 9357 7940
f 9360 7940 7946
f 9361 9357 7949
f 9361 7949 7948
f 9362 7946 7947
f 9363 7951 7944
f 9363 6469 7951
f 9363 7944 7945
f 9363 7945 9359
f 9364 9365 9366
f 9367 7949 9357
f 9367 7956 7949
f 9368 6470 6469
f 9368 6469 9363
f 9368 9363 9359
f 9368 7948 6470
f 9368 9359 7948
f 9369 7954 7953
f 9369 9366 7954
f 9369 9364 9366
f 9370 7953 7952
f 9370 9371 9362
f 9372 9366 9373
f 9372 7958 7954
f 9372 7954 9366
f 9374 9375 7956
f 9374 7961 9375
f 9376 9372 9373
f 9377 7955 9378
f 9377 7952 7955
f 9379 6474 6470
f 9379 6470 7956
f 9379 7956 9375
f 9379 6475 6474
f 9380 9379 9375
f 9380 6475 9379
f 9381 9378 7955
f 9381 7955 7957
f 9382 7961 7960
f 9382 9380 9375
f 9382 9375 7961
f 9382 7960 7962
f 9383 7957 7958
f 9384 9385 7966
f 9384 9386 9385
f 9384 7966 7965
f 9387 7965 7964
f 9387 9388 9383
f 9389 7966 9385
f 9389 9385 9390
f 9389 7972 7966
f 9391 9389 9390
f 9392 7964 7967
f 9392 7967 9393
f 9394 9395 7970
f 9394 7973 9395
f 9396 9393 7967
f 9396 7967 7971
f 9397 9393 7974
f 9397 7974 7973
f 9398 7969 7970
f 9398 7970 9395
f 9398 7975 7969
f 9399 7971 7972
f 9400 9401 9402
f 9403 6495 6490
f 9403 7973 6496
f 9403 9395 7973
f 9403 6490 9398
f 9403 9398 9395
f 9403 6496 6495
f 9404 7974 9393
f 9404 7980 7974
f 9405 9400 9402
f 9405 7977 7979
f 9405 9402 7977
f 9406 7979 7976
f 9406 9407 9399
f 9408 7982 7977
f 9408 9402 9409
f 9408 7977 9402
f 9410 6501 6496
f 9410 7980 9411
f 9410 6496 7980
f 9412 9408 9409
f 9413 9411 7980
f 9413 9414 9411
f 9415 7978 9416
f 9415 7976 7978
f 9417 6505 6501
f 9417 6501 9410
f 9417 9410 9411
f 9418 9417 9411
f 9418 6505 9417
f 9419 9416 7978
f 9419 7978 7981
f 9420 9416 7986
f 9420 7986 7983
f 9420 7983 9414
f 9421 7981 7982
f 9422 6505 9418
f 9422 9411 9414
f 9422 9418 9411
f 9423 9422 9414
f 9423 7984 7991
f 9423 7983 7984
f 9423 9414 7983
f 9424 9425 9426
f 9424 9426 7988
f 9424 7988 7990
f 9427 9428 9421
f 9427 7990 7987
f 9429 7988 9426
f 9429 9426 9430
f 9429 7998 7988
f 9431 9429 9430
f 9432 7989 9433
f 9432 7987 7989
f 9434 8000 9435
f 9434 9435 7995
f 9436 6524 7994
f 9436 8005 6524
f 9436 6520 6527
f 9436 6527 8005
f 9436 7994 6520
f 9437 7989 7997
f 9437 9433 7989
f 9438 8001 8000
f 9438 9433 8001
f 9439 7997 7998
f 9440 7995 9435
f 9440 7993 7995
f 9440 6534 8004
f 9440 8004 7993
f 9441 9442 9443
f 9444 8011 8001
f 9444 8001 9433
f 9445 8000 6536
f 9445 9435 8000
f 9445 9440 9435
f 9445 6534 9440
f 9445 6536 6534
f 9446 9443 8009
f 9446 9441 9443
f 9446 8009 8008
f 9447 9448 9439
f 9447 8008 8007
f 9449 8009 9443
f 9449 8016 8009
f 9449 9443 9450
f 9451 9452 8011
f 9451 8019 9452
f 9453 9449 9450
f 9454 8010 9455
f 9454 8007 8010
f 9456 6540 6536
f 9456 6536 8011
f 9456 8011 9452
f 9456 6541 6540
f 9457 6541 9456
f 9457 9456 9452
f 9458 9455 8010
f 9458 8010 8015
f 9459 8018 8020
f 9459 8019 8018
f 9459 9452 8019
f 9459 9457 9452
f 9460 8015 8016
f 9461 9462 9463
f 9461 8023 8025
f 9461 9463 8023
f 9464 9465 9460
f 9464 8025 8022
f 9466 8030 8023
f 9466 9463 9467
f 9466 8023 9463
f 9468 9466 9467
f 9469 8022 8024
f 9469 8024 9470
f 9471 9472 8028
f 9471 8031 9472
f 9473 9470 8024
f 9473 8024 8029
f 9474 9470 8032
f 9474 8032 8031
f 9475 8027 8028
f 9475 8028 9472
f 9475 8033 8027
f 9476 8029 8030
f 9477 9478 9479
f 9480 6563 9475
f 9480 9475 9472
f 9480 6564 6563
f 9480 6565 6564
f 9480 8031 6565
f 9480 9472 8031
f 9481 8032 9470
f 9481 8038 8032
f 9482 8036 8035
f 9482 9477 9479
f 9482 9479 8036
f 9483 8035 8034
f 9483 9484 9476
f 9485 8040 8036
f 9485 9479 9486
f 9485 8036 9479
f 9487 6565 8038
f 9487 8038 9488
f 9487 6568 6565
f 9489 9485 9486
f 9490 9491 9488
f 9490 9488 8038
f 9492 8034 8037
f 9492 8037 9493
f 9494 6571 6568
f 9494 9487 9488
f 9494 6568 9487
f 9495 9494 9488
f 9495 6571 9494
f 9496 8037 8039
f 9496 9493 8037
f 9497 8044 8041
f 9497 9493 8044
f 9497 8041 9491
f 9498 8039 8040
f 9499 9495 9488
f 9499 9488 9491
f 9499 6571 9495
f 9500 8042 8045
f 9500 8041 8042
f 9500 9499 9491
f 9500 9491 8041
f 9501 9502 9503
f 9501 8048 8047
f 9501 9503 8048
f 9504 9505 9498
f 9504 8047 8046
f 9506 9503 9507
f 9506 8056 8048
f 9506 8048 9503
f 9508 9506 9507
f 9509 8046 8049
f 9509 8049 9510
f 9511 8058 9512
f 9511 9512 8052
f 9513 9510 8049
f 9513 8049 8055
f 9514 8059 8058
f 9514 9510 8059
f 9515 8055 8056
f 9516 8051 8052
f 9516 8052 9512
f 9516 6591 8062
f 9516 8062 8051
f 9517 9518 9519
f 9520 8070 8059
f 9520 8059 9510
f 9521 9512 8058
f 9521 8058 6593
f 9521 6593 6591
f 9521 9516 9512
f 9521 6591 9516
f 9522 9517 9519
f 9522 8065 8067
f 9522 9519 8065
f 9523 9524 9515
f 9523 8067 8064
f 9525 231 232
f 9525 8057 8071
f 9525 8071 6606
f 9525 232 8057
f 9526 8075 8065
f 9526 9519 9527
f 9526 8065 9519
f 9528 8078 9529
f 9528 9529 8070
f 9530 9526 9527
f 9531 8066 9532
f 9531 8064 8066
f 9533 6603 6593
f 9533 6604 6603
f 9533 6593 8070
f 9533 8070 9529
f 9534 8066 8074
f 9534 9532 8066
f 9535 9529 8078
f 9535 8078 8077
f 9535 9533 9529
f 9535 8077 8079
f 9536 6606 8072
f 9536 8072 8069
f 9536 8069 8073
f 9536 4409 6606
f 9537 8074 8075
f 9538 9539 8084
f 9538 8084 8083
f 9538 9540 9539
f 9541 9542 9537
f 9541 8083 8082
f 9543 6617 4424
f 9543 9536 8073
f 9543 8081 6617
f 9543 8073 8081
f 9544 8091 8084
f 9544 8084 9539
f 9544 9539 9545
f 9546 9544 9545
f 9547 8082 8085
f 9547 8085 9548
f 9549 9550 8088
f 9549 8092 9550
f 9551 8085 8090
f 9551 9548 8085
f 9552 8093 8092
f 9552 9548 8093
f 9553 8087 8088
f 9553 8094 8087
f 9553 8088 9550
f 9554 8090 8091
f 9555 9556 9557
f 9558 9553 9550
f 9558 6624 9553
f 9558 9550 8092
f 9558 8092 6627
f 9558 6625 6624
f 9558 6627 6625
f 9559 8093 9548
f 9559 8099 8093
f 9560 8096 8098
f 9560 9555 9557
f 9560 9557 8096
f 9561 9562 9554
f 9561 8098 8095
f 9563 8096 9557
f 9563 8101 8096
f 9563 9557 9564
f 9565 8099 9566
f 9565 6630 6627
f 9565 6627 8099
f 9567 9566 8099
f 9567 9568 9566
f 9569 9563 9564
f 9570 8097 9571
f 9570 8095 8097
f 9572 6630 9565
f 9572 9565 9566
f 9572 6631 6630
f 9573 9572 9566
f 9573 6631 9572
f 9574 9571 8097
f 9574 8097 8100
f 9575 9571 8105
f 9575 8105 8102
f 9575 8102 9568
f 9576 8100 8101
f 9577 6631 9573
f 9577 9566 9568
f 9577 9573 9566
f 9578 9577 9568
f 9578 9568 8102
f 9578 8102 8103
f 9578 8103 8106
f 9579 8108 8110
f 9579 9580 8108
f 9579 9581 9580
f 9582 9583 9576
f 9582 8110 8107
f 9584 8108 9580
f 9584 9580 9585
f 9584 8115 8108
f 9586 9584 9585
f 9587 8109 9588
f 9587 8107 8109
f 9589 9590 8113
f 9589 8117 9590
f 9591 9588 8109
f 9591 8109 8114
f 9592 8118 8117
f 9592 9588 8118
f 9593 8114 8115
f 9594 8113 9590
f 9594 8112 8113
f 9594 8119 8112
f 9594 6645 8119
f 9595 9596 9597
f 9598 9590 8117
f 9598 6645 9594
f 9598 6648 6646
f 9598 6646 6645
f 9598 8117 6648
f 9598 9594 9590
f 9599 8125 8118
f 9599 8118 9588
f 9600 8122 8121
f 9600 9595 9597
f 9600 9597 8122
f 9601 9602 9593
f 9601 8121 8120
f 9603 9597 9604
f 9603 8122 9597
f 9603 8127 8122
f 9605 9606 8125
f 9605 8131 9606
f 9607 9603 9604
f 9608 8120 8123
f 9608 8123 9609
f 9610 6654 6648
f 9610 8125 9606
f 9610 6648 8125
f 9610 6657 6654
f 9611 8123 8126
f 9611 9609 8123
f 9612 8130 8132
f 9612 9606 8131
f 9612 8131 8130
f 9612 8132 6657
f 9612 9610 9606
f 9612 6657 9610
f 9613 8126 8127
f 9614 8136 8135
f 9614 9615 9616
f 9614 9616 8136
f 9617 8139 9609
f 9617 8142 8138
f 9617 8138 8139
f 9618 8135 8134
f 9618 9619 9613
f 9620 387 4545
f 9620 6671 387
f 9620 4545 4554
f 9620 4555 8144
f 9620 4554 4555
f 9620 8141 6671
f 9620 8144 8141
f 9621 9616 9622
f 9621 8146 8136
f 9621 8136 9616
f 9623 9621 9622
f 9624 8137 9625
f 9624 8134 8137
f 9626 9627 8142
f 9626 8147 9627
f 9628 9625 8137
f 9628 8137 8145
f 9629 8148 8147
f 9629 9625 8148
f 9630 8149 8140
f 9630 8142 9627
f 9630 8140 8142
f 9631 8145 8146
f 9632 9633 9634
f 9635 9630 9627
f 9635 6690 9630
f 9636 8148 9625
f 9636 8155 8148
f 9637 6692 6690
f 9637 6690 9635
f 9637 6693 6692
f 9637 8147 6693
f 9637 9627 8147
f 9637 9635 9627
f 9638 9634 8153
f 9638 8153 8152
f 9638 9632 9634
f 9639 8152 8151
f 9639 9640 9631
f 9641 8153 9634
f 9641 9634 9642
f 9641 8157 8153
f 9643 8160 9644
f 9643 9644 8155
f 9645 9641 9642
f 9646 8151 8154
f 9646 8154 9647
f 9648 6693 8155
f 9648 6697 6693
f 9648 6698 6697
f 9648 8155 9644
f 9649 6698 9648
f 9649 9648 9644
f 9650 9647 8154
f 9650 8154 8156
f 9651 8158 8160
f 9651 8163 8158
f 9651 9647 8163
f 9652 9644 8160
f 9652 8159 8164
f 9652 6698 9649
f 9652 9649 9644
f 9652 8160 8159
f 9653 8156 8157
f 9654 8167 8166
f 9654 9655 9656
f 9654 9656 8167
f 9657 8166 8165
f 9657 9658 9653
f 9659 9656 9660
f 9659 8173 8167
f 9659 8167 9656
f 9661 9659 9660
f 9662 8165 8168
f 9662 8168 9663
f 9664 8175 9665
f 9664 9665 8171
f 9666 8168 8172
f 9666 9663 8168
f 9667 8176 8175
f 9667 9663 8176
f 9668 8170 8171
f 9668 8177 8170
f 9668 6718 8177
f 9668 8171 9665
f 9669 8172 8173
f 9670 9671 9672
f 9673 6720 6719
f 9673 8175 6720
f 9673 9665 8175
f 9673 9668 9665
f 9673 6718 9668
f 9673 6719 6718
f 9674 8176 9663
f 9674 8182 8176
f 9675 9672 8179
f 9675 9670 9672
f 9675 8179 8181
f 9676 8181 8178
f 9676 9677 9669
f 9678 8184 8179
f 9678 8179 9672
f 9678 9672 9679
f 9680 9681 8182
f 9680 8188 9681
f 9682 9678 9679
f 9683 8178 8180
f 9683 8180 9684
f 9685 6724 6723
f 9685 6723 6720
f 9685 6720 8182
f 9685 8182 9681
f 9686 8180 8183
f 9686 9684 8180
f 9687 8187 8189
f 9687 9685 9681
f 9687 6724 9685
f 9687 8188 8187
f 9687 9681 8188
f 9687 8189 6724
f 9688 8183 8184
f 9689 9690 9691
f 9689 8193 8195
f 9689 9691 8193
f 9692 8191 9684
f 9692 8196 8191
f 9692 9693 8196
f 9694 9695 9688
f 9694 8195 8192
f 9696 9691 9697
f 9696 8193 9691
f 9696 8203 8193
f 9698 9696 9697
f 9699 8192 8194
f 9699 8194 9700
f 9701 9702 9693
f 9701 8204 9702
f 9703 8206 8197
f 9703 8197 8196
f 9703 8196 9693
f 9704 9700 8194
f 9704 8194 8202
f 9705 8205 8204
f 9705 9700 8205
f 9706 9693 9702
f 9706 8206 9703
f 9706 9703 9693
f 9707 8202 8203
f 9708 9706 9702
f 9708 6748 9706
f 9709 9710 9711
f 9712 8214 8205
f 9712 8205 9700
f 9713 9702 8204
f 9713 8204 6753
f 9713 6753 6751
f 9713 6751 6748
f 9713 6748 9708
f 9713 9708 9702
f 9714 9711 8211
f 9714 8211 8213
f 9714 9709 9711
f 9715 9716 9707
f 9715 8213 8210
f 9717 8211 9711
f 9717 9711 9718
f 9717 8218 8211
f 9719 9720 8214
f 9719 8222 9720
f 9721 9717 9718
f 9722 8212 9723
f 9722 8210 8212
f 9724 8214 9720
f 9724 6753 8214
f 9724 6757 6753
f 9724 6758 6757
f 9725 8208 6747
f 9725 8219 8208
f 9725 6747 6750
f 9725 6750 6760
f 9725 6760 8219
f 9726 9724 9720
f 9726 6758 9724
f 9727 9723 8212
f 9727 8212 8217
f 9728 9723 8224
f 9728 8224 8220
f 9728 8220 8222
f 9729 6758 9726
f 9729 8221 8226
f 9729 9720 8222
f 9729 8222 8221
f 9729 9726 9720
f 9730 8217 8218
f 9731 4671 8216
f 9731 4674 4671
f 9731 8216 8219
f 9732 9733 8229
f 9732 8229 8228
f 9732 9734 9733
f 9735 8228 8227
f 9735 9736 9730
f 9737 6768 4717
f 9737 9731 8219
f 9737 8225 6768
f 9737 8219 8225
f 9738 8229 9733
f 9738 9733 9739
f 9738 8235 8229
f 9740 9738 9739
f 9741 8230 9742
f 9741 8227 8230
f 9743 9744 8233
f 9743 8237 9744
f 9745 9742 8230
f 9745 8230 8234
f 9746 9742 8238
f 9746 8238 8237
f 9747 8232 8233
f 9747 8233 9744
f 9747 8239 8232
f 9748 8234 8235
f 9749 9750 9751
f 9752 6776 6777
f 9752 6779 6776
f 9752 9747 9744
f 9752 8237 6779
f 9752 9744 8237
f 9753 8238 9742
f 9753 8244 8238
f 9754 9751 8241
f 9754 9749 9751
f 9754 8241 8243
f 9755 9756 9748
f 9755 8243 8240
f 9757 8241 9751
f 9757 9751 9758
f 9757 8246 8241
f 9759 8249 9760
f 9759 9760 8244
f 9761 9757 9758
f 9762 8242 9763
f 9762 8240 8242
f 9764 6794 6779
f 9764 6795 6794
f 9764 6779 8244
f 9764 8244 9760
f 9765 9763 8242
f 9765 8242 8245
f 9766 8249 8248
f 9766 8250 6795
f 9766 9760 8249
f 9766 9764 9760
f 9766 8248 8250
f 9766 6795 9764
f 9767 8245 8246
f 9768 8255 8254
f 9768 9769 8255
f 9768 9770 9769
f 9771 9772 8257
f 9771 8252 9763
f 9771 8257 8252
f 9773 8254 8253
f 9773 9774 9767
f 9775 8255 9769
f 9775 8261 8255
f 9775 9769 9776
f 9777 9775 9776
f 9778 8253 8256
f 9778 8256 9779
f 9780 8262 9781
f 9780 9781 9772
f 9782 8257 9772
f 9782 8258 8257
f 9782 8264 8258
f 9783 8256 8260
f 9783 9779 8256
f 9784 9779 8263
f 9784 8263 8262
f 9785 9772 9781
f 9785 9782 9772
f 9786 8260 8261
f 9787 6811 9785
f 9787 9785 9781
f 9788 9789 9790
f 9791 8263 9779
f 9791 8270 8263
f 9792 6814 6811
f 9792 9787 9781
f 9792 6811 9787
f 9793 6814 9792
f 9793 8262 6815
f 9793 9792 9781
f 9793 9781 8262
f 9793 6815 6814
f 9794 9788 9790
f 9794 8268 8267
f 9794 9790 8268
f 9795 9796 9786
f 9795 8267 8266
f 9797 9790 9798
f 9797 8272 8268
f 9797 8268 9790
f 9799 9800 8270
f 9799 8275 9800
f 9801 9797 9798
f 9802 8266 8269
f 9802 8269 9803
f 9804 8270 9800
f 9804 6815 8270
f 9804 6833 6824
f 9804 6824 6815
f 9805 9803 8269
f 9805 8269 8271
f 9806 6833 9804
f 9806 9804 9800
f 9806 9800 8275
f 9806 8275 8274
f 9806 8274 8277
f 9807 8271 8272
f 9808 9809 8279
f 9808 8279 8281
f 9808 9810 9809
f 9811 9812 9807
f 9811 8281 8278
f 9813 8289 8279
f 9813 8279 9809
f 9813 9809 9814
f 9815 9813 9814
f 9816 8278 8280
f 9816 8280 9817
f 9818 9819 8286
f 9818 8291 9819
f 9820 8280 8288
f 9820 9817 8280
f 9821 9817 8292
f 9821 8292 8291
f 9822 8286 9819
f 9822 8283 8286
f 9822 8293 8283
f 9823 8288 8289
f 9824 9825 9826
f 9827 9822 9819
f 9827 6870 6873
f 9827 6871 6870
f 9827 8291 6871
f 9827 9819 8291
f 9828 8300 8292
f 9828 8292 9817
f 9829 8298 8297
f 9829 9824 9826
f 9829 9826 8298
f 9830 8297 8296
f 9830 9831 9823
f 9832 9826 9833
f 9832 8298 9826
f 9832 8304 8298
f 9834 9835 8300
f 9834 8307 9835
f 9836 9832 9833
f 9837 8296 8299
f 9837 8299 9838
f 9839 8300 9835
f 9839 6871 8300
f 9839 6876 6871
f 9840 9838 8299
f 9840 8299 8303
f 9841 8306 8308
f 9841 9839 9835
f 9841 8307 8306
f 9841 6876 9839
f 9841 9835 8307
f 9841 8308 6876
f 9842 8303 8304
f 9843 8312 8314
f 9843 9844 9845
f 9843 9845 8312
f 9846 8310 9838
f 9846 9847 8315
f 9846 8315 8310
f 9848 8314 8311
f 9848 9849 9842
f 9850 8319 8312
f 9850 9845 9851
f 9850 8312 9845
f 9852 9850 9851
f 9853 8311 8313
f 9853 8313 9854
f 9855 9856 9847
f 9855 8320 9856
f 9857 8316 8315
f 9857 8315 9847
f 9857 8322 8316
f 9858 8313 8318
f 9858 9854 8313
f 9859 8321 8320
f 9859 9854 8321
f 9860 9847 9856
f 9860 9857 9847
f 9861 8318 8319
f 9862 9860 9856
f 9862 6893 9860
f 9863 9864 9865
f 9866 9862 9856
f 9866 6894 6893
f 9866 6893 9862
f 9867 8321 9854
f 9867 8327 8321
f 9868 9866 9856
f 9868 6894 9866
f 9868 6895 6894
f 9868 8320 6895
f 9868 9856 8320
f 9869 9865 8324
f 9869 9863 9865
f 9869 8324 8326
f 9870 9871 9861
f 9870 8326 8323
f 9872 8324 9865
f 9872 9865 9873
f 9872 8329 8324
f 9874 8332 9875
f 9874 9875 8327
f 9876 9872 9873
f 9877 8325 9878
f 9877 8323 8325
f 9879 6906 6899
f 9879 6899 6895
f 9879 6895 8327
f 9879 8327 9875
f 9880 8325 8328
f 9880 9878 8325
f 9881 8332 8331
f 9881 9875 8332
f 9881 9879 9875
f 9881 8331 8334
f 9881 6906 9879
f 9882 8328 8329
f 9883 8337 8336
f 9883 9884 9885
f 9883 9885 8337
f 9886 9887 9882
f 9886 8336 8335
f 9888 8349 8337
f 9888 9885 9889
f 9888 8337 9885
f 9890 8347 6916
f 9890 6916 6905
f 9890 6905 6908
f 9890 6908 8346
f 9890 8346 8347
f 9891 9888 9889
f 9892 8338 9893
f 9892 8335 8338
f 9894 8350 9895
f 9894 9895 8342
f 9896 8341 8347
f 9896 6922 8341
f 9896 4913 6922
f 9897 9893 8338
f 9897 8338 8348
f 9898 9893 8351
f 9898 8351 8350
f 9899 8342 9895
f 9899 8340 8342
f 9899 8352 8340
f 9900 8348 8349
f 9901 9902 9903
f 9904 9899 9895
f 9905 8351 9893
f 9905 8361 8351
f 9906 9895 8350
f 9906 6933 6930
f 9906 6930 6931
f 9906 9904 9895
f 9906 8350 6933
f 9906 6931 9904
f 9907 9903 8358
f 9907 8358 8360
f 9907 9901 9903
f 9908 9909 9900
f 9908 8360 8357
f 9910 4939 4938
f 9910 8356 4939
f 9910 9896 8347
f 9910 8347 8356
f 9911 8364 8358
f 9911 8358 9903
f 9911 9903 9912
f 9913 9914 8361
f 9913 8367 9914
f 9915 9911 9912
f 9916 8357 8359
f 9916 8359 9917
f 9918 6939 6933
f 9918 6933 8361
f 9918 8361 9914
f 9919 8359 8363
f 9919 9917 8359
f 9920 9918 9914
f 9920 8366 8368
f 9920 6939 9918
f 9920 8367 8366
f 9920 9914 8367
f 9920 8368 6939
f 9921 8363 8364
f 9922 9923 9924
f 9922 9924 8373
f 9922 8373 8372
f 9925 9926 8375
f 9925 8370 9917
f 9925 8375 8370
f 9927 8372 8371
f 9927 9928 9921
f 9929 8379 8373
f 9929 9924 9930
f 9929 8373 9924
f 9931 9929 9930
f 9932 8371 8374
f 9932 8374 9933
f 9934 9935 9926
f 9934 8381 9935
f 9936 8376 8375
f 9936 8375 9926
f 9936 8380 8376
f 9937 8374 8378
f 9937 9933 8374
f 9938 9926 9935
f 9938 9936 9926
f 9939 9933 8382
f 9939 8382 8381
f 9940 8378 8379
f 9941 9938 9935
f 9941 6952 9938
f 9942 9943 9944
f 9945 9941 9935
f 9945 6952 9941
f 9945 6955 6952
f 9946 8382 9933
f 9946 8387 8382
f 9947 6956 6955
f 9947 6955 9945
f 9947 9935 8381
f 9947 8381 6956
f 9947 9945 9935
f 9948 8384 8386
f 9948 9944 8384
f 9948 9942 9944
f 9949 8386 8383
f 9949 9950 9940
f 9951 9944 9952
f 9951 8389 8384
f 9951 8384 9944
f 9953 9954 8387
f 9953 8392 9954
f 9955 9951 9952
f 9956 8383 8385
f 9956 8385 9957
f 9958 6971 6956
f 9958 6956 8387
f 9958 8387 9954
f 9958 6972 6971
f 9959 9957 8385
f 9959 8385 8388
f 9960 9958 9954
f 9960 9954 8392
f 9960 8392 8391
f 9960 8391 8394
f 9961 8388 8389
f 9962 9963 9964
f 9962 9964 8397
f 9962 8397 8396
f 9965 9966 9961
f 9965 8396 8395
f 9967 8397 9964
f 9967 8403 8397
f 9967 9964 9968
f 9969 9967 9968
f 9970 8395 8398
f 9970 8398 9971
f 9972 9973 8401
f 9972 8404 9973
f 9974 8398 8402
f 9974 9971 8398
f 9975 9971 8405
f 9975 8405 8404
f 9976 8400 8401
f 9976 8401 9973
f 9976 8406 8400
f 9977 8402 8403
f 9978 5025 994
f 9978 6987 8414
f 9978 5027 5025
f 9978 8414 8408
f 9978 994 995
f 9978 8408 5027
f 9978 995 6987
f 9979 9980 9981
f 9982 9976 9973
f 9983 8405 9971
f 9983 8413 8405
f 9984 6993 6991
f 9984 8404 6993
f 9984 6991 6992
f 9984 6992 9982
f 9984 9982 9973
f 9984 9973 8404
f 9985 8411 8410
f 9985 9979 9981
f 9985 9981 8411
f 9986 8410 8409
f 9986 9987 9977
f 9988 8416 8411
f 9988 9981 9989
f 9988 8411 9981
f 9990 8419 9991
f 9990 9991 8413
f 9992 9988 9989
f 9993 8412 9994
f 9993 8409 8412
f 9995 6993 8413
f 9995 7008 6993
f 9995 8413 9991
f 9996 8412 8415
f 9996 9994 8412
f 9997 7008 9995
f 9997 9995 9991
f 9997 8419 8418
f 9997 9991 8419
f 9997 8418 8420
f 9997 8420 7008
f 9998 8415 8416
f 9999 10000 10001
f 9999 10001 8425
f 9999 8425 8424
f 10002 10003 8427
f 10002 8427 8422
f 10002 8422 9994
f 10004 8424 8423
f 10004 10005 9998
f 10006 8425 10001
f 10006 8432 8425
f 10006 10001 10007
f 10008 10006 10007
f 10009 8426 10010
f 10009 8423 8426
f 10011 10012 10003
f 10011 8434 10012
f 10013 8427 10003
f 10013 8433 8428
f 10013 8428 8427
f 10014 10010 8426
f 10014 8426 8431
f 10015 10003 10012
f 10015 10013 10003
f 10016 8435 8434
f 10016 10010 8435
f 10017 8431 8432
f 10018 7048 10015
f 10018 10015 10012
f 10019 10020 10021
f 10022 7048 10018
f 10022 7050 7048
f 10022 10018 10012
f 10023 8435 10010
f 10023 8440 8435
f 10024 10012 8434
f 10024 10022 10012
f 10024 8434 7052
f 10024 7052 7050
f 10024 7050 10022
f 10025 10021 8438
f 10025 8438 8437
f 10025 10019 10021
f 10026 10027 10017
f 10026 8437 8436
f 10028 8442 8438
f 10028 8438 10021
f 10028 10021 10029
f 10030 10031 8440
f 10030 8445 10031
f 10032 10028 10029
f 10033 8436 8439
f 10033 8439 10034
f 10035 7055 7052
f 10035 7052 8440
f 10035 8440 10031
f 10035 7056 7055
f 10036 8439 8441
f 10036 10034 8439
f 10037 10035 10031
f 10037 8445 8444
f 10037 10031 8445
f 10037 8444 8447
f 10038 8441 8442
f 10039 10040 10041
f 10039 10041 8449
f 10039 8449 8451
f 10042 10043 10038
f 10042 8451 8448
f 10044 10041 10045
f 10044 8449 10041
f 10044 8456 8449
f 10046 10044 10045
f 10047 8450 10048
f 10047 8448 8450
f 10049 10050 8454
f 10049 8457 10050
f 10051 8450 8455
f 10051 10048 8450
f 10052 8458 8457
f 10052 10048 8458
f 10053 8454 10050
f 10053 8453 8454
f 10053 8459 8453
f 10054 8455 8456
f 10055 10056 10057
f 10058 8457 7075
f 10058 7073 7071
f 10058 10053 10050
f 10058 10050 8457
f 10058 7075 7073
f 10059 8458 10048
f 10059 8464 8458
f 10060 8462 8461
f 10060 10057 8462
f 10060 10055 10057
f 10061 8461 8460
f 10061 10062 10054
f 10063 8466 8462
f 10063 10057 10064
f 10063 8462 10057
f 10065 7075 8464
f 10065 8464 10066
f 10065 7080 7075
f 10067 10063 10064
f 10068 10066 8464
f 10068 10069 10066
f 10070 8460 8463
f 10070 8463 10071
f 10072 7084 7080
f 10072 7080 10065
f 10072 10065 10066
f 10073 7084 10072
f 10073 10072 10066
f 10074 8463 8465
f 10074 10071 8463
f 10075 10071 8470
f 10075 8467 10069
f 10075 8470 8467
f 10076 8465 8466
f 10077 7084 10073
f 10077 10073 10066
f 10077 10066 10069
f 10078 8467 8468
f 10078 10069 8467
f 10078 10077 10069
f 10078 8468 8475
f 10079 8473 8472
f 10079 10080 8473
f 10079 10081 10080
f 10082 10083 10076
f 10082 8472 8471
f 10084 8473 10080
f 10084 10080 10085
f 10084 8482 8473
f 10086 10084 10085
f 10087 8471 8474
f 10087 8474 10088
f 10089 10090 8479
f 10089 8483 10090
f 10091 10088 8474
f 10091 8474 8481
f 10092 8484 8483
f 10092 10088 8484
f 10093 5215 5173
f 10093 7102 8478
f 10093 5173 7102
f 10093 5201 5215
f 10093 8487 5201
f 10093 8478 8487
f 10094 8481 8482
f 10095 8477 8479
f 10095 8479 10090
f 10095 7113 8488
f 10095 8488 8477
f 10096 10097 10098
f 10099 8494 8484
f 10099 8484 10088
f 10100 10095 10090
f 10100 7113 10095
f 10100 7114 7113
f 10100 8483 7114
f 10100 10090 8483
f 10101 10096 10098
f 10101 8491 8493
f 10101 10098 8491
f 10102 10103 10094
f 10102 8493 8490
f 10104 10098 10105
f 10104 8496 8491
f 10104 8491 10098
f 10106 8499 10107
f 10106 10107 8494
f 10108 10104 10105
f 10109 8490 8492
f 10109 8492 10110
f 10111 7120 7119
f 10111 7119 7114
f 10111 7114 8494
f 10111 8494 10107
f 10112 7120 10111
f 10112 10111 10107
f 10113 8492 8495
f 10113 10110 8492
f 10114 10107 8499
f 10114 8498 8501
f 10114 8499 8498
f 10114 10112 10107
f 10115 8495 8496
f 10116 8504 8503
f 10116 10117 8504
f 10116 10118 10117
f 10119 8503 8502
f 10119 10120 10115
f 10121 8504 10117
f 10121 10117 10122
f 10121 8510 8504
f 10123 10121 10122
f 10124 8502 8505
f 10124 8505 10125
f 10126 10127 8508
f 10126 8511 10127
f 10128 8505 8509
f 10128 10125 8505
f 10129 8512 8511
f 10129 10125 8512
f 10130 8507 8508
f 10130 8508 10127
f 10130 8513 8507
f 10131 8509 8510
f 10132 10133 10134
f 10135 10127 8511
f 10135 8511 7147
f 10135 7146 7145
f 10135 7147 7146
f 10135 10130 10127
f 10136 8512 10125
f 10136 8518 8512
f 10137 10132 10134
f 10137 8515 8517
f 10137 10134 8515
f 10138 10139 10131
f 10138 8517 8514
f 10140 10134 10141
f 10140 8515 10134
f 10140 8520 8515
f 10142 7147 8518
f 10142 8518 10143
f 10142 7150 7147
f 10144 10140 10141
f 10145 10143 8518
f 10145 10146 10143
f 10147 8514 8516
f 10147 8516 10148
f 10149 10142 10143
f 10149 7150 10142
f 10149 7153 7150
f 10150 10149 10143
f 10150 7153 10149
f 10151 10148 8516
f 10151 8516 8519
f 10152 10148 8524
f 10152 8521 10146
f 10152 8524 8521
f 10153 8519 8520
f 10154 10150 10143
f 10154 7153 10150
f 10154 10143 10146
f 10155 10154 10146
f 10155 8521 8522
f 10155 8522 8529
f 10155 10146 8521
f 10156 10157 8526
f 10156 10158 10157
f 10156 8526 8528
f 10159 10160 10153
f 10159 8528 8525
f 10161 8526 10157
f 10161 8534 8526
f 10161 10157 10162
f 10163 10161 10162
f 10164 8525 8527
f 10164 8527 10165
f 10166 8535 10167
f 10166 10167 8532
f 10168 8527 8533
f 10168 10165 8527
f 10169 10165 8536
f 10169 8536 8535
f 10170 8533 8534
f 10171 7171 8538
f 10171 8531 8532
f 10171 8538 8531
f 10171 8532 10167
f 10172 10173 10174
f 10175 8536 10165
f 10175 8544 8536
f 10176 10167 8535
f 10176 7171 10171
f 10176 7172 7171
f 10176 8535 7172
f 10176 10171 10167
f 10177 10172 10174
f 10177 10174 8541
f 10177 8541 8540
f 10178 10179 10170
f 10178 8540 8539
f 10180 8547 8541
f 10180 8541 10174
f 10180 10174 10181
f 10182 10183 8544
f 10182 8551 10183
f 10184 10180 10181
f 10185 8539 8542
f 10185 8542 10186
f 10187 7172 8544
f 10187 8544 10183
f 10187 7196 7172
f 10187 7197 7196
f 10188 7197 10187
f 10188 10187 10183
f 10189 8542 8546
f 10189 10186 8542
f 10190 8551 8550
f 10190 10183 8551
f 10190 10188 10183
f 10190 8550 8552
f 10191 8546 8547
f 10192 10193 8555
f 10192 8555 8557
f 10192 10194 10193
f 10195 10196 10191
f 10195 8557 8554
f 10197 10193 10198
f 10197 8555 10193
f 10197 8562 8555
f 10199 10197 10198
f 10200 8556 10201
f 10200 8554 8556
f 10202 10203 8560
f 10202 8563 10203
f 10204 10201 8556
f 10204 8556 8561
f 10205 8564 8563
f 10205 10201 8564
f 10206 8565 8559
f 10206 8560 10203
f 10206 8559 8560
f 10207 8561 8562
f 10208 10209 10210
f 10211 7215 7213
f 10211 10203 8563
f 10211 8563 7217
f 10211 10206 10203
f 10211 7213 10206
f 10211 7217 7215
f 10212 8570 8564
f 10212 8564 10201
f 10213 10208 10210
f 10213 10210 8567
f 10213 8567 8569
f 10214 8569 8566
f 10214 10215 10207
f 10216 8567 10210
f 10216 8572 8567
f 10216 10210 10217
f 10218 7217 8570
f 10218 7220 7217
f 10218 8570 10219
f 10220 10216 10217
f 10221 10219 8570
f 10221 10222 10219
f 10223 8566 8568
f 10223 8568 10224
f 10225 7220 10218
f 10225 10218 10219
f 10225 7221 7220
f 10226 10225 10219
f 10226 7221 10225
f 10227 10224 8568
f 10227 8568 8571
f 10228 8573 10222
f 10228 10224 8576
f 10228 8576 8573
f 10229 8571 8572
f 10230 7221 10226
f 10230 10226 10219
f 10230 10219 10222
f 10231 10230 10222
f 10231 8573 8574
f 10231 10222 8573
f 10231 8574 8577
f 10232 10233 10234
f 10232 10234 8579
f 10232 8579 8581
f 10235 8581 8578
f 10235 10236 10229
f 10237 8586 8579
f 10237 10234 10238
f 10237 8579 10234
f 10239 10237 10238
f 10240 8580 10241
f 10240 8578 8580
f 10242 8587 10243
f 10242 10243 8584
f 10244 8580 8585
f 10244 10241 8580
f 10245 8588 8587
f 10245 10241 8588
f 10246 8585 8586
f 10247 8590 8583
f 10247 7236 8590
f 10247 8583 8584
f 10247 8584 10243
f 10248 10249 10250
f 10251 8595 8588
f 10251 8588 10241
f 10252 7237 7236
f 10252 8587 7237
f 10252 10243 8587
f 10252 7236 10247
f 10252 10247 10243
f 10253 8593 8592
f 10253 10250 8593
f 10253 10248 10250
f 10254 8592 8591
f 10254 10255 10246
f 10256 10250 10249
f 10257 8597 8593
f 10257 8593 10250
f 10257 10250 10256
f 10258 10259 8595
f 10258 8600 10259
f 10260 8591 8594
f 10260 8594 10261
f 10262 7242 7239
f 10262 7237 8595
f 10262 8595 10259
f 10262 7239 7237
f 10263 10261 8594
f 10263 8594 8596
f 10264 8599 8601
f 10264 8600 8599
f 10264 10259 8600
f 10264 10262 10259
f 10265 8596 8597
f 10266 10267 10268
f 10266 10268 10269
f 10266 10269 8605
f 10266 8605 8604
f 10270 10271 10265
f 10270 8604 8603
f 10272 8612 8605
f 10272 8605 10269
f 10272 10269 10273
f 10274 10272 10273
f 10275 8603 8606
f 10275 8606 10276
f 10277 10278 8609
f 10277 8613 10278
f 10279 8606 8611
f 10279 10276 8606
f 10280 10276 8614
f 10280 8614 8613
f 10281 8608 8609
f 10281 8615 8608
f 10281 8609 10278
f 10282 8611 8612
f 10283 10284 10285
f 10286 8613 7263
f 10286 10281 10278
f 10286 7253 10281
f 10286 10278 8613
f 10286 7261 7253
f 10286 7263 7261
f 10287 8614 10276
f 10287 8620 8614
f 10288 8623 7241
f 10288 7241 5462
f 10288 5462 5522
f 10289 8618 8617
f 10289 10283 10285
f 10289 10285 8618
f 10290 10291 10282
f 10290 8617 8616
f 10292 8622 8618
f 10292 8618 10285
f 10292 10285 10293
f 10294 10288 5522
f 10294 8623 10288
f 10295 7264 7263
f 10295 7263 8620
f 10295 8620 10296
f 10297 10298 10296
f 10297 10296 8620
f 10299 10292 10293
f 10300 8619 10301
f 10300 8616 8619
f 10302 7265 7264
f 10302 7264 10295
f 10302 10295 10296
f 10303 7265 10302
f 10303 10302 10296
f 10304 7266 7271
f 10304 5522 7266
f 10304 10294 5522
f 10304 7271 8635
f 10305 8623 10294
f 10305 10294 10304
f 10305 10304 8635
f 10305 8635 8623
f 10306 10301 8619
f 10306 8619 8621
f 10307 10301 8629
f 10307 8629 8626
f 10307 8626 10298
f 10308 8621 8622
f 10309 10296 10298
f 10309 7265 10303
f 10309 10303 10296
f 10310 8627 8630
f 10310 8626 8627
f 10310 10298 8626
f 10310 10309 10298
f 10311 7267 8624
f 10311 8624 8623
f 10311 7276 7267
f 10312 10313 7268
f 10312 7277 8632
f 10312 7268 7277
f 10314 10315 10308
f 10314 8632 8631
f 10316 8636 10317
f 10316 8623 8636
f 10316 7276 10311
f 10316 10311 8623
f 10316 10317 7276
f 10318 7284 7294
f 10318 8631 7284
f 10319 8642 10320
f 10319 10320 8637
f 10321 7296 8642
f 10321 7294 7296
f 10322 7275 7276
f 10322 7276 10317
f 10322 8644 7275
f 10322 10317 10323
f 10324 10317 8636
f 10324 10323 10317
f 10324 8636 8650
f 10325 8634 8637
f 10325 8645 8634
f 10325 8637 10320
f 10325 7297 8645
f 10326 8651 8650
f 10326 8636 8638
f 10326 8650 8636
f 10326 8638 8655
f 10326 8655 8651
f 10327 5659 7299
f 10327 7299 7297
f 10327 10320 8642
f 10327 10325 10320
f 10327 7297 10325
f 10327 8642 5659
f 10328 7283 8640
f 10328 8640 8646
f 10328 7293 7283
f 10328 8654 7293
f 10328 7302 8654
f 10329 8644 10322
f 10329 10322 10323
f 10329 8647 8644
f 10329 10323 10330
f 10331 7302 10328
f 10331 8648 7302
f 10331 8646 8648
f 10331 10328 8646
f 10332 8652 8668
f 10332 10323 10324
f 10332 10324 8650
f 10332 8668 10330
f 10332 10330 10323
f 10332 8650 8652
f 10333 7303 8656
f 10333 8656 7295
f 10333 7295 8649
f 10333 8649 8654
f 10334 7303 10333
f 10334 8654 7301
f 10334 7301 7303
f 10334 10333 8654
f 10335 8657 8659
f 10335 8661 7302
f 10335 8659 8661
f 10335 7302 8648
f 10335 8648 8657
f 10336 8655 8660
f 10336 8660 8666
f 10336 8666 10337
f 10336 10337 8651
f 10336 8651 8655
f 10338 8658 8657
f 10338 10339 8658
f 10338 8647 10329
f 10338 10329 10330
f 10338 8657 8647
f 10340 10339 10338
f 10340 10330 8668
f 10340 10338 10330
f 10341 8664 8663
f 10341 8658 10339
f 10341 8663 8659
f 10341 10339 8664
f 10341 8659 8658
f 10342 8652 8651
f 10342 8651 10337
f 10342 8667 8652
f 10343 8670 8667
f 10343 8667 10342
f 10343 10342 10337
f 10344 8672 8664
f 10344 8668 8669
f 10344 10340 8668
f 10344 8664 10339
f 10344 10339 10340
f 10345 7308 7336
f 10345 7279 8662
f 10345 8686 8665
f 10345 8662 7308
f 10345 7336 8686
f 10345 8665 7279
f 10346 8665 8686
f 10346 8666 8665
f 10347 10343 10337
f 10347 8677 8681
f 10348 10346 8678
f 10348 10337 8666
f 10348 10347 10337
f 10348 8678 8677
f 10348 8677 10347
f 10348 8666 10346
f 10349 10344 8669
f 10349 8672 10344
f 10350 8672 10349
f 10350 10349 8669
f 10351 8672 10350
f 10352 7333 8674
f 10352 7334 7333
f 10352 8674 7328
f 10352 7328 5672
f 10352 5672 5673
f 10352 5673 7334
f 10353 8678 10346
f 10353 10354 8679
f 10353 10346 8686
f 10353 8679 8678
f 10355 10353 8686
f 10355 10354 10353
f 10355 8686 8685
f 10356 10351 10357
f 10358 10357 8681
f 10358 8681 8680
f 10358 10356 10357
f 10359 8679 10354
f 10359 8682 8676
f 10359 8676 8679
f 10359 10354 10360
f 10361 8682 10362
f 10361 10358 8680
f 10361 8680 8682
f 10361 10362 10363
f 10364 10365 10366
f 10367 8685 7360
f 10367 10354 10355
f 10367 10355 8685
f 10367 10360 10354
f 10368 8684 8673
f 10369 8682 10359
f 10369 10359 10360
f 10369 10360 10370
f 10371 8694 8693
f 10371 10368 10365
f 10371 8684 10368
f 10371 8693 8684
f 10372 10373 10369
f 10372 10369 10370
f 10374 10375 10376
f 10377 10374 10373
f 10377 10375 10374
f 10378 8695 8694
f 10378 8694 10371
f 10379 10380 10375
f 10379 10375 10377
f 10381 8695 10378
f 10381 8708 8695
f 10381 8709 8708
f 10382 7360 8696
f 10382 8696 8700
f 10383 10375 10380
f 10384 8699 8696
f 10384 8696 7359
f 10385 8707 8709
f 10385 8709 10383
f 10385 8704 8707
f 10385 10383 10380
f 10386 7359 7375
f 10386 8706 8699
f 10386 7375 8712
f 10386 10384 7359
f 10386 8712 8706
f 10386 8699 10384
f 10387 8715 10388
f 10387 8700 8699
f 10389 7385 8695
f 10389 7384 7385
f 10389 8695 8708
f 10390 8715 10387
f 10390 8699 8705
f 10390 10387 8699
f 10391 8712 7375
f 10391 8711 8712
f 10392 8708 8707
f 10392 10389 8708
f 10392 7384 10389
f 10393 8705 8706
f 10393 8706 8711
f 10394 10393 8725
f 10394 8714 8715
f 10394 8705 10393
f 10394 8720 8714
f 10394 8725 8720
f 10394 10390 8705
f 10394 8715 10390
f 10395 10391 7375
f 10396 10395 7375
f 10396 10397 10395
f 10396 7375 8701
f 10398 8718 8737
f 10398 8707 8713
f 10398 8713 8718
f 10398 10392 8707
f 10399 10393 8711
f 10399 8725 10393
f 10400 8725 10399
f 10401 7386 8722
f 10401 8745 8726
f 10401 8726 7386
f 10401 8722 8731
f 10402 10397 10396
f 10402 10396 8701
f 10402 8701 8726
f 10403 8738 8718
f 10403 8741 8738
f 10403 8735 8741
f 10403 8717 8719
f 10403 8718 8717
f 10403 8719 8729
f 10403 8729 8735
f 10404 8745 8744
f 10404 8744 8750
f 10404 8726 8745
f 10405 10404 8750
f 10405 8726 10404
f 10405 10402 8726
f 10406 8743 8745
f 10406 8745 10401
f 10406 10401 8731
f 10406 8731 7393
f 10407 8735 8739
f 10407 8752 8735
f 10407 8758 8752
f 10408 8742 8748
f 10408 10407 8739
f 10408 8757 8758
f 10408 8758 10407
f 10408 8748 8757
f 10408 8739 8742
f 10409 8755 8743
f 10409 10406 7393
f 10409 8743 10406
f 10410 10411 8756
f 10410 8756 8733
f 10412 10413 10414
f 10412 10415 10413
f 10416 10411 10410
f 10416 10410 10417
f 10418 10412 10414
f 10418 10415 10412
f 10418 10419 10415
f 10420 10421 8753
f 10420 8753 8749
f 10422 10419 10418
f 10422 10414 8754
f 10422 8753 10421
f 10422 10418 10414
f 10422 8754 8753
f 10423 7393 7392
f 10423 7392 8768
f 10423 10409 7393
f 10424 10420 8749
f 10425 10416 10415
f 10425 10411 10416
f 10425 10415 10419
f 10426 10419 10422
f 10426 10422 10421
f 10427 8760 8756
f 10427 10428 8760
f 10429 10428 10427
f 10429 8770 10428
f 10429 8756 10411
f 10429 8771 8770
f 10429 10427 8756
f 10429 10411 8771
f 10430 8771 10411
f 10430 10411 10425
f 10431 10432 10433
f 10431 10426 10421
f 10434 10435 10436
f 10437 10434 10436
f 10438 8765 8772
f 10438 8761 8765
f 10438 8776 5700
f 10438 5700 8763
f 10438 8772 8775
f 10438 8775 8776
f 10438 8759 8761
f 10438 8763 8759
f 10439 1557 8764
f 10439 8764 8760
f 10439 8760 10428
f 10440 8774 10437
f 10440 7403 8774
f 10441 1557 10439
f 10441 10428 8770
f 10441 10439 10428
f 10442 10433 10432
f 10442 7411 7416
f 10442 7416 8777
f 10443 8781 10444
f 10443 8780 8781
f 10443 8785 8780
f 10445 10433 10442
f 10445 10442 8777
f 10445 8785 10443
f 10445 8777 8778
f 10445 8778 8785
f 10446 8770 7414
f 10446 1557 10441
f 10446 7414 7413
f 10446 10441 8770
f 10446 1558 1557
f 10446 7413 1558
f 10447 7423 8790
f 10447 5704 7423
f 10448 7439 7440
f 10448 8792 7439
f 10448 7440 8795
f 10448 10447 8790
f 10448 5704 10447
f 10448 8790 8792
f 10448 8795 5704
f 10449 7475 5840
f 10449 5840 5839
f 10449 3338 7475
f 10449 3339 3338
f 10449 8801 3339
f 10449 5839 8801
f 10450 7479 7482
f 10450 7482 7488
f 10450 8803 7479
f 10450 7488 8803
f 10451 7487 8802
f 10451 7490 7487
f 10452 8809 8806
f 10452 8803 7488
f 10452 7488 7490
f 10452 10451 8809
f 10452 7490 10451
f 10452 8806 8803
f 10453 8802 8804
f 10453 8804 7500
f 10453 10451 8802
f 10453 8809 10451
f 10454 3390 8806
f 10454 7495 7494
f 10454 7494 3390
f 10455 8810 8809
f 10455 7499 8816
f 10455 8816 8810
f 10455 10453 7500
f 10455 8809 10453
f 10455 7500 7499
f 10456 10454 8806
f 10456 8811 7495
f 10456 8812 8811
f 10456 7495 10454
f 10456 8808 8812
f 10456 8806 8808
f 10457 8818 8812
f 10457 8812 8808
f 10457 8808 8810
f 10458 8810 8816
f 10458 8814 8815
f 10458 8816 8814
f 10458 8815 8818
f 10458 10457 8810
f 10458 8818 10457
f 10459 7513 7506
f 10459 7506 8819
f 10460 8820 8813
f 10460 8826 8820
f 10461 8819 8821
f 10461 10459 8819
f 10462 8813 8818
f 10462 8818 8824
f 10463 10462 8831
f 10463 8831 8826
f 10463 10460 8813
f 10463 8813 10462
f 10463 8826 10460
f 10464 8821 8828
f 10464 10461 8821
f 10464 10465 10461
f 10466 8831 10462
f 10466 8824 8825
f 10466 10462 8824
f 10467 8835 8831
f 10467 8831 10466
f 10467 10466 8825
f 10468 10465 10469
f 10468 8833 8823
f 10470 8825 8834
f 10470 8834 8835
f 10470 10467 8825
f 10470 8835 10467
f 10471 10469 10465
f 10471 10464 8828
f 10471 10465 10464
f 10472 7520 8831
f 10472 5953 7520
f 10472 7527 5970
f 10472 8835 7527
f 10472 8831 8835
f 10472 5970 5953
f 10473 8841 8838
f 10473 8830 8833
f 10473 8833 8841
f 10473 8837 8830
f 10473 8838 8837
f 10474 10471 8828
f 10474 10469 10471
f 10474 10475 10469
f 10476 10468 10469
f 10476 8833 10468
f 10476 8841 8833
f 10477 8846 10475
f 10477 10475 10474
f 10477 8839 7524
f 10478 8842 8841
f 10478 10476 10469
f 10478 10469 10475
f 10478 8841 10476
f 10479 7524 8845
f 10479 8845 8846
f 10479 8846 10477
f 10479 10477 7524
f 10480 10475 8846
f 10480 10478 10475
f 10481 7540 7543
f 10481 10480 8846
f 10481 7543 10480
f 10482 8846 7552
f 10482 10481 8846
f 10482 7552 7540
f 10482 7540 10481
f 10483 8855 7554
f 10483 8862 8855
f 10483 10484 8862
f 10485 10483 7554
f 10485 10484 10483
f 10485 7554 8851
f 10486 5965 8856
f 10486 8851 5965
f 10486 8856 8858
f 10486 8858 8868
f 10486 10485 8851
f 10486 8868 10485
f 10487 7568 7569
f 10487 7569 8862
f 10487 7573 7568
f 10488 10484 10485
f 10488 10489 10484
f 10488 10485 8868
f 10490 10487 8862
f 10490 7573 10487
f 10490 8862 10484
f 10491 10488 8868
f 10491 10489 10488
f 10491 8868 8870
f 10491 8870 10489
f 10492 8883 7574
f 10492 7574 7573
f 10492 7573 10490
f 10492 8881 8883
f 10492 10490 10484
f 10493 8881 10492
f 10493 10492 10484
f 10493 8879 8881
f 10493 10484 10489
f 10494 8884 8879
f 10494 8871 8884
f 10494 10493 10489
f 10494 8879 10493
f 10494 8870 8871
f 10494 10489 8870
f 10495 3495 3491
f 10495 3497 3495
f 10495 3491 3473
f 10495 3473 8877
f 10496 8886 8871
f 10496 8891 8890
f 10497 8898 7613
f 10497 7602 8888
f 10497 8895 7602
f 10497 8888 8898
f 10497 7613 8895
f 10498 8885 8880
f 10498 7609 8885
f 10498 8902 7609
f 10498 8880 8887
f 10499 8877 8892
f 10499 3497 10495
f 10499 8892 3509
f 10499 2906 3515
f 10499 3509 2906
f 10499 10495 8877
f 10499 3515 3497
f 10500 8905 8902
f 10500 10498 8887
f 10500 8902 10498
f 10501 8905 10500
f 10501 8899 8901
f 10501 8917 8905
f 10501 8901 8917
f 10502 8906 8895
f 10502 7612 8912
f 10502 8912 8906
f 10502 8895 7613
f 10502 7613 7612
f 10503 1417 1416
f 10503 7604 8896
f 10503 8903 6005
f 10503 6005 1417
f 10503 1416 7604
f 10503 8896 8903
f 10504 7619 8916
f 10504 8901 8900
f 10504 8916 8901
f 10505 8900 8904
f 10505 8904 8906
f 10505 10504 8900
f 10505 7619 10504
f 10506 10505 8906
f 10506 7616 7619
f 10506 7618 7616
f 10506 8906 7618
f 10506 7619 10505
f 10507 6021 7622
f 10507 7622 6043
f 10508 8938 8937
f 10509 7644 8930
f 10509 8930 8933
f 10509 8936 7644
f 10510 10509 8933
f 10510 8936 10509
f 10510 7650 8942
f 10510 8942 8936
f 10511 6049 8935
f 10511 8940 6049
f 10512 8938 10513
f 10512 8939 8938
f 10512 8948 8945
f 10512 8945 8939
f 10514 8943 10515
f 10516 10512 10513
f 10516 10513 6041
f 10516 6041 6042
f 10516 6042 10517
f 10518 10515 8943
f 10519 7655 8944
f 10519 8944 8948
f 10519 8954 7655
f 10520 8954 10519
f 10520 10519 8948
f 10520 8960 8954
f 10520 7665 8960
f 10521 10517 6042
f 10522 8950 8952
f 10522 8958 8950
f 10523 8958 10522
f 10523 8961 10524
f 10525 10524 8961
f 10526 8976 8975
f 10527 8966 8971
f 10527 8965 8966
f 10528 8973 7673
f 10528 7673 8962
f 10528 8962 8964
f 10529 8973 10528
f 10529 7680 8981
f 10529 8981 8973
f 10529 10528 8964
f 10530 8966 8970
f 10530 8978 8966
f 10531 3606 3608
f 10531 8972 6117
f 10531 7676 8972
f 10531 3608 7676
f 10531 6117 3606
f 10532 8976 10533
f 10532 8984 8977
f 10532 8977 8976
f 10532 8987 8984
f 10534 8982 10535
f 10536 10533 6102
f 10536 10532 10533
f 10536 6102 6103
f 10536 6103 10537
f 10538 10535 8982
f 10539 8988 8989
f 10539 8993 10538
f 10539 8989 8993
f 10540 8983 8987
f 10540 7687 8983
f 10540 8995 7687
f 10541 8999 8995
f 10541 10540 8987
f 10541 7697 8999
f 10541 8995 10540
f 10542 10537 6103
f 10543 3647 3634
f 10543 3634 6126
f 10543 6126 8994
f 10543 7693 3647
f 10543 8994 7693
f 10544 9000 10545
f 10546 10545 9000
f 10547 9013 9012
f 10548 9004 9005
f 10548 9005 9009
f 10549 9011 7702
f 10549 7702 9001
f 10549 9001 9003
f 10550 10549 9003
f 10550 9011 10549
f 10550 7708 9018
f 10550 9018 9011
f 10551 9016 9005
f 10551 9005 9008
f 10552 9024 9021
f 10552 9013 10553
f 10552 9021 9014
f 10552 9014 9013
f 10554 9010 9015
f 10554 7706 9010
f 10554 6144 3688
f 10554 3688 3686
f 10554 3686 7706
f 10554 9015 6144
f 10555 9019 10556
f 10557 10553 6129
f 10557 10552 10553
f 10557 6129 6130
f 10557 6130 10558
f 10559 10556 9019
f 10560 7713 9020
f 10560 9030 7713
f 10560 9020 9024
f 10561 7723 9036
f 10561 10560 9024
f 10561 9030 10560
f 10561 9036 9030
f 10562 10558 6130
f 10563 9026 9028
f 10563 9034 9026
f 10564 9037 10565
f 10564 9034 10563
f 10566 10565 9037
f 10567 9054 9053
f 10568 9042 9043
f 10568 9043 9049
f 10569 7734 9038
f 10569 9038 9041
f 10569 9051 7734
f 10570 7745 9060
f 10570 9060 9051
f 10570 10569 9041
f 10570 9051 10569
f 10571 9056 9043
f 10571 9043 9048
f 10572 7737 9046
f 10572 3708 7737
f 10572 3707 3708
f 10572 6178 3707
f 10572 9050 6178
f 10572 9046 9050
f 10573 9064 9055
f 10573 9054 10574
f 10573 9055 9054
f 10573 9067 9064
f 10575 9061 10576
f 10577 3742 2920
f 10577 9047 9062
f 10577 2920 3700
f 10577 3700 9047
f 10577 3750 3742
f 10578 6165 6166
f 10578 10574 6165
f 10578 6166 10579
f 10578 10573 10574
f 10580 10576 9061
f 10581 9073 7749
f 10581 7749 9063
f 10581 9063 9067
f 10582 10577 9062
f 10582 9062 3730
f 10582 3741 3753
f 10582 3750 10577
f 10582 3753 3750
f 10582 3730 3741
f 10583 9073 10581
f 10583 10581 9067
f 10583 9077 9073
f 10583 7758 9077
f 10584 10579 6166
f 10585 9072 7754
f 10585 7754 3747
f 10585 6189 9072
f 10585 3740 6189
f 10585 3747 3740
f 10586 9078 10587
f 10588 10587 9078
f 10589 9091 9090
f 10590 9082 9083
f 10590 9083 9087
f 10591 9089 7763
f 10591 7763 9079
f 10591 9079 9081
f 10592 10591 9081
f 10592 7769 9096
f 10592 9089 10591
f 10592 9096 9089
f 10593 9083 9086
f 10593 9094 9083
f 10594 9091 10595
f 10594 9102 9099
f 10594 9092 9091
f 10594 9099 9092
f 10596 3790 3780
f 10596 6213 3790
f 10596 3780 7767
f 10596 7767 9088
f 10596 9093 6213
f 10596 9088 9093
f 10597 9097 10598
f 10599 6193 10600
f 10599 10595 6192
f 10599 10594 10595
f 10599 6192 6193
f 10601 10598 9097
f 10602 9098 9102
f 10602 9108 7774
f 10602 7774 9098
f 10603 9114 9108
f 10603 9108 10602
f 10603 7784 9114
f 10603 10602 9102
f 10604 10600 6193
f 10605 9112 9104
f 10605 9104 9106
f 10606 9112 10605
f 10606 9115 10607
f 10608 10607 9115
f 10609 9131 9130
f 10610 9120 9125
f 10610 9119 9120
f 10611 7789 9116
f 10611 9116 9118
f 10611 9127 7789
f 10612 9137 9127
f 10612 10611 9118
f 10612 9127 10611
f 10612 7795 9137
f 10613 9120 9124
f 10613 9134 9120
f 10614 9126 6238
f 10614 3822 7792
f 10614 6238 3825
f 10614 7792 9123
f 10614 9123 9126
f 10614 3825 3822
f 10615 9132 9131
f 10615 9131 10616
f 10615 9143 9140
f 10615 9140 9132
f 10617 9138 10618
f 10619 6228 6229
f 10619 10615 10616
f 10619 10616 6228
f 10619 6229 10620
f 10621 10618 9138
f 10622 9149 7801
f 10622 7801 9139
f 10622 9139 9143
f 10623 7810 9153
f 10623 9153 9149
f 10623 10622 9143
f 10623 9149 10622
f 10624 10620 6229
f 10625 6261 9148
f 10625 9148 7806
f 10625 3840 3835
f 10625 7806 3840
f 10625 3835 6261
f 10626 9154 10627
f 10628 10627 9154
f 10629 9167 9166
f 10630 9158 9159
f 10630 9159 9163
f 10631 7816 9155
f 10631 9165 7816
f 10631 9155 9157
f 10632 9165 10631
f 10632 7823 9173
f 10632 9173 9165
f 10632 10631 9157
f 10633 9170 9159
f 10633 9159 9162
f 10634 9164 9169
f 10634 3863 3864
f 10634 7819 9164
f 10634 9169 6301
f 10634 6301 3863
f 10634 3864 7819
f 10635 9168 9167
f 10635 9179 9176
f 10635 9167 10636
f 10635 9176 9168
f 10637 9174 10638
f 10639 10635 10636
f 10639 6280 6281
f 10639 10636 6280
f 10639 6281 10640
f 10641 10638 9174
f 10642 7826 9175
f 10642 9185 7826
f 10642 9175 9179
f 10643 9191 9185
f 10643 7836 9191
f 10643 10642 9179
f 10643 9185 10642
f 10644 10640 6281
f 10645 9189 9181
f 10645 9181 9183
f 10646 9189 10645
f 10646 9192 10647
f 10648 10647 9192
f 10649 9207 9206
f 10650 9196 9197
f 10650 9197 9203
f 10651 7841 9193
f 10651 9204 7841
f 10651 9193 9195
f 10652 9204 10651
f 10652 10651 9195
f 10652 7846 9213
f 10652 9213 9204
f 10653 9210 9197
f 10653 9197 9201
f 10654 3944 3941
f 10654 6318 3944
f 10654 9200 9202
f 10654 7842 9200
f 10654 9202 6318
f 10654 3941 7842
f 10655 9208 9207
f 10655 9207 10656
f 10655 9219 9216
f 10655 9216 9208
f 10657 9214 10658
f 10659 10655 10656
f 10659 6309 6310
f 10659 10656 6309
f 10659 6310 10660
f 10661 10658 9214
f 10662 7851 9215
f 10662 9225 7851
f 10662 9215 9219
f 10663 7858 9229
f 10663 10662 9219
f 10663 9225 10662
f 10663 9229 9225
f 10664 10660 6310
f 10665 9224 7856
f 10665 3957 3952
f 10665 6330 9222
f 10665 7856 3957
f 10665 3952 6330
f 10665 9222 9224
f 10666 9230 10667
f 10668 10667 9230
f 10669 9244 9243
f 10670 9234 9235
f 10670 9235 9239
f 10671 9242 7867
f 10671 7867 9231
f 10671 9231 9233
f 10672 9250 9242
f 10672 9242 10671
f 10672 7875 9250
f 10672 10671 9233
f 10673 9235 9238
f 10673 9247 9235
f 10674 9246 6363
f 10674 9241 9246
f 10674 3973 7872
f 10674 6363 3972
f 10674 3972 3973
f 10674 7872 9241
f 10675 9253 9245
f 10675 9255 9253
f 10675 9244 10676
f 10675 9245 9244
f 10677 9251 10678
f 10679 10675 10676
f 10679 6341 6342
f 10679 6342 10680
f 10679 10676 6341
f 10681 10678 9251
f 10682 9263 10681
f 10682 9260 9263
f 10682 9259 9260
f 10683 9252 9255
f 10683 7880 9252
f 10683 9265 7880
f 10684 9265 10683
f 10684 10683 9255
f 10684 9271 9265
f 10684 7882 9271
f 10685 10680 6342
f 10686 9260 9262
f 10686 9269 9260
f 10687 9272 10688
f 10687 9269 10686
f 10689 6374 4042
f 10689 6368 9264
f 10690 10688 9272
f 10691 9287 9286
f 10692 9277 9283
f 10692 9276 9277
f 10693 9284 7890
f 10693 7890 9273
f 10693 9273 9275
f 10694 9284 10693
f 10694 7895 9293
f 10694 9293 9284
f 10694 10693 9275
f 10695 9277 9281
f 10695 9290 9277
f 10696 7891 9280
f 10696 9282 6380
f 10696 6380 4052
f 10696 9280 9282
f 10696 4043 7891
f 10696 4052 4043
f 10697 9288 9287
f 10697 9299 9296
f 10697 9296 9288
f 10697 9287 10698
f 10699 9294 10700
f 10701 6372 10702
f 10701 6371 6372
f 10701 10698 6371
f 10701 10697 10698
f 10703 10700 9294
f 10704 7900 9295
f 10704 9295 9299
f 10704 9306 7900
f 10705 10704 9299
f 10705 7907 9310
f 10705 9310 9306
f 10705 9306 10704
f 10706 10702 6372
f 10707 6397 9303
f 10707 9303 9305
f 10707 9305 7905
f 10707 4069 4066
f 10707 4066 6397
f 10707 7905 4069
f 10708 9311 10709
f 10710 10709 9311
f 10711 9324 9323
f 10712 9315 9316
f 10712 9316 9320
f 10713 9322 7916
f 10713 7916 9312
f 10713 9312 9314
f 10714 9329 9322
f 10714 9322 10713
f 10714 7924 9329
f 10714 10713 9314
f 10715 9327 9316
f 10715 9316 9319
f 10716 9321 9326
f 10716 9326 6420
f 10716 4089 7920
f 10716 6420 4088
f 10716 4088 4089
f 10716 7920 9321
f 10717 9335 9332
f 10717 9332 9325
f 10717 9324 10718
f 10717 9325 9324
f 10719 9330 10720
f 10721 10717 10718
f 10721 10718 6401
f 10721 6401 6402
f 10721 6402 10722
f 10723 10720 9330
f 10724 9343 10723
f 10724 9338 9339
f 10724 9339 9343
f 10725 7931 9331
f 10725 9344 7931
f 10725 9331 9335
f 10726 9344 10725
f 10726 10725 9335
f 10726 7941 9351
f 10726 9351 9344
f 10727 10722 6402
f 10728 9352 10729
f 10730 4102 6449
f 10730 6449 9346
f 10730 4118 4102
f 10730 7942 4118
f 10730 9347 7942
f 10730 9346 9347
f 10731 10729 9352
f 10732 9365 9364
f 10733 9356 9357
f 10733 9357 9361
f 10734 9353 9355
f 10734 7947 9353
f 10734 9362 7947
f 10735 9370 9362
f 10735 10734 9355
f 10735 9362 10734
f 10735 7953 9370
f 10736 9357 9360
f 10736 9367 9357
f 10737 9376 9373
f 10737 9373 9366
f 10737 9366 9365
f 10737 9365 10738
f 10739 9371 10740
f 10741 6456 10742
f 10741 10738 6455
f 10741 6455 6456
f 10741 10737 10738
f 10743 10740 9371
f 10744 9372 9376
f 10744 7958 9372
f 10744 9383 7958
f 10745 10744 9376
f 10745 7965 9387
f 10745 9387 9383
f 10745 9383 10744
f 10746 10742 6456
f 10747 6475 9380
f 10747 9382 7962
f 10747 9380 9382
f 10747 7962 4181
f 10747 4181 4175
f 10747 4175 6475
f 10748 9388 10749
f 10750 10749 9388
f 10751 9401 9400
f 10752 9393 9397
f 10752 9392 9393
f 10753 7972 9389
f 10753 9399 7972
f 10753 9389 9391
f 10754 10753 9391
f 10754 9406 9399
f 10754 7979 9406
f 10754 9399 10753
f 10755 9393 9396
f 10755 9404 9393
f 10756 4224 7975
f 10756 6490 4223
f 10756 4223 4224
f 10756 7975 9398
f 10756 9398 6490
f 10757 9412 9409
f 10757 9402 9401
f 10757 9401 10758
f 10757 9409 9402
f 10759 9407 10760
f 10761 10758 6479
f 10761 6479 6480
f 10761 6480 10762
f 10761 10757 10758
f 10763 10760 9407
f 10764 9420 10763
f 10764 9416 9420
f 10764 9415 9416
f 10765 9421 7982
f 10765 7982 9408
f 10765 9408 9412
f 10766 9427 9421
f 10766 9421 10765
f 10766 10765 9412
f 10766 7990 9427
f 10767 10762 6480
f 10768 9428 10769
f 10770 6505 9422
f 10770 7991 4250
f 10770 9423 7991
f 10770 4250 4240
f 10770 9422 9423
f 10770 4240 6505
f 10771 10769 9428
f 10772 9442 9441
f 10773 9432 9433
f 10773 9433 9438
f 10774 9439 7998
f 10774 9429 9431
f 10774 7998 9429
f 10775 10774 9431
f 10775 9447 9439
f 10775 9439 10774
f 10775 8008 9447
f 10776 9433 9437
f 10776 9444 9433
f 10777 9442 10778
f 10777 9450 9443
f 10777 9443 9442
f 10777 9453 9450
f 10779 9448 10780
f 10781 10777 10778
f 10781 6518 6519
f 10781 10778 6518
f 10781 6519 10782
f 10783 10780 9448
f 10784 9460 8016
f 10784 8016 9449
f 10784 9449 9453
f 10785 9460 10784
f 10785 9464 9460
f 10785 8025 9464
f 10785 10784 9453
f 10786 10782 6519
f 10787 9457 9459
f 10787 4295 4292
f 10787 9459 8020
f 10787 8020 4295
f 10787 4292 6541
f 10787 6541 9457
f 10788 9465 10789
f 10790 10789 9465
f 10791 9478 9477
f 10792 9469 9470
f 10792 9470 9474
f 10793 8030 9466
f 10793 9466 9468
f 10793 9476 8030
f 10794 10793 9468
f 10794 8035 9483
f 10794 9483 9476
f 10794 9476 10793
f 10795 9481 9470
f 10795 9470 9473
f 10796 9475 6563
f 10796 8033 9475
f 10796 6563 4337
f 10796 4337 4338
f 10796 4338 8033
f 10797 9479 9478
f 10797 9478 10798
f 10797 9486 9479
f 10797 9489 9486
f 10799 9484 10800
f 10801 10798 6547
f 10801 6548 10802
f 10801 10797 10798
f 10801 6547 6548
f 10803 10800 9484
f 10804 9492 9493
f 10804 9493 9497
f 10804 9497 10803
f 10805 9485 9489
f 10805 8040 9485
f 10805 9498 8040
f 10806 8047 9504
f 10806 10805 9489
f 10806 9504 9498
f 10806 9498 10805
f 10807 10802 6548
f 10808 9505 10809
f 10810 9500 8045
f 10810 8045 4357
f 10810 4357 4348
f 10810 4348 6571
f 10810 6571 9499
f 10810 9499 9500
f 10811 10809 9505
f 10812 9518 9517
f 10813 9509 9510
f 10813 9510 9514
f 10814 9506 9508
f 10814 8056 9506
f 10814 9515 8056
f 10815 9515 10814
f 10815 9523 9515
f 10815 10814 9508
f 10815 8067 9523
f 10816 9520 9510
f 10816 9510 9513
f 10817 9519 9518
f 10817 9518 10818
f 10817 9530 9527
f 10817 9527 9519
f 10819 9524 10820
f 10821 6573 10822
f 10821 10818 6572
f 10821 6572 6573
f 10821 10817 10818
f 10823 10820 9524
f 10824 229 230
f 10824 230 231
f 10824 231 9525
f 10824 9525 6606
f 10824 6606 4392
f 10824 4392 229
f 10825 9537 8075
f 10825 8075 9526
f 10825 9526 9530
f 10826 9537 10825
f 10826 8083 9541
f 10826 9541 9537
f 10826 10825 9530
f 10827 10822 6573
f 10828 8079 4410
f 10828 4401 6604
f 10828 9533 9535
f 10828 9535 8079
f 10828 6604 9533
f 10828 4410 4401
f 10829 9542 10830
f 10831 10830 9542
f 10832 4409 9536
f 10832 9536 9543
f 10832 4414 4412
f 10832 4408 4409
f 10832 4412 4408
f 10832 4418 4414
f 10832 4420 4418
f 10832 2957 4420
f 10833 9556 9555
f 10834 9547 9548
f 10834 9548 9552
f 10835 8091 9544
f 10835 9554 8091
f 10835 9544 9546
f 10836 10832 9543
f 10836 4424 2957
f 10836 2957 10832
f 10836 9543 4424
f 10837 9554 10835
f 10837 9561 9554
f 10837 8098 9561
f 10837 10835 9546
f 10838 9559 9548
f 10838 9548 9551
f 10839 6624 4448
f 10839 8094 9553
f 10839 9553 6624
f 10839 4450 8094
f 10839 4448 4450
f 10840 9569 9564
f 10840 9557 9556
f 10840 9564 9557
f 10840 9556 10841
f 10842 9562 10843
f 10844 10841 6615
f 10844 6615 6616
f 10844 10840 10841
f 10844 6616 10845
f 10846 10843 9562
f 10847 9575 10846
f 10847 9570 9571
f 10847 9571 9575
f 10848 8101 9563
f 10848 9576 8101
f 10848 9563 9569
f 10849 10848 9569
f 10849 9576 10848
f 10849 9582 9576
f 10849 8110 9582
f 10850 10845 6616
f 10851 9583 10852
f 10853 4488 4478
f 10853 4478 6631
f 10853 6631 9577
f 10853 9577 9578
f 10853 9578 8106
f 10853 8106 4488
f 10854 10852 9583
f 10855 9596 9595
f 10856 9587 9588
f 10856 9588 9592
f 10857 9593 8115
f 10857 8115 9584
f 10857 9584 9586
f 10858 8121 9601
f 10858 9601 9593
f 10858 9593 10857
f 10858 10857 9586
f 10859 9599 9588
f 10859 9588 9591
f 10860 9604 9597
f 10860 9597 9596
f 10860 9607 9604
f 10860 9596 10861
f 10862 9602 10863
f 10864 10860 10861
f 10864 6633 10865
f 10864 6632 6633
f 10864 10861 6632
f 10866 10863 9602
f 10867 9603 9607
f 10867 8127 9603
f 10867 9613 8127
f 10868 10867 9607
f 10868 8135 9618
f 10868 9618 9613
f 10868 9613 10867
f 10869 10865 6633
f 10870 9609 9611
f 10870 9617 9609
f 10871 9619 10872
f 10871 9617 10870
f 10873 10872 9619
f 10874 9633 9632
f 10875 9625 9629
f 10875 9624 9625
f 10876 8146 9621
f 10876 9621 9623
f 10876 9631 8146
f 10877 9639 9631
f 10877 9631 10876
f 10877 8152 9639
f 10877 10876 9623
f 10878 9625 9628
f 10878 9636 9625
f 10879 8149 9630
f 10879 4572 4574
f 10879 6690 4572
f 10879 9630 6690
f 10879 4574 8149
f 10880 9633 10881
f 10880 9645 9642
f 10880 9634 9633
f 10880 9642 9634
f 10882 9640 10883
f 10884 10880 10881
f 10884 6678 10885
f 10884 6677 6678
f 10884 10881 6677
f 10886 10883 9640
f 10887 9651 10886
f 10887 9646 9647
f 10887 9647 9651
f 10888 8157 9641
f 10888 9641 9645
f 10888 9653 8157
f 10889 9653 10888
f 10889 8166 9657
f 10889 9657 9653
f 10889 10888 9645
f 10890 10885 6678
f 10891 9658 10892
f 10893 4607 4596
f 10893 9652 8164
f 10893 6698 9652
f 10893 4596 6698
f 10893 8164 4607
f 10894 10892 9658
f 10895 9671 9670
f 10896 9662 9663
f 10896 9663 9667
f 10897 9669 8173
f 10897 8173 9659
f 10897 9659 9661
f 10898 8181 9676
f 10898 10897 9661
f 10898 9669 10897
f 10898 9676 9669
f 10899 9663 9666
f 10899 9674 9663
f 10900 9682 9679
f 10900 9672 9671
f 10900 9679 9672
f 10900 9671 10901
f 10902 9677 10903
f 10904 6702 10905
f 10904 6701 6702
f 10904 10900 10901
f 10904 10901 6701
f 10906 10903 9677
f 10907 9678 9682
f 10907 8184 9678
f 10907 9688 8184
f 10908 10907 9682
f 10908 9694 9688
f 10908 8195 9694
f 10908 9688 10907
f 10909 10905 6702
f 10910 9684 9686
f 10910 9692 9684
f 10911 9692 10910
f 10911 9695 10912
f 10913 10912 9695
f 10914 9710 9709
f 10915 9699 9700
f 10915 9700 9705
f 10916 9707 8203
f 10916 8203 9696
f 10916 9696 9698
f 10917 8213 9715
f 10917 9715 9707
f 10917 9707 10916
f 10917 10916 9698
f 10918 9700 9704
f 10918 9712 9700
f 10919 4669 8206
f 10919 9706 6748
f 10919 4667 4669
f 10919 6748 4667
f 10919 8206 9706
f 10920 9710 10921
f 10920 9718 9711
f 10920 9711 9710
f 10920 9721 9718
f 10922 9716 10923
f 10924 10920 10921
f 10924 10921 6733
f 10924 6733 6734
f 10924 6734 10925
f 10926 10923 9716
f 10927 9728 10926
f 10927 9723 9728
f 10927 9722 9723
f 10928 9730 8218
f 10928 8218 9717
f 10928 9717 9721
f 10929 10928 9721
f 10929 9735 9730
f 10929 9730 10928
f 10929 8228 9735
f 10930 10925 6734
f 10931 4710 4698
f 10931 6758 9729
f 10931 9729 8226
f 10931 8226 4710
f 10931 4698 6758
f 10932 9736 10933
f 10934 4703 4701
f 10934 4674 9731
f 10934 4696 4674
f 10934 4701 4696
f 10935 10933 9736
f 10936 9750 9749
f 10937 10934 9731
f 10937 9731 9737
f 10937 4703 10934
f 10937 9737 4717
f 10937 4725 4703
f 10937 2970 4725
f 10937 4717 2970
f 10938 9741 9742
f 10938 9742 9746
f 10939 9738 9740
f 10939 8235 9738
f 10939 9748 8235
f 10940 9748 10939
f 10940 8243 9755
f 10940 9755 9748
f 10940 10939 9740
f 10941 9753 9742
f 10941 9742 9745
f 10942 9761 9758
f 10942 9758 9751
f 10942 9750 10943
f 10942 9751 9750
f 10944 6777 4742
f 10944 4742 4734
f 10944 9752 6777
f 10944 8239 9747
f 10944 9747 9752
f 10944 4734 8239
f 10945 9756 10946
f 10947 10943 6762
f 10947 10942 10943
f 10947 6762 6763
f 10947 6763 10948
f 10949 10946 9756
f 10950 9767 8246
f 10950 8246 9757
f 10950 9757 9761
f 10951 9773 9767
f 10951 8254 9773
f 10951 10950 9761
f 10951 9767 10950
f 10952 10948 6763
f 10953 9763 9765
f 10953 9771 9763
f 10954 9771 10953
f 10954 9774 10955
f 10956 10955 9774
f 10957 9789 9788
f 10958 9778 9779
f 10958 9779 9784
f 10959 8261 9775
f 10959 9786 8261
f 10959 9775 9777
f 10960 9795 9786
f 10960 8267 9795
f 10960 9786 10959
f 10960 10959 9777
f 10961 9791 9779
f 10961 9779 9783
f 10962 9782 9785
f 10962 8264 9782
f 10962 9785 6811
f 10962 4782 4783
f 10962 4783 8264
f 10962 6811 4782
f 10963 9801 9798
f 10963 9798 9790
f 10963 9789 10964
f 10963 9790 9789
f 10965 9796 10966
f 10967 6804 10968
f 10967 10964 6803
f 10967 10963 10964
f 10967 6803 6804
f 10969 10966 9796
f 10970 8272 9797
f 10970 9797 9801
f 10970 9807 8272
f 10971 9807 10970
f 10971 10970 9801
f 10971 9811 9807
f 10971 8281 9811
f 10972 10968 6804
f 10973 8277 4794
f 10973 4791 6833
f 10973 4794 4791
f 10973 6833 9806
f 10973 9806 8277
f 10974 9812 10975
f 10976 10975 9812
f 10977 9825 9824
f 10978 9817 9821
f 10978 9816 9817
f 10979 8289 9813
f 10979 9823 8289
f 10979 9813 9815
f 10980 8297 9830
f 10980 9823 10979
f 10980 9830 9823
f 10980 10979 9815
f 10981 9817 9820
f 10981 9828 9817
f 10982 9833 9826
f 10982 9836 9833
f 10982 9825 10983
f 10982 9826 9825
f 10984 4810 8293
f 10984 8293 9822
f 10984 9822 9827
f 10984 9827 6873
f 10984 4818 4810
f 10984 6873 4818
f 10985 9831 10986
f 10987 6850 6851
f 10987 10982 10983
f 10987 6851 10988
f 10987 10983 6850
f 10989 10986 9831
f 10990 9842 8304
f 10990 9832 9836
f 10990 8304 9832
f 10991 9842 10990
f 10991 10990 9836
f 10991 9848 9842
f 10991 8314 9848
f 10992 10988 6851
f 10993 9838 9840
f 10993 9846 9838
f 10994 9849 10995
f 10994 9846 10993
f 10996 10995 9849
f 10997 9864 9863
f 10998 9853 9854
f 10998 9854 9859
f 10999 9861 8319
f 10999 8319 9850
f 10999 9850 9852
f 11000 9861 10999
f 11000 9870 9861
f 11000 8326 9870
f 11000 10999 9852
f 11001 9867 9854
f 11001 9854 9858
f 11002 9857 9860
f 11002 6893 4896
f 11002 4896 4897
f 11002 9860 6893
f 11002 4897 8322
f 11002 8322 9857
f 11003 9864 11004
f 11003 9865 9864
f 11003 9873 9865
f 11003 9876 9873
f 11005 9871 11006
f 11007 11003 11004
f 11007 6882 6883
f 11007 11004 6882
f 11007 6883 11008
f 11009 11006 9871
f 11010 8329 9872
f 11010 9872 9876
f 11010 9882 8329
f 11011 9886 9882
f 11011 11010 9876
f 11011 9882 11010
f 11011 8336 9886
f 11012 11008 6883
f 11013 4906 6906
f 11013 9881 8334
f 11013 6906 9881
f 11013 8334 4909
f 11013 4909 4906
f 11014 9887 11015
f 11016 11015 9887
f 11017 9902 9901
f 11018 9892 9893
f 11018 9893 9898
f 11019 9900 8349
f 11019 8349 9888
f 11019 9888 9891
f 11020 8360 9908
f 11020 11019 9891
f 11020 9900 11019
f 11020 9908 9900
f 11021 9893 9897
f 11021 9905 9893
f 11022 4919 4920
f 11022 6931 4919
f 11022 8352 9899
f 11022 4920 8352
f 11022 9904 6931
f 11022 9899 9904
f 11023 9902 11024
f 11023 9903 9902
f 11023 9915 9912
f 11023 9912 9903
f 11025 9909 11026
f 11027 2982 4913
f 11027 9896 9910
f 11027 4913 9896
f 11028 11023 11024
f 11028 6914 11029
f 11028 6913 6914
f 11028 11024 6913
f 11030 11026 9909
f 11031 8364 9911
f 11031 9911 9915
f 11031 9921 8364
f 11032 4950 4959
f 11032 9910 4938
f 11032 4959 4960
f 11032 11027 9910
f 11032 4938 4950
f 11033 9927 9921
f 11033 9921 11031
f 11033 11031 9915
f 11033 8372 9927
f 11034 11029 6914
f 11035 9917 9919
f 11035 9925 9917
f 11036 9928 11037
f 11036 9925 11035
f 11038 11037 9928
f 11039 9943 9942
f 11040 9932 9933
f 11040 9933 9939
f 11041 9940 8379
f 11041 8379 9929
f 11041 9929 9931
f 11042 9940 11041
f 11042 8386 9949
f 11042 9949 9940
f 11042 11041 9931
f 11043 9946 9933
f 11043 9933 9937
f 11044 4998 4988
f 11044 4988 8380
f 11044 9938 6952
f 11044 9936 9938
f 11044 8380 9936
f 11044 6952 4998
f 11045 9955 9952
f 11045 9952 9944
f 11045 9943 11046
f 11045 9944 9943
f 11047 9950 11048
f 11049 6944 6945
f 11049 6945 11050
f 11049 11046 6944
f 11049 11045 11046
f 11051 11048 9950
f 11052 8389 9951
f 11052 9951 9955
f 11052 9961 8389
f 11053 9961 11052
f 11053 9965 9961
f 11053 11052 9955
f 11053 8396 9965
f 11054 11050 6945
f 11055 6972 9958
f 11055 9960 8394
f 11055 5022 5014
f 11055 5014 6972
f 11055 8394 5022
f 11055 9958 9960
f 11056 9966 11057
f 11058 11057 9966
f 11059 9980 9979
f 11060 9971 9975
f 11060 9970 9971
f 11061 8403 9967
f 11061 9967 9969
f 11061 9977 8403
f 11062 9977 11061
f 11062 11061 9969
f 11062 9986 9977
f 11062 8410 9986
f 11063 9983 9971
f 11063 9971 9974
f 11064 6992 5034
f 11064 5034 5035
f 11064 8406 9976
f 11064 9982 6992
f 11064 9976 9982
f 11064 5035 8406
f 11065 9981 9980
f 11065 9989 9981
f 11065 9992 9989
f 11065 9980 11066
f 11067 9987 11068
f 11069 6976 6977
f 11069 6977 11070
f 11069 11065 11066
f 11069 11066 6976
f 11071 11068 9987
f 11072 9998 8416
f 11072 8416 9988
f 11072 9988 9992
f 11073 9998 11072
f 11073 10004 9998
f 11073 8424 10004
f 11073 11072 9992
f 11074 11070 6977
f 11075 9994 9996
f 11075 10002 9994
f 11076 10005 11077
f 11076 10002 11075
f 11078 11077 10005
f 11079 10020 10019
f 11080 10009 10010
f 11080 10010 10016
f 11081 8432 10006
f 11081 10006 10008
f 11081 10017 8432
f 11082 8437 10026
f 11082 11081 10008
f 11082 10026 10017
f 11082 10017 11081
f 11083 10010 10014
f 11083 10023 10010
f 11084 5068 5061
f 11084 8433 10013
f 11084 10015 7048
f 11084 10013 10015
f 11084 5061 8433
f 11084 7048 5068
f 11085 10029 10021
f 11085 10021 10020
f 11085 10020 11086
f 11085 10032 10029
f 11087 10027 11088
f 11089 7032 7033
f 11089 11086 7032
f 11089 7033 11090
f 11089 11085 11086
f 11091 11088 10027
f 11092 10038 8442
f 11092 8442 10028
f 11092 10028 10032
f 11093 10042 10038
f 11093 8451 10042
f 11093 10038 11092
f 11093 11092 10032
f 11094 11090 7033
f 11095 5114 5097
f 11095 5097 7056
f 11095 8447 5114
f 11095 10035 10037
f 11095 7056 10035
f 11095 10037 8447
f 11096 10043 11097
f 11098 11097 10043
f 11099 10056 10055
f 11100 10047 10048
f 11100 10048 10052
f 11101 10054 8456
f 11101 8456 10044
f 11101 10044 10046
f 11102 10054 11101
f 11102 11101 10046
f 11102 8461 10061
f 11102 10061 10054
f 11103 10048 10051
f 11103 10059 10048
f 11104 5156 8459
f 11104 8459 10053
f 11104 10058 7071
f 11104 10053 10058
f 11104 7071 5155
f 11104 5155 5156
f 11105 10056 11106
f 11105 10057 10056
f 11105 10064 10057
f 11105 10067 10064
f 11107 10062 11108
f 11109 11105 11106
f 11109 11106 7057
f 11109 7057 7058
f 11109 7058 11110
f 11111 11108 10062
f 11112 10070 10071
f 11112 10075 11111
f 11112 10071 10075
f 11113 8466 10063
f 11113 10063 10067
f 11113 10076 8466
f 11114 10082 10076
f 11114 8472 10082
f 11114 11113 10067
f 11114 10076 11113
f 11115 11110 7058
f 11116 10083 11117
f 11118 5166 7084
f 11118 5171 5166
f 11118 8475 5171
f 11118 7084 10077
f 11118 10077 10078
f 11118 10078 8475
f 11119 11117 10083
f 11120 10097 10096
f 11121 10087 10088
f 11121 10088 10092
f 11122 10084 10086
f 11122 8482 10084
f 11122 10094 8482
f 11123 8493 10102
f 11123 10102 10094
f 11123 11122 10086
f 11123 10094 11122
f 11124 10088 10091
f 11124 10099 10088
f 11125 10097 11126
f 11125 10105 10098
f 11125 10108 10105
f 11125 10098 10097
f 11127 10103 11128
f 11129 7096 11130
f 11129 11126 7095
f 11129 11125 11126
f 11129 7095 7096
f 11131 11128 10103
f 11132 8496 10104
f 11132 10104 10108
f 11132 10115 8496
f 11133 11132 10108
f 11133 8503 10119
f 11133 10119 10115
f 11133 10115 11132
f 11134 11130 7096
f 11135 5222 5219
f 11135 7120 10112
f 11135 10112 10114
f 11135 5219 7120
f 11135 8501 5222
f 11135 10114 8501
f 11136 10120 11137
f 11138 11137 10120
f 11139 10133 10132
f 11140 10125 10129
f 11140 10124 10125
f 11141 10131 8510
f 11141 8510 10121
f 11141 10121 10123
f 11142 10138 10131
f 11142 10131 11141
f 11142 11141 10123
f 11142 8517 10138
f 11143 10136 10125
f 11143 10125 10128
f 11144 8513 10130
f 11144 7145 5267
f 11144 10135 7145
f 11144 10130 10135
f 11144 5267 5268
f 11144 5268 8513
f 11145 10133 11146
f 11145 10141 10134
f 11145 10134 10133
f 11145 10144 10141
f 11147 10139 11148
f 11149 7126 7127
f 11149 11146 7126
f 11149 11145 11146
f 11149 7127 11150
f 11151 11148 10139
f 11152 10152 11151
f 11152 10147 10148
f 11152 10148 10152
f 11153 10140 10144
f 11153 8520 10140
f 11153 10153 8520
f 11154 10153 11153
f 11154 8528 10159
f 11154 11153 10144
f 11154 10159 10153
f 11155 11150 7127
f 11156 10160 11157
f 11158 5280 7153
f 11158 7153 10154
f 11158 5288 5280
f 11158 10154 10155
f 11158 10155 8529
f 11158 8529 5288
f 11159 11157 10160
f 11160 10173 10172
f 11161 10164 10165
f 11161 10165 10169
f 11162 8534 10161
f 11162 10161 10163
f 11162 10170 8534
f 11163 8540 10178
f 11163 10170 11162
f 11163 11162 10163
f 11163 10178 10170
f 11164 10165 10168
f 11164 10175 10165
f 11165 10173 11166
f 11165 10174 10173
f 11165 10184 10181
f 11165 10181 10174
f 11167 10179 11168
f 11169 11166 7155
f 11169 11165 11166
f 11169 7156 11170
f 11169 7155 7156
f 11171 11168 10179
f 11172 8547 10180
f 11172 10180 10184
f 11172 10191 8547
f 11173 11172 10184
f 11173 10195 10191
f 11173 8557 10195
f 11173 10191 11172
f 11174 11170 7156
f 11175 5326 5319
f 11175 5319 7197
f 11175 7197 10188
f 11175 10188 10190
f 11175 10190 8552
f 11175 8552 5326
f 11176 10196 11177
f 11178 11177 10196
f 11179 10209 10208
f 11180 10201 10205
f 11180 10200 10201
f 11181 10197 10199
f 11181 8562 10197
f 11181 10207 8562
f 11182 8569 10214
f 11182 10207 11181
f 11182 11181 10199
f 11182 10214 10207
f 11183 10201 10204
f 11183 10212 10201
f 11184 5400 8565
f 11184 5399 5400
f 11184 8565 10206
f 11184 7213 5399
f 11184 10206 7213
f 11185 10210 10209
f 11185 10209 11186
f 11185 10217 10210
f 11185 10220 10217
f 11187 10215 11188
f 11189 7203 7204
f 11189 11185 11186
f 11189 7204 11190
f 11189 11186 7203
f 11191 11188 10215
f 11192 10224 10228
f 11192 10223 10224
f 11192 10228 11191
f 11193 10229 8572
f 11193 10216 10220
f 11193 8572 10216
f 11194 10235 10229
f 11194 10229 11193
f 11194 11193 10220
f 11194 8581 10235
f 11195 11190 7204
f 11196 10236 11197
f 11198 5446 5430
f 11198 5430 7221
f 11198 7221 10230
f 11198 10230 10231
f 11198 10231 8577
f 11198 8577 5446
f 11199 11197 10236
f 11200 10249 10248
f 11201 10241 10245
f 11201 10240 10241
f 11202 10246 8586
f 11202 8586 10237
f 11202 10237 10239
f 11203 11202 10239
f 11203 10246 11202
f 11203 8592 10254
f 11203 10254 10246
f 11204 10241 10244
f 11204 10251 10241
f 11205 10255 11206
f 11207 10256 10249
f 11208 11206 10255
f 11209 10270 10265
f 11209 10265 8597
f 11210 11211 7223
f 11210 11212 11211
f 11213 10270 11209
f 11213 10267 10266
f 11213 10266 8604
f 11213 11209 10267
f 11213 8604 10270
f 11214 5497 5492
f 11214 10262 10264
f 11214 5492 7242
f 11214 10264 8601
f 11214 7242 10262
f 11214 8601 5497
f 11215 10271 11216
f 11217 11216 10271
f 11218 10284 10283
f 11219 10275 10276
f 11219 10276 10280
f 11220 8612 10272
f 11220 10282 8612
f 11220 10272 10274
f 11221 10282 11220
f 11221 8617 10290
f 11221 11220 10274
f 11221 10290 10282
f 11222 10276 10279
f 11222 10287 10276
f 11223 10281 7253
f 11223 8615 10281
f 11223 5558 8615
f 11223 7253 5556
f 11223 5556 5558
f 11224 10284 11225
f 11224 10285 10284
f 11224 10293 10285
f 11224 10299 10293
f 11226 10291 11227
f 11228 7249 8625
f 11228 8625 7269
f 11228 7248 7249
f 11228 11224 11225
f 11228 11225 7248
f 11229 11227 10291
f 11230 10301 10307
f 11230 10300 10301
f 11230 10307 11229
f 11231 10308 8622
f 11231 10292 10299
f 11231 8622 10292
f 11232 10308 11231
f 11232 10314 10308
f 11232 8632 10314
f 11232 11231 10299
f 11233 10315 11234
f 11235 5600 5581
f 11235 7265 10309
f 11235 10310 8630
f 11235 10309 10310
f 11235 8630 5600
f 11235 5581 7265
f 11236 11234 10315
f 11237 7294 10321
f 11237 10318 7294
f 11238 10343 10347
f 11238 8670 10343
f 11239 10351 10350
f 11239 10350 8669
f 11239 10357 10351
f 11239 8669 8670
f 11239 11238 10357
f 11239 8670 11238
f 11240 8681 10357
f 11240 10357 11238
f 11240 11238 10347
f 11240 10347 8681
f 11241 8671 8672
f 11241 8672 10351
f 11241 8673 8671
f 11242 10351 10356
f 11242 10356 10366
f 11242 8673 11241
f 11242 11241 10351
f 11243 10364 10366
f 11243 10366 10356
f 11243 10361 10363
f 11243 10358 10361
f 11243 10363 10364
f 11243 10356 10358
f 11244 10366 10365
f 11244 10365 10368
f 11244 10368 8673
f 11244 11242 10366
f 11244 8673 11242
f 11245 10373 10374
f 11245 10363 10362
f 11246 10367 7360
f 11246 7360 10382
f 11246 10360 10367
f 11246 10370 10360
f 11247 10365 10364
f 11247 10371 10365
f 11247 10378 10371
f 11248 10373 10372
f 11248 10377 10373
f 11248 10379 10377
f 11248 10372 11249
f 11250 10381 10378
f 11250 10378 11247
f 11251 10372 10370
f 11251 11249 10372
f 11252 11253 11249
f 11252 11251 10370
f 11252 11249 11251
f 11254 10375 10383
f 11254 10383 8709
f 11254 10376 10375
f 11254 11250 10376
f 11254 10381 11250
f 11254 8709 10381
f 11255 10380 10379
f 11255 11249 11253
f 11255 10379 11248
f 11255 11248 11249
f 11256 10382 8700
f 11256 11253 11252
f 11256 11246 10382
f 11256 10370 11246
f 11256 11252 10370
f 11257 10387 10388
f 11257 11253 11256
f 11257 10388 11253
f 11257 8700 10387
f 11257 11256 8700
f 11258 8702 8704
f 11258 11255 11253
f 11258 10380 11255
f 11258 8704 10385
f 11258 10385 10380
f 11259 8702 11258
f 11259 11253 10388
f 11259 11258 11253
f 11260 8702 11259
f 11260 11259 10388
f 11260 10388 8715
f 11260 8715 8710
f 11260 8710 8702
f 11261 10400 10399
f 11261 11262 10400
f 11261 10399 8711
f 11263 10398 8737
f 11263 1553 7384
f 11263 1554 1553
f 11263 10392 10398
f 11263 7384 10392
f 11263 8737 1554
f 11264 8711 10391
f 11264 10395 10397
f 11264 11262 11261
f 11264 11261 8711
f 11264 10391 10395
f 11265 8725 10400
f 11265 8727 8725
f 11266 8732 8727
f 11266 8727 11265
f 11266 11265 10400
f 11267 11264 10397
f 11267 11262 11264
f 11267 11268 11262
f 11269 11266 10400
f 11269 10400 11262
f 11269 8732 11266
f 11270 11267 10397
f 11270 11268 11267
f 11270 11271 11268
f 11272 10397 10402
f 11272 11270 10397
f 11272 11271 11270
f 11273 8733 8732
f 11273 11269 11262
f 11273 10417 10410
f 11273 10410 8733
f 11273 8732 11269
f 11274 11271 11272
f 11274 10402 10405
f 11274 11272 10402
f 11275 10405 8750
f 11275 11274 10405
f 11275 8750 8754
f 11276 10413 10417
f 11276 11273 11262
f 11276 10417 11273
f 11276 11262 11268
f 11277 11276 11268
f 11277 10413 11276
f 11277 11268 11271
f 11277 10414 10413
f 11278 10415 10416
f 11278 10417 10413
f 11278 10413 10415
f 11278 10416 10417
f 11279 8755 10409
f 11280 8755 11279
f 11280 8749 8755
f 11280 11279 10436
f 11280 10424 8749
f 11280 10436 10435
f 11280 10435 10424
f 11281 10436 11279
f 11281 11279 10409
f 11281 8768 8767
f 11281 10409 10423
f 11281 10423 8768
f 11282 10430 10425
f 11282 10425 10419
f 11283 10431 10421
f 11283 10421 10420
f 11283 10420 10424
f 11283 10424 10435
f 11284 10444 10430
f 11284 10430 11282
f 11284 11282 10419
f 11285 10444 11284
f 11285 11284 10419
f 11285 10419 10426
f 11286 10435 10434
f 11286 10434 10432
f 11286 10432 10431
f 11286 11283 10435
f 11286 10431 11283
f 11287 8767 8766
f 11287 8766 10440
f 11287 10436 11281
f 11287 11281 8767
f 11287 10440 10437
f 11287 10437 10436
f 11288 10426 10431
f 11288 10431 10433
f 11288 11285 10426
f 11288 10443 10444
f 11288 10444 11285
f 11289 8766 8769
f 11289 7395 7403
f 11289 10440 8766
f 11289 7403 10440
f 11289 8769 7395
f 11290 10434 10437
f 11290 10432 10434
f 11290 7411 10442
f 11290 10442 10432
f 11291 11288 10433
f 11291 10433 10445
f 11291 10445 10443
f 11291 10443 11288
f 11292 10437 8774
f 11292 7411 11290
f 11292 11290 10437
f 11292 8773 7411
f 11292 8774 8773
f 11293 10430 10444
f 11293 8771 10430
f 11293 10444 8781
f 11293 7414 8771
f 11293 8781 7412
f 11293 7412 7414
f 11294 10468 8823
f 11294 8823 7513
f 11294 7513 10459
f 11294 10465 10468
f 11294 10459 10461
f 11294 10461 10465
f 11295 8839 10477
f 11295 10477 10474
f 11295 8827 5946
f 11295 8828 8827
f 11295 10474 8828
f 11295 5946 8839
f 11296 8842 10478
f 11296 7548 8842
f 11297 7548 11296
f 11297 11296 10478
f 11297 10478 10480
f 11297 10480 7543
f 11297 7543 7542
f 11297 7542 7548
f 11298 8871 8867
f 11298 7597 8891
f 11298 8867 7597
f 11298 10496 8871
f 11298 8891 10496
f 11299 8887 8886
f 11299 8886 10496
f 11300 8931 6022
f 11300 6021 10507
f 11300 6022 6021
f 11301 8933 8931
f 11301 11300 10507
f 11301 8931 11300
f 11301 10507 10508
f 11302 10507 6043
f 11302 8938 10508
f 11302 10513 8938
f 11302 6041 10513
f 11302 6043 6041
f 11302 10508 10507
f 11303 10510 8933
f 11303 10508 8937
f 11303 7650 10510
f 11303 11301 10508
f 11303 8933 11301
f 11303 8941 7650
f 11303 8937 8941
f 11304 10514 10511
f 11304 7643 8936
f 11304 8935 7643
f 11304 10511 8935
f 11305 10514 11304
f 11305 8936 8943
f 11305 8943 10514
f 11305 11304 8936
f 11306 10511 10514
f 11306 8940 10511
f 11306 7651 8940
f 11306 8946 7651
f 11307 11306 10514
f 11307 10514 10515
f 11307 8946 11306
f 11307 10515 8946
f 11308 10518 8943
f 11308 8943 8942
f 11309 10518 11308
f 11309 11308 8942
f 11309 8942 7647
f 11309 7647 8949
f 11310 10512 10516
f 11310 8948 10512
f 11311 7658 8946
f 11311 8946 10515
f 11311 10515 10518
f 11312 10517 8956
f 11312 10516 10517
f 11312 8956 8957
f 11312 11310 10516
f 11313 8950 7661
f 11314 7661 7656
f 11314 10518 11313
f 11314 11311 10518
f 11314 7658 11311
f 11314 7656 7658
f 11314 11313 7661
f 11315 8954 8961
f 11315 10522 8952
f 11315 10523 10522
f 11315 8961 10523
f 11315 8952 7654
f 11315 7654 8954
f 11316 8956 10517
f 11316 10517 10521
f 11316 8963 8956
f 11317 10521 10526
f 11317 11316 10521
f 11317 8963 11316
f 11317 8964 8963
f 11318 8961 8960
f 11318 10525 8961
f 11319 10524 8967
f 11319 8958 10523
f 11319 8967 8959
f 11319 8959 8958
f 11319 10523 10524
f 11320 8960 7662
f 11320 11318 8960
f 11320 10527 10525
f 11320 8965 10527
f 11320 10525 11318
f 11320 7662 8965
f 11321 6102 10533
f 11321 8976 10526
f 11321 6042 6102
f 11321 10533 8976
f 11321 10521 6042
f 11321 10526 10521
f 11322 8967 10524
f 11322 10524 10525
f 11323 7674 8967
f 11323 8971 7674
f 11323 10527 8971
f 11323 10525 10527
f 11323 11322 10525
f 11323 8967 11322
f 11324 8975 8980
f 11324 7680 10529
f 11324 8980 7680
f 11324 11317 10526
f 11324 10526 8975
f 11324 10529 8964
f 11324 8964 11317
f 11325 10530 8970
f 11325 7672 8973
f 11325 10534 10530
f 11325 8970 7672
f 11326 8982 10534
f 11326 8973 8982
f 11326 10534 11325
f 11326 11325 8973
f 11327 7683 8978
f 11327 8985 7683
f 11327 10530 10534
f 11327 8978 10530
f 11328 11327 10534
f 11328 10535 8985
f 11328 8985 11327
f 11328 10534 10535
f 11329 8981 7679
f 11329 8982 8981
f 11329 7679 8988
f 11329 10538 8982
f 11329 8988 10539
f 11329 10539 10538
f 11330 8987 10532
f 11330 10532 10536
f 11331 8985 10535
f 11331 10538 8993
f 11331 8993 7690
f 11331 7690 8985
f 11331 10535 10538
f 11332 11330 10536
f 11332 10537 8997
f 11332 8997 8998
f 11332 10536 10537
f 11333 8992 7686
f 11333 7686 8995
f 11334 11333 8995
f 11334 10544 11333
f 11334 8995 9000
f 11334 9000 10544
f 11335 7692 8989
f 11336 8997 10537
f 11336 9002 8997
f 11336 10537 10542
f 11337 10542 10547
f 11337 9002 11336
f 11337 11336 10542
f 11337 9003 9002
f 11338 11335 10544
f 11338 10544 10545
f 11338 9006 7700
f 11338 10545 9006
f 11339 10546 9000
f 11339 9000 8999
f 11340 10548 10546
f 11340 11339 8999
f 11340 8999 7694
f 11340 7694 9004
f 11340 9004 10548
f 11340 10546 11339
f 11341 10547 10542
f 11341 6129 10553
f 11341 6103 6129
f 11341 10553 9013
f 11341 9013 10547
f 11341 10542 6103
f 11342 9006 10545
f 11342 10545 10546
f 11343 10548 9009
f 11343 10546 10548
f 11343 7704 9006
f 11343 11342 10546
f 11343 9006 11342
f 11343 9009 7704
f 11344 9012 9017
f 11344 10550 9003
f 11344 7708 10550
f 11344 9017 7708
f 11344 9003 11337
f 11344 10547 9012
f 11344 11337 10547
f 11345 7701 9011
f 11345 10555 10551
f 11345 10551 9008
f 11345 9008 7701
f 11346 10555 11345
f 11346 11345 9011
f 11346 9019 10555
f 11346 9011 9019
f 11347 10551 10555
f 11347 9016 10551
f 11347 9022 7711
f 11347 7711 9016
f 11348 11347 10555
f 11348 10556 9022
f 11348 10555 10556
f 11348 9022 11347
f 11349 9019 9018
f 11349 10559 9019
f 11350 9018 7707
f 11350 11349 9018
f 11350 7707 9025
f 11350 10559 11349
f 11351 10552 10557
f 11351 9024 10552
f 11352 7716 9022
f 11352 9022 10556
f 11352 10556 10559
f 11353 10558 9032
f 11353 10557 10558
f 11353 11351 10557
f 11353 9032 9033
f 11354 9026 7719
f 11355 7716 11352
f 11355 7719 7714
f 11355 7714 7716
f 11355 11352 10559
f 11355 10559 11354
f 11355 11354 7719
f 11356 10564 10563
f 11356 7712 9030
f 11356 9037 10564
f 11356 9028 7712
f 11356 10563 9028
f 11356 9030 9037
f 11357 9039 9032
f 11357 9032 10558
f 11357 10558 10562
f 11358 9039 11357
f 11358 10562 10567
f 11358 9041 9039
f 11358 11357 10562
f 11359 10564 10565
f 11359 9034 10564
f 11359 9035 9034
f 11359 9044 9035
f 11359 10565 9044
f 11360 9037 9036
f 11360 10566 9037
f 11361 11360 9036
f 11361 10568 10566
f 11361 9036 7720
f 11361 10566 11360
f 11361 7720 9042
f 11361 9042 10568
f 11362 6165 10574
f 11362 10562 6130
f 11362 10574 9054
f 11362 10567 10562
f 11362 9054 10567
f 11362 6130 6165
f 11363 9044 10565
f 11363 10565 10566
f 11364 9044 11363
f 11364 11363 10566
f 11364 10566 10568
f 11364 10568 9049
f 11364 9049 7735
f 11364 7735 9044
f 11365 9053 9059
f 11365 9059 7745
f 11365 7745 10570
f 11365 10567 9053
f 11365 10570 9041
f 11365 11358 10567
f 11365 9041 11358
f 11366 10575 10571
f 11366 10571 9048
f 11366 7733 9051
f 11366 9048 7733
f 11367 9051 9061
f 11367 11366 9051
f 11367 10575 11366
f 11367 9061 10575
f 11368 9056 10571
f 11368 9065 7746
f 11368 10571 10575
f 11368 7746 9056
f 11369 10576 9065
f 11369 9065 11368
f 11369 11368 10575
f 11369 10575 10576
f 11370 9061 9060
f 11370 10580 9061
f 11371 10580 11370
f 11371 11370 9060
f 11371 9060 7742
f 11371 7742 9068
f 11372 9067 10573
f 11372 10573 10578
f 11373 10576 10580
f 11373 9065 10576
f 11373 7752 9065
f 11374 11372 10578
f 11374 9076 9075
f 11374 10578 10579
f 11374 10579 9076
f 11375 11373 10580
f 11375 9069 11376
f 11377 9071 7748
f 11377 7748 9073
f 11378 9078 10586
f 11378 9073 9078
f 11378 10586 11377
f 11378 11377 9073
f 11379 11376 9069
f 11380 9080 9076
f 11380 9076 10579
f 11380 10579 10584
f 11381 10584 10589
f 11381 11380 10584
f 11381 9081 9080
f 11381 9080 11380
f 11382 10586 10587
f 11382 10587 9084
f 11382 9084 7761
f 11382 11379 10586
f 11383 9078 9077
f 11383 10588 9078
f 11384 9082 10590
f 11384 10588 11383
f 11384 9077 7755
f 11384 7755 9082
f 11384 11383 9077
f 11384 10590 10588
f 11385 10589 10584
f 11385 6166 6192
f 11385 10595 9091
f 11385 10584 6166
f 11385 6192 10595
f 11385 9091 10589
f 11386 10587 10588
f 11386 9084 10587
f 11387 10590 9087
f 11387 9087 7765
f 11387 7765 9084
f 11387 10588 10590
f 11387 11386 10588
f 11387 9084 11386
f 11388 10592 9081
f 11388 10589 9090
f 11388 11381 10589
f 11388 7769 10592
f 11388 9095 7769
f 11388 9081 11381
f 11388 9090 9095
f 11389 10597 10593
f 11389 9086 7762
f 11389 7762 9089
f 11389 10593 9086
f 11390 9097 10597
f 11390 10597 11389
f 11390 9089 9097
f 11390 11389 9089
f 11391 10593 10597
f 11391 9094 10593
f 11391 9100 7772
f 11391 7772 9094
f 11392 10598 9100
f 11392 10597 10598
f 11392 9100 11391
f 11392 11391 10597
f 11393 10601 9097
f 11393 9097 9096
f 11394 10601 11393
f 11394 9096 7768
f 11394 7768 9103
f 11394 11393 9096
f 11395 9102 10594
f 11395 10594 10599
f 11396 9100 10598
f 11396 7777 9100
f 11396 10598 10601
f 11397 9111 9110
f 11397 11395 10599
f 11397 10599 10600
f 11397 10600 9111
f 11398 9104 7780
f 11399 11396 10601
f 11399 10601 11398
f 11399 11398 7780
f 11399 7777 11396
f 11399 7780 7775
f 11399 7775 7777
f 11400 9106 7773
f 11400 9115 10606
f 11400 9108 9115
f 11400 10605 9106
f 11400 10606 10605
f 11400 7773 9108
f 11401 9117 9111
f 11401 10600 10604
f 11401 9111 10600
f 11402 9117 11401
f 11402 11401 10604
f 11402 9118 9117
f 11402 10604 10609
f 11403 9121 9113
f 11403 10606 10607
f 11403 9112 10606
f 11403 10607 9121
f 11403 9113 9112
f 11404 9115 9114
f 11404 10608 9115
f 11405 11404 9114
f 11405 10608 11404
f 11405 7781 9119
f 11405 10610 10608
f 11405 9119 10610
f 11405 9114 7781
f 11406 6193 6228
f 11406 10604 6193
f 11406 10609 10604
f 11406 9131 10609
f 11406 6228 10616
f 11406 10616 9131
f 11407 9121 10607
f 11407 7790 9121
f 11407 10607 10608
f 11408 7790 11407
f 11408 9125 7790
f 11408 11407 10608
f 11408 10608 10610
f 11408 10610 9125
f 11409 9136 7795
f 11409 10612 9118
f 11409 9118 11402
f 11409 11402 10609
f 11409 10609 9130
f 11409 9130 9136
f 11409 7795 10612
f 11410 9124 7788
f 11410 7788 9127
f 11410 10617 10613
f 11410 10613 9124
f 11411 9127 9138
f 11411 11410 9127
f 11411 10617 11410
f 11411 9138 10617
f 11412 7798 9134
f 11412 9134 10613
f 11412 10613 10617
f 11412 9141 7798
f 11413 11412 10617
f 11413 9141 11412
f 11413 10617 10618
f 11413 10618 9141
f 11414 9138 9137
f 11414 10621 9138
f 11415 7794 9144
f 11415 11414 9137
f 11415 10621 11414
f 11415 9137 7794
f 11416 9143 10615
f 11416 10615 10619
f 11417 10618 10621
f 11417 9141 10618
f 11417 7804 9141
f 11418 9152 9151
f 11418 11416 10619
f 11418 10619 10620
f 11418 10620 9152
f 11419 9145 11420
f 11419 11417 10621
f 11421 9147 7800
f 11421 7800 9149
f 11422 9154 10626
f 11422 9149 9154
f 11422 11421 9149
f 11422 10626 11421
f 11423 11420 9145
f 11424 9156 9152
f 11424 10620 10624
f 11424 9152 10620
f 11425 9156 11424
f 11425 9157 9156
f 11425 10624 10629
f 11425 11424 10624
f 11426 10627 9160
f 11426 11423 10626
f 11426 9160 7814
f 11426 10626 10627
f 11427 9154 9153
f 11427 10628 9154
f 11428 10630 10628
f 11428 9153 7807
f 11428 11427 9153
f 11428 7807 9158
f 11428 9158 10630
f 11428 10628 11427
f 11429 6280 10636
f 11429 6229 6280
f 11429 10636 9167
f 11429 10624 6229
f 11429 10629 10624
f 11429 9167 10629
f 11430 10627 10628
f 11430 9160 10627
f 11431 10630 9163
f 11431 10628 10630
f 11431 9160 11430
f 11431 7817 9160
f 11431 9163 7817
f 11431 11430 10628
f 11432 10632 9157
f 11432 7823 10632
f 11432 9166 9172
f 11432 9172 7823
f 11432 9157 11425
f 11432 11425 10629
f 11432 10629 9166
f 11433 10633 9162
f 11433 10637 10633
f 11433 9162 7815
f 11433 7815 9165
f 11434 11433 9165
f 11434 9165 9174
f 11434 10637 11433
f 11434 9174 10637
f 11435 9170 10633
f 11435 10633 10637
f 11435 7824 9170
f 11435 9177 7824
f 11436 9177 11435
f 11436 11435 10637
f 11436 10637 10638
f 11436 10638 9177
f 11437 10641 9174
f 11437 9174 9173
f 11438 10641 11437
f 11438 11437 9173
f 11438 9173 7820
f 11438 7820 9180
f 11439 9179 10635
f 11439 10635 10639
f 11440 10638 10641
f 11440 9177 10638
f 11440 7829 9177
f 11441 9188 9187
f 11441 10639 10640
f 11441 11439 10639
f 11441 10640 9188
f 11442 9181 7832
f 11443 7827 7829
f 11443 11442 7832
f 11443 7829 11440
f 11443 7832 7827
f 11443 11440 10641
f 11443 10641 11442
f 11444 9183 7825
f 11444 10646 10645
f 11444 10645 9183
f 11444 9192 10646
f 11444 9185 9192
f 11444 7825 9185
f 11445 9194 9188
f 11445 10640 10644
f 11445 9188 10640
f 11446 9194 11445
f 11446 9195 9194
f 11446 10644 10649
f 11446 11445 10644
f 11447 9198 9190
f 11447 10646 10647
f 11447 9189 10646
f 11447 10647 9198
f 11447 9190 9189
f 11448 9192 9191
f 11448 10648 9192
f 11449 9191 7833
f 11449 7833 9196
f 11449 9196 10650
f 11449 11448 9191
f 11449 10650 10648
f 11449 10648 11448
f 11450 6309 10656
f 11450 9207 10649
f 11450 10644 6281
f 11450 10649 10644
f 11450 6281 6309
f 11450 10656 9207
f 11451 7843 9198
f 11451 10647 10648
f 11451 9198 10647
f 11452 9203 7843
f 11452 7843 11451
f 11452 10650 9203
f 11452 10648 10650
f 11452 11451 10648
f 11453 10649 9206
f 11453 9212 7846
f 11453 9206 9212
f 11453 9195 11446
f 11453 11446 10649
f 11453 7846 10652
f 11453 10652 9195
f 11454 9201 7840
f 11454 10653 9201
f 11454 10657 10653
f 11454 7840 9204
f 11455 9204 9214
f 11455 9214 10657
f 11455 11454 9204
f 11455 10657 11454
f 11456 7849 9210
f 11456 9210 10653
f 11456 9217 7849
f 11456 10653 10657
f 11457 10658 9217
f 11457 10657 10658
f 11457 9217 11456
f 11457 11456 10657
f 11458 10661 9214
f 11458 9214 9213
f 11459 9213 7845
f 11459 7845 9220
f 11459 10661 11458
f 11459 11458 9213
f 11460 9219 10655
f 11460 10655 10659
f 11461 10658 10661
f 11461 9217 10658
f 11461 7854 9217
f 11462 10660 9227
f 11462 9227 9228
f 11462 10659 10660
f 11462 11460 10659
f 11463 9221 11464
f 11463 11461 10661
f 11465 9223 7850
f 11465 7850 9225
f 11466 11465 9225
f 11466 9230 10666
f 11466 9225 9230
f 11466 10666 11465
f 11467 11464 9221
f 11468 9227 10660
f 11468 10660 10664
f 11468 9232 9227
f 11469 9232 11468
f 11469 11468 10664
f 11469 10664 10669
f 11469 9233 9232
f 11470 9236 7864
f 11470 10666 10667
f 11470 11467 10666
f 11470 10667 9236
f 11471 10668 9230
f 11471 9230 9229
f 11472 11471 9229
f 11472 9229 7857
f 11472 10668 11471
f 11472 7857 9234
f 11472 9234 10670
f 11472 10670 10668
f 11473 10664 6310
f 11473 10676 9244
f 11473 9244 10669
f 11473 6310 6341
f 11473 10669 10664
f 11473 6341 10676
f 11474 10667 10668
f 11474 9236 10667
f 11475 7868 9236
f 11475 11474 10668
f 11475 9236 11474
f 11475 9239 7868
f 11475 10670 9239
f 11475 10668 10670
f 11476 10672 9233
f 11476 11469 10669
f 11476 9233 11469
f 11476 9249 7875
f 11476 9243 9249
f 11476 7875 10672
f 11476 10669 9243
f 11477 9238 7866
f 11477 10673 9238
f 11477 10677 10673
f 11477 7866 9242
f 11478 9251 10677
f 11478 10677 11477
f 11478 11477 9242
f 11478 9242 9251
f 11479 9247 10673
f 11479 10677 10678
f 11479 10673 10677
f 11479 10678 9256
f 11479 9256 7878
f 11479 7878 9247
f 11480 10681 9251
f 11480 9251 9250
f 11480 10682 10681
f 11480 9259 10682
f 11480 9250 7874
f 11480 7874 9259
f 11481 9255 10675
f 11481 10675 10679
f 11482 10681 9263
f 11482 10678 10681
f 11482 9256 10678
f 11482 9258 9256
f 11482 9263 9258
f 11483 10679 10680
f 11483 10680 9268
f 11483 9268 9267
f 11483 11481 10679
f 11484 6374 10689
f 11484 7886 6374
f 11484 9258 7886
f 11484 10689 9264
f 11484 9264 9258
f 11485 9272 10687
f 11485 10686 9262
f 11485 9262 7879
f 11485 7879 9265
f 11485 9265 9272
f 11485 10687 10686
f 11486 9274 9268
f 11486 9268 10680
f 11486 10680 10685
f 11487 9274 11486
f 11487 10685 10691
f 11487 11486 10685
f 11487 9275 9274
f 11488 9269 10687
f 11488 10688 9278
f 11488 10687 10688
f 11488 9270 9269
f 11488 9278 9270
f 11489 9272 9271
f 11489 10690 9272
f 11490 9271 7881
f 11490 11489 9271
f 11490 7881 9276
f 11490 10692 10690
f 11490 9276 10692
f 11490 10690 11489
f 11491 4008 6368
f 11491 6368 10689
f 11491 4042 6375
f 11491 6375 4008
f 11491 10689 4042
f 11492 6342 6371
f 11492 6371 10698
f 11492 9287 10691
f 11492 10691 10685
f 11492 10685 6342
f 11492 10698 9287
f 11493 9278 10688
f 11493 10688 10690
f 11493 7892 9278
f 11494 9283 7892
f 11494 10692 9283
f 11494 11493 10690
f 11494 10690 10692
f 11494 7892 11493
f 11495 7895 10694
f 11495 9292 7895
f 11495 9286 9292
f 11495 10691 9286
f 11495 10694 9275
f 11495 11487 10691
f 11495 9275 11487
f 11496 10695 9281
f 11496 7889 9284
f 11496 10699 10695
f 11496 9281 7889
f 11497 9284 9294
f 11497 9294 10699
f 11497 11496 9284
f 11497 10699 11496
f 11498 7898 9290
f 11498 9297 7898
f 11498 10695 10699
f 11498 9290 10695
f 11499 11498 10699
f 11499 10700 9297
f 11499 9297 11498
f 11499 10699 10700
f 11500 9294 9293
f 11500 10703 9294
f 11501 11500 9293
f 11501 10703 11500
f 11501 9293 7894
f 11501 7894 9300
f 11502 10697 10701
f 11502 9299 10697
f 11503 9297 10700
f 11503 7903 9297
f 11503 10700 10703
f 11504 11502 10701
f 11504 10701 10702
f 11504 10702 9308
f 11504 9308 9309
f 11505 9301 11506
f 11505 11503 10703
f 11507 9304 7899
f 11507 7899 9306
f 11508 9311 10708
f 11508 11507 9306
f 11508 9306 9311
f 11508 10708 11507
f 11509 11506 9301
f 11510 9308 10702
f 11510 9313 9308
f 11510 10702 10706
f 11511 9313 11510
f 11511 11510 10706
f 11511 9314 9313
f 11511 10706 10711
f 11512 10708 10709
f 11512 11509 10708
f 11512 9317 7913
f 11512 10709 9317
f 11513 9311 9310
f 11513 10710 9311
f 11514 9310 7906
f 11514 10710 11513
f 11514 11513 9310
f 11514 10712 10710
f 11514 9315 10712
f 11514 7906 9315
f 11515 6401 10718
f 11515 6372 6401
f 11515 10718 9324
f 11515 10706 6372
f 11515 9324 10711
f 11515 10711 10706
f 11516 10709 10710
f 11516 9317 10709
f 11517 9320 7917
f 11517 11516 10710
f 11517 9317 11516
f 11517 7917 9317
f 11517 10712 9320
f 11517 10710 10712
f 11518 10714 9314
f 11518 9328 7924
f 11518 10711 9323
f 11518 9314 11511
f 11518 9323 9328
f 11518 11511 10711
f 11518 7924 10714
f 11519 7915 9322
f 11519 10715 9319
f 11519 9319 7915
f 11519 10719 10715
f 11520 9330 10719
f 11520 11519 9322
f 11520 9322 9330
f 11520 10719 11519
f 11521 9327 10715
f 11521 7927 9327
f 11521 10715 10719
f 11522 7927 11521
f 11522 10719 10720
f 11522 10720 9336
f 11522 9336 7927
f 11522 11521 10719
f 11523 10723 9330
f 11523 10724 10723
f 11523 9338 10724
f 11523 7923 9338
f 11523 9329 7923
f 11523 9330 9329
f 11524 9335 10717
f 11524 10717 10721
f 11525 10720 10723
f 11525 9336 10720
f 11525 9337 9336
f 11525 10723 9343
f 11525 9343 9337
f 11526 10721 10722
f 11526 9349 9350
f 11526 10722 9349
f 11526 11524 10721
f 11527 9342 7930
f 11527 7930 9344
f 11528 9344 9352
f 11528 11527 9344
f 11528 9352 10728
f 11528 10728 11527
f 11529 7937 9339
f 11530 10722 10727
f 11530 9349 10722
f 11530 9354 9349
f 11531 11529 10728
f 11531 7937 11529
f 11531 7943 7937
f 11531 7945 7943
f 11532 10727 10732
f 11532 9355 9354
f 11532 11530 10727
f 11532 9354 11530
f 11533 10728 10729
f 11533 10729 9358
f 11533 9358 7945
f 11533 11531 10728
f 11533 7945 11531
f 11534 9352 9351
f 11534 10731 9352
f 11535 10731 11534
f 11535 10733 10731
f 11535 9351 7938
f 11535 9356 10733
f 11535 7938 9356
f 11535 11534 9351
f 11536 10727 6402
f 11536 6402 6455
f 11536 10732 10727
f 11536 6455 10738
f 11536 9365 10732
f 11536 10738 9365
f 11537 9358 10729
f 11537 10729 10731
f 11538 9358 11537
f 11538 11537 10731
f 11538 10731 10733
f 11538 7948 9358
f 11538 10733 9361
f 11538 9361 7948
f 11539 9364 9369
f 11539 9355 11532
f 11539 11532 10732
f 11539 10732 9364
f 11539 10735 9355
f 11539 7953 10735
f 11539 9369 7953
f 11540 10736 9360
f 11540 10739 10736
f 11540 9360 7946
f 11540 7946 9362
f 11541 11540 9362
f 11541 9362 9371
f 11541 10739 11540
f 11541 9371 10739
f 11542 9374 7956
f 11542 9367 10736
f 11542 10736 10739
f 11542 7956 9367
f 11543 10740 9374
f 11543 9374 11542
f 11543 11542 10739
f 11543 10739 10740
f 11544 9371 9370
f 11544 10743 9371
f 11545 7952 9377
f 11545 10743 11544
f 11545 11544 9370
f 11545 9370 7952
f 11546 10737 10741
f 11546 9376 10737
f 11547 9374 10740
f 11547 7961 9374
f 11547 10740 10743
f 11548 9385 9386
f 11548 10742 9385
f 11548 11546 10741
f 11548 10741 10742
f 11549 9378 11550
f 11549 11547 10743
f 11551 7957 9383
f 11551 9381 7957
f 11552 9383 9388
f 11552 11551 9383
f 11552 10748 11551
f 11552 9388 10748
f 11553 11550 9378
f 11554 9385 10742
f 11554 9390 9385
f 11554 10742 10746
f 11555 9391 9390
f 11555 9390 11554
f 11555 11554 10746
f 11555 10746 10751
f 11556 11553 10748
f 11556 10748 10749
f 11556 9394 7970
f 11556 10749 9394
f 11557 10750 9388
f 11557 9388 9387
f 11558 9387 7964
f 11558 7964 9392
f 11558 10750 11557
f 11558 11557 9387
f 11558 10752 10750
f 11558 9392 10752
f 11559 6456 6479
f 11559 6479 10758
f 11559 10758 9401
f 11559 9401 10751
f 11559 10746 6456
f 11559 10751 10746
f 11560 10749 10750
f 11560 9394 10749
f 11561 7973 9394
f 11561 9397 7973
f 11561 9394 11560
f 11561 11560 10750
f 11561 10752 9397
f 11561 10750 10752
f 11562 9391 11555
f 11562 11555 10751
f 11562 9400 9405
f 11562 9405 7979
f 11562 10751 9400
f 11562 10754 9391
f 11562 7979 10754
f 11563 7971 9399
f 11563 10755 9396
f 11563 9396 7971
f 11563 10759 10755
f 11564 9407 10759
f 11564 9399 9407
f 11564 11563 9399
f 11564 10759 11563
f 11565 9404 10755
f 11565 7980 9404
f 11565 10755 10759
f 11566 11565 10759
f 11566 10759 10760
f 11566 9413 7980
f 11566 7980 11565
f 11566 10760 9413
f 11567 7976 9415
f 11567 10763 9407
f 11567 10764 10763
f 11567 9415 10764
f 11567 9406 7976
f 11567 9407 9406
f 11568 10757 10761
f 11568 9412 10757
f 11569 9414 9413
f 11569 10763 9420
f 11569 9420 9414
f 11569 10760 10763
f 11569 9413 10760
f 11570 10761 10762
f 11570 9426 9425
f 11570 10762 9426
f 11570 11568 10761
f 11571 9419 7981
f 11571 7981 9421
f 11572 10768 11571
f 11572 11571 9421
f 11572 9428 10768
f 11572 9421 9428
f 11573 7986 9416
f 11574 9426 10762
f 11574 10762 10767
f 11574 9430 9426
f 11575 7995 7992
f 11575 7986 11573
f 11575 11573 10768
f 11575 7992 7986
f 11576 9430 11574
f 11576 11574 10767
f 11576 10767 10772
f 11576 9431 9430
f 11577 10769 9434
f 11577 11575 10768
f 11577 10768 10769
f 11577 9434 7995
f 11577 7995 11575
f 11578 9428 9427
f 11578 10771 9428
f 11579 9427 7987
f 11579 10771 11578
f 11579 10773 10771
f 11579 9432 10773
f 11579 7987 9432
f 11579 11578 9427
f 11580 6480 6518
f 11580 6518 10778
f 11580 10772 10767
f 11580 9442 10772
f 11580 10767 6480
f 11580 10778 9442
f 11581 9434 10769
f 11581 10769 10771
f 11582 9434 11581
f 11582 9438 8000
f 11582 10771 10773
f 11582 11581 10771
f 11582 8000 9434
f 11582 10773 9438
f 11583 11576 10772
f 11583 9431 11576
f 11583 10772 9441
f 11583 10775 9431
f 11583 8008 10775
f 11583 9441 9446
f 11583 9446 8008
f 11584 9437 7997
f 11584 10779 10776
f 11584 10776 9437
f 11584 7997 9439
f 11585 9439 9448
f 11585 9448 10779
f 11585 10779 11584
f 11585 11584 9439
f 11586 8011 9444
f 11586 9444 10776
f 11586 10776 10779
f 11586 9451 8011
f 11587 10779 10780
f 11587 11586 10779
f 11587 9451 11586
f 11587 10780 9451
f 11588 10783 9448
f 11588 9448 9447
f 11589 9447 8007
f 11589 10783 11588
f 11589 8007 9454
f 11589 11588 9447
f 11590 9453 10777
f 11590 10777 10781
f 11591 10780 10783
f 11591 9451 10780
f 11591 8019 9451
f 11592 9463 9462
f 11592 10782 9463
f 11592 11590 10781
f 11592 10781 10782
f 11593 11591 10783
f 11593 9455 11594
f 11595 8015 9460
f 11595 9458 8015
f 11596 9465 10788
f 11596 9460 9465
f 11596 11595 9460
f 11596 10788 11595
f 11597 11594 9455
f 11598 9463 10782
f 11598 9467 9463
f 11598 10782 10786
f 11599 9468 9467
f 11599 10786 10791
f 11599 9467 11598
f 11599 11598 10786
f 11600 9471 8028
f 11600 10789 9471
f 11600 10788 10789
f 11600 11597 10788
f 11601 9465 9464
f 11601 10790 9465
f 11602 10790 11601
f 11602 9464 8022
f 11602 9469 10792
f 11602 11601 9464
f 11602 8022 9469
f 11602 10792 10790
f 11603 6547 10798
f 11603 10791 10786
f 11603 10798 9478
f 11603 6519 6547
f 11603 10786 6519
f 11603 9478 10791
f 11604 9471 10789
f 11604 10789 10790
f 11605 9471 11604
f 11605 11604 10790
f 11605 9474 8031
f 11605 8031 9471
f 11605 10790 10792
f 11605 10792 9474
f 11606 8035 10794
f 11606 9482 8035
f 11606 9477 9482
f 11606 10791 9477
f 11606 10794 9468
f 11606 9468 11599
f 11606 11599 10791
f 11607 10795 9473
f 11607 9473 8029
f 11607 8029 9476
f 11607 10799 10795
f 11608 9484 10799
f 11608 11607 9476
f 11608 10799 11607
f 11608 9476 9484
f 11609 8038 9481
f 11609 9481 10795
f 11609 10795 10799
f 11610 11609 10799
f 11610 10799 10800
f 11610 8038 11609
f 11610 9490 8038
f 11610 10800 9490
f 11611 10804 10803
f 11611 9492 10804
f 11611 9484 9483
f 11611 10803 9484
f 11611 8034 9492
f 11611 9483 8034
f 11612 10797 10801
f 11612 9489 10797
f 11613 10800 10803
f 11613 9491 9490
f 11613 9490 10800
f 11613 10803 9497
f 11613 9497 9491
f 11614 10801 10802
f 11614 9503 9502
f 11614 10802 9503
f 11614 11612 10801
f 11615 9496 8039
f 11615 8039 9498
f 11616 9505 10808
f 11616 9498 9505
f 11616 11615 9498
f 11616 10808 11615
f 11617 8044 9493
f 11618 9503 10802
f 11618 10802 10807
f 11618 9507 9503
f 11619 11617 10808
f 11619 8050 8044
f 11619 8052 8050
f 11619 8044 11617
f 11620 9508 9507
f 11620 11618 10807
f 11620 9507 11618
f 11620 10807 10812
f 11621 11619 10808
f 11621 10808 10809
f 11621 9511 8052
f 11621 10809 9511
f 11621 8052 11619
f 11622 10811 9505
f 11622 9505 9504
f 11623 9504 8046
f 11623 10813 10811
f 11623 9509 10813
f 11623 11622 9504
f 11623 8046 9509
f 11623 10811 11622
f 11624 10807 6548
f 11624 10818 9518
f 11624 9518 10812
f 11624 6548 6572
f 11624 6572 10818
f 11624 10812 10807
f 11625 9511 10809
f 11625 10809 10811
f 11626 9511 11625
f 11626 9514 8058
f 11626 10813 9514
f 11626 10811 10813
f 11626 8058 9511
f 11626 11625 10811
f 11627 9508 11620
f 11627 9517 9522
f 11627 10812 9517
f 11627 8067 10815
f 11627 9522 8067
f 11627 10815 9508
f 11627 11620 10812
f 11628 9513 8055
f 11628 8055 9515
f 11628 10819 10816
f 11628 10816 9513
f 11629 9515 9524
f 11629 9524 10819
f 11629 11628 9515
f 11629 10819 11628
f 11630 8070 9520
f 11630 9520 10816
f 11630 10816 10819
f 11630 9528 8070
f 11631 10819 10820
f 11631 10820 9528
f 11631 11630 10819
f 11631 9528 11630
f 11632 10823 9524
f 11632 9524 9523
f 11633 9523 8064
f 11633 8064 9531
f 11633 11632 9523
f 11633 10823 11632
f 11634 9530 10817
f 11634 10817 10821
f 11635 10820 10823
f 11635 9528 10820
f 11635 8078 9528
f 11636 10821 10822
f 11636 9539 9540
f 11636 10822 9539
f 11636 11634 10821
f 11637 11635 10823
f 11637 9532 11638
f 11639 9534 8074
f 11639 8074 9537
f 11640 11639 9537
f 11640 10829 11639
f 11640 9542 10829
f 11640 9537 9542
f 11641 11638 9532
f 11642 10822 10827
f 11642 9545 9539
f 11642 9539 10822
f 11643 9546 9545
f 11643 11642 10827
f 11643 10827 10833
f 11643 9545 11642
f 11644 10830 9549
f 11644 10829 10830
f 11644 9549 8088
f 11644 11641 10829
f 11645 10831 9542
f 11645 9542 9541
f 11646 9547 10834
f 11646 9541 8082
f 11646 11645 9541
f 11646 10831 11645
f 11646 8082 9547
f 11646 10834 10831
f 11647 6615 10841
f 11647 6573 6615
f 11647 10827 6573
f 11647 10833 10827
f 11647 9556 10833
f 11647 10841 9556
f 11648 9549 10830
f 11648 10830 10831
f 11649 8092 9549
f 11649 9552 8092
f 11649 11648 10831
f 11649 9549 11648
f 11649 10831 10834
f 11649 10834 9552
f 11650 9560 8098
f 11650 8098 10837
f 11650 11643 10833
f 11650 9555 9560
f 11650 10833 9555
f 11650 10837 9546
f 11650 9546 11643
f 11651 9551 8090
f 11651 8090 9554
f 11651 10842 10838
f 11651 10838 9551
f 11652 9562 10842
f 11652 9554 9562
f 11652 11651 9554
f 11652 10842 11651
f 11653 9559 10838
f 11653 8099 9559
f 11653 10838 10842
f 11653 9567 8099
f 11654 10842 10843
f 11654 11653 10842
f 11654 10843 9567
f 11654 9567 11653
f 11655 9570 10847
f 11655 9561 8095
f 11655 8095 9570
f 11655 9562 9561
f 11655 10847 10846
f 11655 10846 9562
f 11656 10840 10844
f 11656 9569 10840
f 11657 10846 9575
f 11657 9567 10843
f 11657 9568 9567
f 11657 10843 10846
f 11657 9575 9568
f 11658 10844 10845
f 11658 11656 10844
f 11658 9580 9581
f 11658 10845 9580
f 11659 9574 8100
f 11659 8100 9576
f 11660 10851 11659
f 11660 9576 9583
f 11660 11659 9576
f 11660 9583 10851
f 11661 8105 9571
f 11662 10845 10850
f 11662 9585 9580
f 11662 9580 10845
f 11663 11661 10851
f 11663 8105 11661
f 11663 8111 8105
f 11663 8113 8111
f 11664 10850 10855
f 11664 9585 11662
f 11664 11662 10850
f 11664 9586 9585
f 11665 10851 10852
f 11665 11663 10851
f 11665 8113 11663
f 11665 9589 8113
f 11665 10852 9589
f 11666 9583 9582
f 11666 10854 9583
f 11667 10854 11666
f 11667 9587 10856
f 11667 8107 9587
f 11667 9582 8107
f 11667 11666 9582
f 11667 10856 10854
f 11668 6616 6632
f 11668 10855 10850
f 11668 10850 6616
f 11668 6632 10861
f 11668 9596 10855
f 11668 10861 9596
f 11669 10852 10854
f 11669 9589 10852
f 11670 9589 11669
f 11670 11669 10854
f 11670 10856 9592
f 11670 9592 8117
f 11670 8117 9589
f 11670 10854 10856
f 11671 8121 10858
f 11671 9600 8121
f 11671 9595 9600
f 11671 10855 9595
f 11671 11664 10855
f 11671 10858 9586
f 11671 9586 11664
f 11672 8114 9593
f 11672 10859 9591
f 11672 10862 10859
f 11672 9591 8114
f 11673 9602 10862
f 11673 9593 9602
f 11673 11672 9593
f 11673 10862 11672
f 11674 9599 10859
f 11674 8125 9599
f 11674 9605 8125
f 11674 10859 10862
f 11675 9605 11674
f 11675 11674 10862
f 11675 10863 9605
f 11675 10862 10863
f 11676 9602 9601
f 11676 10866 9602
f 11677 9601 8120
f 11677 11676 9601
f 11677 10866 11676
f 11677 8120 9608
f 11678 9607 10860
f 11678 10860 10864
f 11679 9605 10863
f 11679 8131 9605
f 11679 10863 10866
f 11680 10864 10865
f 11680 10865 9616
f 11680 9616 9615
f 11680 11678 10864
f 11681 11679 10866
f 11681 9609 8139
f 11682 9611 8126
f 11682 8126 9613
f 11682 9619 10871
f 11682 10870 9611
f 11682 10871 10870
f 11682 9613 9619
f 11683 9622 9616
f 11683 9616 10865
f 11683 10865 10869
f 11684 9622 11683
f 11684 11683 10869
f 11684 9623 9622
f 11684 10869 10874
f 11685 9619 9618
f 11685 10873 9619
f 11686 8142 9617
f 11686 9626 8142
f 11686 10872 9626
f 11686 9617 10871
f 11686 10871 10872
f 11687 10873 11685
f 11687 9618 8134
f 11687 11685 9618
f 11687 10875 10873
f 11687 8134 9624
f 11687 9624 10875
f 11688 10881 9633
f 11688 6633 6677
f 11688 9633 10874
f 11688 10869 6633
f 11688 10874 10869
f 11688 6677 10881
f 11689 10872 10873
f 11689 9626 10872
f 11690 9626 11689
f 11690 10873 10875
f 11690 8147 9626
f 11690 11689 10873
f 11690 9629 8147
f 11690 10875 9629
f 11691 9638 8152
f 11691 9632 9638
f 11691 10874 9632
f 11691 9623 11684
f 11691 11684 10874
f 11691 8152 10877
f 11691 10877 9623
f 11692 10882 10878
f 11692 8145 9631
f 11692 9628 8145
f 11692 10878 9628
f 11693 9640 10882
f 11693 11692 9631
f 11693 9631 9640
f 11693 10882 11692
f 11694 10878 10882
f 11694 9643 8155
f 11694 9636 10878
f 11694 8155 9636
f 11695 11694 10882
f 11695 10883 9643
f 11695 10882 10883
f 11695 9643 11694
f 11696 9640 9639
f 11696 10887 10886
f 11696 9646 10887
f 11696 8151 9646
f 11696 9639 8151
f 11696 10886 9640
f 11697 9645 10880
f 11697 10880 10884
f 11698 10883 10886
f 11698 10886 9651
f 11698 9643 10883
f 11698 8160 9643
f 11698 9651 8160
f 11699 10884 10885
f 11699 10885 9656
f 11699 9656 9655
f 11699 11697 10884
f 11700 9650 8156
f 11700 8156 9653
f 11701 10891 11700
f 11701 9658 10891
f 11701 9653 9658
f 11701 11700 9653
f 11702 8163 9647
f 11703 9660 9656
f 11703 9656 10885
f 11703 10885 10890
f 11704 8169 8163
f 11704 8171 8169
f 11704 8163 11702
f 11704 11702 10891
f 11705 9660 11703
f 11705 10890 10895
f 11705 11703 10890
f 11705 9661 9660
f 11706 11704 10891
f 11706 9664 8171
f 11706 10891 10892
f 11706 10892 9664
f 11706 8171 11704
f 11707 9658 9657
f 11707 10894 9658
f 11708 11707 9657
f 11708 10894 11707
f 11708 8165 9662
f 11708 10896 10894
f 11708 9662 10896
f 11708 9657 8165
f 11709 10895 10890
f 11709 9671 10895
f 11709 10890 6678
f 11709 6701 10901
f 11709 6678 6701
f 11709 10901 9671
f 11710 10892 10894
f 11710 9664 10892
f 11711 9664 11710
f 11711 11710 10894
f 11711 10896 9667
f 11711 10894 10896
f 11711 8175 9664
f 11711 9667 8175
f 11712 11705 10895
f 11712 9661 11705
f 11712 8181 10898
f 11712 10895 9670
f 11712 10898 9661
f 11712 9670 9675
f 11712 9675 8181
f 11713 10902 10899
f 11713 8172 9669
f 11713 10899 9666
f 11713 9666 8172
f 11714 9677 10902
f 11714 11713 9669
f 11714 9669 9677
f 11714 10902 11713
f 11715 8182 9674
f 11715 9674 10899
f 11715 10899 10902
f 11715 9680 8182
f 11716 11715 10902
f 11716 9680 11715
f 11716 10902 10903
f 11716 10903 9680
f 11717 10906 9677
f 11717 9677 9676
f 11718 8178 9683
f 11718 10906 11717
f 11718 11717 9676
f 11718 9676 8178
f 11719 9682 10900
f 11719 10900 10904
f 11720 10903 10906
f 11720 9680 10903
f 11720 8188 9680
f 11721 10904 10905
f 11721 9691 9690
f 11721 10905 9691
f 11721 11719 10904
f 11722 9684 8191
f 11723 10906 11722
f 11723 11720 10906
f 11723 8191 8186
f 11723 8188 11720
f 11723 11722 8191
f 11723 8186 8188
f 11724 10910 9686
f 11724 9695 10911
f 11724 9688 9695
f 11724 8183 9688
f 11724 9686 8183
f 11724 10911 10910
f 11725 9691 10905
f 11725 9697 9691
f 11725 10905 10909
f 11726 9698 9697
f 11726 9697 11725
f 11726 11725 10909
f 11726 10909 10914
f 11727 10913 9695
f 11727 9695 9694
f 11728 9693 9692
f 11728 9701 9693
f 11728 10912 9701
f 11728 9692 10911
f 11728 10911 10912
f 11729 9699 10915
f 11729 9694 8192
f 11729 8192 9699
f 11729 11727 9694
f 11729 10913 11727
f 11729 10915 10913
f 11730 10921 9710
f 11730 10909 6702
f 11730 6733 10921
f 11730 6702 6733
f 11730 10914 10909
f 11730 9710 10914
f 11731 9701 10912
f 11731 10912 10913
f 11732 9705 8204
f 11732 8204 9701
f 11732 10915 9705
f 11732 10913 10915
f 11732 9701 11731
f 11732 11731 10913
f 11733 9698 11726
f 11733 8213 10917
f 11733 11726 10914
f 11733 9714 8213
f 11733 9709 9714
f 11733 10914 9709
f 11733 10917 9698
f 11734 9704 8202
f 11734 10918 9704
f 11734 8202 9707
f 11734 10922 10918
f 11735 9716 10922
f 11735 9707 9716
f 11735 10922 11734
f 11735 11734 9707
f 11736 8214 9712
f 11736 10918 10922
f 11736 9719 8214
f 11736 9712 10918
f 11737 10922 10923
f 11737 10923 9719
f 11737 9719 11736
f 11737 11736 10922
f 11738 10926 9716
f 11738 9722 10927
f 11738 10927 10926
f 11738 9716 9715
f 11738 9715 8210
f 11738 8210 9722
f 11739 10920 10924
f 11739 9721 10920
f 11740 10923 10926
f 11740 9728 8222
f 11740 9719 10923
f 11740 10926 9728
f 11740 8222 9719
f 11741 10924 10925
f 11741 11739 10924
f 11741 9733 9734
f 11741 10925 9733
f 11742 9727 8217
f 11742 8217 9730
f 11743 10932 11742
f 11743 11742 9730
f 11743 9736 10932
f 11743 9730 9736
f 11744 8224 9723
f 11745 9739 9733
f 11745 10925 10930
f 11745 9733 10925
f 11746 11745 10930
f 11746 9739 11745
f 11746 9740 9739
f 11746 10930 10936
f 11747 10932 10933
f 11747 11744 10932
f 11747 9743 8233
f 11747 10933 9743
f 11748 9736 9735
f 11748 10935 9736
f 11749 9735 8227
f 11749 10938 10935
f 11749 10935 11748
f 11749 9741 10938
f 11749 8227 9741
f 11749 11748 9735
f 11750 10930 6734
f 11750 9750 10936
f 11750 10936 10930
f 11750 6762 10943
f 11750 6734 6762
f 11750 10943 9750
f 11751 10933 10935
f 11751 9743 10933
f 11752 11751 10935
f 11752 10935 10938
f 11752 10938 9746
f 11752 8237 9743
f 11752 9743 11751
f 11752 9746 8237
f 11753 9740 11746
f 11753 11746 10936
f 11753 10936 9749
f 11753 10940 9740
f 11753 8243 10940
f 11753 9749 9754
f 11753 9754 8243
f 11754 9745 8234
f 11754 8234 9748
f 11754 10941 9745
f 11754 10945 10941
f 11755 11754 9748
f 11755 9748 9756
f 11755 10945 11754
f 11755 9756 10945
f 11756 9753 10941
f 11756 8244 9753
f 11756 9759 8244
f 11756 10941 10945
f 11757 10945 10946
f 11757 9759 11756
f 11757 11756 10945
f 11757 10946 9759
f 11758 10949 9756
f 11758 9756 9755
f 11759 8240 9762
f 11759 9755 8240
f 11759 11758 9755
f 11759 10949 11758
f 11760 10942 10947
f 11760 9761 10942
f 11761 9759 10946
f 11761 10946 10949
f 11761 8249 9759
f 11762 10948 9769
f 11762 11760 10947
f 11762 10947 10948
f 11762 9769 9770
f 11763 9763 8252
f 11764 8249 11761
f 11764 8252 8247
f 11764 11763 8252
f 11764 8247 8249
f 11764 11761 10949
f 11764 10949 11763
f 11765 10954 10953
f 11765 8245 9767
f 11765 9774 10954
f 11765 9765 8245
f 11765 10953 9765
f 11765 9767 9774
f 11766 10948 10952
f 11766 9769 10948
f 11766 9776 9769
f 11767 9777 9776
f 11767 11766 10952
f 11767 10952 10957
f 11767 9776 11766
f 11768 10955 9780
f 11768 9772 9771
f 11768 9780 9772
f 11768 9771 10954
f 11768 10954 10955
f 11769 9774 9773
f 11769 10956 9774
f 11770 9778 10958
f 11770 8253 9778
f 11770 11769 9773
f 11770 9773 8253
f 11770 10958 10956
f 11770 10956 11769
f 11771 9789 10957
f 11771 6803 10964
f 11771 6763 6803
f 11771 10957 10952
f 11771 10952 6763
f 11771 10964 9789
f 11772 9780 10955
f 11772 10955 10956
f 11773 11772 10956
f 11773 8262 9780
f 11773 9784 8262
f 11773 9780 11772
f 11773 10958 9784
f 11773 10956 10958
f 11774 9777 11767
f 11774 9794 8267
f 11774 9788 9794
f 11774 8267 10960
f 11774 10957 9788
f 11774 10960 9777
f 11774 11767 10957
f 11775 10965 10961
f 11775 8260 9786
f 11775 9783 8260
f 11775 10961 9783
f 11776 11775 9786
f 11776 9786 9796
f 11776 9796 10965
f 11776 10965 11775
f 11777 10961 10965
f 11777 8270 9791
f 11777 9799 8270
f 11777 9791 10961
f 11778 10965 10966
f 11778 9799 11777
f 11778 11777 10965
f 11778 10966 9799
f 11779 9796 9795
f 11779 10969 9796
f 11780 11779 9795
f 11780 10969 11779
f 11780 8266 9802
f 11780 9795 8266
f 11781 9801 10963
f 11781 10963 10967
f 11782 9799 10966
f 11782 8275 9799
f 11782 10966 10969
f 11783 11781 10967
f 11783 10968 9809
f 11783 10967 10968
f 11783 9809 9810
f 11784 11782 10969
f 11784 9803 11785
f 11786 8271 9807
f 11786 9805 8271
f 11787 9812 10974
f 11787 9807 9812
f 11787 11786 9807
f 11787 10974 11786
f 11788 11785 9803
f 11789 10968 10972
f 11789 9809 10968
f 11789 9814 9809
f 11790 10972 10977
f 11790 11789 10972
f 11790 9814 11789
f 11790 9815 9814
f 11791 10975 9818
f 11791 9818 8286
f 11791 10974 10975
f 11791 11788 10974
f 11792 9812 9811
f 11792 10976 9812
f 11793 8278 9816
f 11793 10978 10976
f 11793 9816 10978
f 11793 10976 11792
f 11793 11792 9811
f 11793 9811 8278
f 11794 10977 10972
f 11794 9825 10977
f 11794 10972 6804
f 11794 6850 10983
f 11794 6804 6850
f 11794 10983 9825
f 11795 9818 10975
f 11795 10975 10976
f 11796 9818 11795
f 11796 8291 9818
f 11796 9821 8291
f 11796 10978 9821
f 11796 10976 10978
f 11796 11795 10976
f 11797 8297 10980
f 11797 10980 9815
f 11797 9829 8297
f 11797 10977 9824
f 11797 9824 9829
f 11797 9815 11790
f 11797 11790 10977
f 11798 9820 8288
f 11798 8288 9823
f 11798 10981 9820
f 11798 10985 10981
f 11799 9831 10985
f 11799 9823 9831
f 11799 10985 11798
f 11799 11798 9823
f 11800 8300 9828
f 11800 9828 10981
f 11800 9834 8300
f 11800 10981 10985
f 11801 11800 10985
f 11801 10986 9834
f 11801 10985 10986
f 11801 9834 11800
f 11802 9831 9830
f 11802 10989 9831
f 11803 9830 8296
f 11803 8296 9837
f 11803 11802 9830
f 11803 10989 11802
f 11804 9836 10982
f 11804 10982 10987
f 11805 10986 10989
f 11805 9834 10986
f 11805 8307 9834
f 11806 10987 10988
f 11806 10988 9845
f 11806 9845 9844
f 11806 11804 10987
f 11807 9838 8310
f 11808 8307 11805
f 11808 11807 8310
f 11808 11805 10989
f 11808 8305 8307
f 11808 8310 8305
f 11808 10989 11807
f 11809 8303 9842
f 11809 9840 8303
f 11809 9842 9849
f 11809 9849 10994
f 11809 10993 9840
f 11809 10994 10993
f 11810 9845 10988
f 11810 10988 10992
f 11810 9851 9845
f 11811 11810 10992
f 11811 9852 9851
f 11811 9851 11810
f 11811 10992 10997
f 11812 10994 10995
f 11812 9846 10994
f 11812 9847 9846
f 11812 9855 9847
f 11812 10995 9855
f 11813 10996 9849
f 11813 9849 9848
f 11814 10996 11813
f 11814 11813 9848
f 11814 8311 9853
f 11814 9848 8311
f 11814 10998 10996
f 11814 9853 10998
f 11815 11004 9864
f 11815 9864 10997
f 11815 6851 6882
f 11815 10992 6851
f 11815 10997 10992
f 11815 6882 11004
f 11816 8320 9855
f 11816 9855 10995
f 11816 10995 10996
f 11817 8320 11816
f 11817 11816 10996
f 11817 10996 10998
f 11817 9859 8320
f 11817 10998 9859
f 11818 9869 8326
f 11818 8326 11000
f 11818 9852 11811
f 11818 9863 9869
f 11818 11811 10997
f 11818 10997 9863
f 11818 11000 9852
f 11819 9858 8318
f 11819 8318 9861
f 11819 11001 9858
f 11819 11005 11001
f 11820 11005 11819
f 11820 11819 9861
f 11820 9861 9871
f 11820 9871 11005
f 11821 8327 9867
f 11821 9874 8327
f 11821 9867 11001
f 11821 11001 11005
f 11822 11821 11005
f 11822 9874 11821
f 11822 11005 11006
f 11822 11006 9874
f 11823 11009 9871
f 11823 9871 9870
f 11824 11009 11823
f 11824 8323 9877
f 11824 11823 9870
f 11824 9870 8323
f 11825 9876 11003
f 11825 11003 11007
f 11826 11006 11009
f 11826 8332 9874
f 11826 9874 11006
f 11827 9885 9884
f 11827 11825 11007
f 11827 11008 9885
f 11827 11007 11008
f 11828 9878 11829
f 11828 11826 11009
f 11830 8328 9882
f 11830 9880 8328
f 11831 9882 9887
f 11831 11830 9882
f 11831 9887 11014
f 11831 11014 11830
f 11832 11829 9878
f 11833 11008 11012
f 11833 9889 9885
f 11833 9885 11008
f 11834 9891 9889
f 11834 11012 11017
f 11834 11833 11012
f 11834 9889 11833
f 11835 11014 11015
f 11835 9894 8342
f 11835 11015 9894
f 11835 11832 11014
f 11836 9887 9886
f 11836 11016 9887
f 11837 9886 8335
f 11837 11018 11016
f 11837 9892 11018
f 11837 8335 9892
f 11837 11836 9886
f 11837 11016 11836
f 11838 11024 9902
f 11838 11012 6883
f 11838 11017 11012
f 11838 6913 11024
f 11838 6883 6913
f 11838 9902 11017
f 11839 11015 11016
f 11839 9894 11015
f 11840 9894 11839
f 11840 11839 11016
f 11840 11016 11018
f 11840 8350 9894
f 11840 9898 8350
f 11840 11018 9898
f 11841 9907 8360
f 11841 9901 9907
f 11841 8360 11020
f 11841 11017 9901
f 11841 11020 9891
f 11841 9891 11834
f 11841 11834 11017
f 11842 11025 11021
f 11842 11021 9897
f 11842 8348 9900
f 11842 9897 8348
f 11843 9909 11025
f 11843 11842 9900
f 11843 9900 9909
f 11843 11025 11842
f 11844 8361 9905
f 11844 9913 8361
f 11844 11021 11025
f 11844 9905 11021
f 11845 11844 11025
f 11845 11026 9913
f 11845 9913 11844
f 11845 11025 11026
f 11846 11030 9909
f 11846 9909 9908
f 11847 9908 8357
f 11847 11030 11846
f 11847 11846 9908
f 11847 8357 9916
f 11848 11023 11028
f 11848 9915 11023
f 11849 8367 9913
f 11849 9913 11026
f 11849 11026 11030
f 11850 11848 11028
f 11850 11029 9924
f 11850 9924 9923
f 11850 11028 11029
f 11851 9917 8370
f 11852 11849 11030
f 11852 11851 8370
f 11852 11030 11851
f 11852 8367 11849
f 11852 8370 8365
f 11852 8365 8367
f 11853 4954 827
f 11853 4964 4954
f 11853 4960 4964
f 11853 11032 4960
f 11853 11027 11032
f 11853 2982 11027
f 11853 827 2982
f 11854 9919 8363
f 11854 8363 9921
f 11854 9921 9928
f 11854 9928 11036
f 11854 11035 9919
f 11854 11036 11035
f 11855 9924 11029
f 11855 9930 9924
f 11855 11029 11034
f 11856 9930 11855
f 11856 11855 11034
f 11856 9931 9930
f 11856 11034 11039
f 11857 11036 11037
f 11857 9926 9925
f 11857 9934 9926
f 11857 11037 9934
f 11857 9925 11036
f 11858 11038 9928
f 11858 9928 9927
f 11859 11038 11858
f 11859 11858 9927
f 11859 9932 11040
f 11859 11040 11038
f 11859 9927 8371
f 11859 8371 9932
f 11860 6914 6944
f 11860 9943 11039
f 11860 11046 9943
f 11860 11034 6914
f 11860 11039 11034
f 11860 6944 11046
f 11861 8381 9934
f 11861 9934 11037
f 11861 11037 11038
f 11862 11861 11038
f 11862 8381 11861
f 11862 9939 8381
f 11862 11040 9939
f 11862 11038 11040
f 11863 9942 9948
f 11863 11039 9942
f 11863 9931 11856
f 11863 11856 11039
f 11863 8386 11042
f 11863 11042 9931
f 11863 9948 8386
f 11864 8378 9940
f 11864 9937 8378
f 11864 11043 9937
f 11864 11047 11043
f 11865 11047 11864
f 11865 9940 9950
f 11865 11864 9940
f 11865 9950 11047
f 11866 9953 8387
f 11866 8387 9946
f 11866 9946 11043
f 11866 11043 11047
f 11867 11048 9953
f 11867 11047 11048
f 11867 11866 11047
f 11867 9953 11866
f 11868 9950 9949
f 11868 11051 9950
f 11869 9949 8383
f 11869 8383 9956
f 11869 11868 9949
f 11869 11051 11868
f 11870 9955 11045
f 11870 11045 11049
f 11871 11048 11051
f 11871 9953 11048
f 11871 8392 9953
f 11872 11049 11050
f 11872 9964 9963
f 11872 11050 9964
f 11872 11870 11049
f 11873 11871 11051
f 11873 9957 11874
f 11875 9959 8388
f 11875 8388 9961
f 11876 11056 11875
f 11876 11875 9961
f 11876 9961 9966
f 11876 9966 11056
f 11877 11874 9957
f 11878 9964 11050
f 11878 9968 9964
f 11878 11050 11054
f 11879 9968 11878
f 11879 11878 11054
f 11879 11054 11059
f 11879 9969 9968
f 11880 11877 11056
f 11880 11056 11057
f 11880 11057 9972
f 11880 9972 8401
f 11881 11058 9966
f 11881 9966 9965
f 11882 11881 9965
f 11882 9970 11060
f 11882 11060 11058
f 11882 9965 8395
f 11882 8395 9970
f 11882 11058 11881
f 11883 9980 11059
f 11883 11059 11054
f 11883 11054 6945
f 11883 6976 11066
f 11883 6945 6976
f 11883 11066 9980
f 11884 11057 11058
f 11884 9972 11057
f 11885 11884 11058
f 11885 11060 9975
f 11885 11058 11060
f 11885 9972 11884
f 11885 8404 9972
f 11885 9975 8404
f 11886 11879 11059
f 11886 9969 11879
f 11886 11059 9979
f 11886 11062 9969
f 11886 8410 11062
f 11886 9985 8410
f 11886 9979 9985
f 11887 11067 11063
f 11887 11063 9974
f 11887 9974 8402
f 11887 8402 9977
f 11888 9987 11067
f 11888 11887 9977
f 11888 11067 11887
f 11888 9977 9987
f 11889 11063 11067
f 11889 8413 9983
f 11889 9983 11063
f 11889 9990 8413
f 11890 11068 9990
f 11890 11067 11068
f 11890 11889 11067
f 11890 9990 11889
f 11891 11071 9987
f 11891 9987 9986
f 11892 8409 9993
f 11892 11071 11891
f 11892 11891 9986
f 11892 9986 8409
f 11893 9992 11065
f 11893 11065 11069
f 11894 9990 11068
f 11894 11068 11071
f 11894 8419 9990
f 11895 10001 10000
f 11895 11070 10001
f 11895 11069 11070
f 11895 11893 11069
f 11896 9994 8422
f 11897 11894 11071
f 11897 8417 8419
f 11897 11071 11896
f 11897 8419 11894
f 11897 11896 8422
f 11897 8422 8417
f 11898 9996 8415
f 11898 10005 11076
f 11898 8415 9998
f 11898 9998 10005
f 11898 11076 11075
f 11898 11075 9996
f 11899 10001 11070
f 11899 11070 11074
f 11899 10007 10001
f 11900 10008 10007
f 11900 11074 11079
f 11900 10007 11899
f 11900 11899 11074
f 11901 10003 10002
f 11901 10011 10003
f 11901 11077 10011
f 11901 11076 11077
f 11901 10002 11076
f 11902 10005 10004
f 11902 11078 10005
f 11903 10009 11080
f 11903 10004 8423
f 11903 11902 10004
f 11903 8423 10009
f 11903 11080 11078
f 11903 11078 11902
f 11904 7032 11086
f 11904 11079 11074
f 11904 11086 10020
f 11904 10020 11079
f 11904 6977 7032
f 11904 11074 6977
f 11905 10011 11077
f 11905 8434 10011
f 11905 11077 11078
f 11906 10016 8434
f 11906 11080 10016
f 11906 11078 11080
f 11906 8434 11905
f 11906 11905 11078
f 11907 10025 8437
f 11907 11082 10008
f 11907 10019 10025
f 11907 11079 10019
f 11907 10008 11900
f 11907 8437 11082
f 11907 11900 11079
f 11908 10014 8431
f 11908 8431 10017
f 11908 11083 10014
f 11908 11087 11083
f 11909 11908 10017
f 11909 11087 11908
f 11909 10027 11087
f 11909 10017 10027
f 11910 8440 10023
f 11910 10023 11083
f 11910 10030 8440
f 11910 11083 11087
f 11911 10030 11910
f 11911 11910 11087
f 11911 11088 10030
f 11911 11087 11088
f 11912 10027 10026
f 11912 11091 10027
f 11913 11912 10026
f 11913 11091 11912
f 11913 8436 10033
f 11913 10026 8436
f 11914 10032 11085
f 11914 11085 11089
f 11915 10030 11088
f 11915 8445 10030
f 11915 11088 11091
f 11916 10041 10040
f 11916 11914 11089
f 11916 11090 10041
f 11916 11089 11090
f 11917 10034 11918
f 11917 11915 11091
f 11919 8441 10038
f 11919 10036 8441
f 11920 10043 11096
f 11920 11919 10038
f 11920 10038 10043
f 11920 11096 11919
f 11921 11918 10034
f 11922 11090 11094
f 11922 10045 10041
f 11922 10041 11090
f 11923 11094 11099
f 11923 10046 10045
f 11923 10045 11922
f 11923 11922 11094
f 11924 10049 8454
f 11924 11097 10049
f 11924 11921 11096
f 11924 11096 11097
f 11925 10043 10042
f 11925 11098 10043
f 11926 10047 11100
f 11926 10042 8448
f 11926 11098 11925
f 11926 8448 10047
f 11926 11100 11098
f 11926 11925 10042
f 11927 11094 7033
f 11927 11106 10056
f 11927 11099 11094
f 11927 10056 11099
f 11927 7033 7057
f 11927 7057 11106
f 11928 11097 11098
f 11928 10049 11097
f 11929 11928 11098
f 11929 11098 11100
f 11929 11100 10052
f 11929 8457 10049
f 11929 10049 11928
f 11929 10052 8457
f 11930 11923 11099
f 11930 11099 10055
f 11930 11102 10046
f 11930 8461 11102
f 11930 10046 11923
f 11930 10060 8461
f 11930 10055 10060
f 11931 11107 11103
f 11931 11103 10051
f 11931 8455 10054
f 11931 10051 8455
f 11932 11931 10054
f 11932 10054 10062
f 11932 10062 11107
f 11932 11107 11931
f 11933 11103 11107
f 11933 10059 11103
f 11933 8464 10059
f 11934 10068 8464
f 11934 11933 11107
f 11934 11107 11108
f 11934 11108 10068
f 11934 8464 11933
f 11935 8460 10070
f 11935 11111 10062
f 11935 10070 11112
f 11935 10062 10061
f 11935 11112 11111
f 11935 10061 8460
f 11936 11105 11109
f 11936 10067 11105
f 11937 10075 10069
f 11937 10068 11108
f 11937 10069 10068
f 11937 11108 11111
f 11937 11111 10075
f 11938 11110 10080
f 11938 11109 11110
f 11938 10080 10081
f 11938 11936 11109
f 11939 10074 8465
f 11939 8465 10076
f 11940 10083 11116
f 11940 10076 10083
f 11940 11116 11939
f 11940 11939 10076
f 11941 8470 10071
f 11942 10080 11110
f 11942 10085 10080
f 11942 11110 11115
f 11943 8470 11941
f 11943 8476 8470
f 11943 8479 8476
f 11943 11941 11116
f 11944 10086 10085
f 11944 10085 11942
f 11944 11115 11120
f 11944 11942 11115
f 11945 11943 11116
f 11945 10089 8479
f 11945 11117 10089
f 11945 11116 11117
f 11945 8479 11943
f 11946 11119 10083
f 11946 10083 10082
f 11947 11119 11946
f 11947 8471 10087
f 11947 11946 10082
f 11947 11121 11119
f 11947 10082 8471
f 11947 10087 11121
f 11948 7058 7095
f 11948 11126 10097
f 11948 11115 7058
f 11948 11120 11115
f 11948 7095 11126
f 11948 10097 11120
f 11949 10089 11117
f 11949 11117 11119
f 11950 8483 10089
f 11950 10092 8483
f 11950 11949 11119
f 11950 10089 11949
f 11950 11119 11121
f 11950 11121 10092
f 11951 11944 11120
f 11951 10086 11944
f 11951 10101 8493
f 11951 10096 10101
f 11951 11120 10096
f 11951 8493 11123
f 11951 11123 10086
f 11952 8481 10094
f 11952 10091 8481
f 11952 11127 11124
f 11952 11124 10091
f 11953 10103 11127
f 11953 11952 10094
f 11953 10094 10103
f 11953 11127 11952
f 11954 8494 10099
f 11954 10106 8494
f 11954 10099 11124
f 11954 11124 11127
f 11955 10106 11954
f 11955 11954 11127
f 11955 11127 11128
f 11955 11128 10106
f 11956 10103 10102
f 11956 11131 10103
f 11957 11956 10102
f 11957 11131 11956
f 11957 10102 8490
f 11957 8490 10109
f 11958 10108 11125
f 11958 11125 11129
f 11959 8499 10106
f 11959 11128 11131
f 11959 10106 11128
f 11960 11129 11130
f 11960 11130 10117
f 11960 11958 11129
f 11960 10117 10118
f 11961 11959 11131
f 11961 10110 11962
f 11963 8495 10115
f 11963 10113 8495
f 11964 10120 11136
f 11964 11136 11963
f 11964 11963 10115
f 11964 10115 10120
f 11965 11962 10110
f 11966 11130 11134
f 11966 10117 11130
f 11966 10122 10117
f 11967 11134 11139
f 11967 10122 11966
f 11967 11966 11134
f 11967 10123 10122
f 11968 11136 11137
f 11968 11965 11136
f 11968 10126 8508
f 11968 11137 10126
f 11969 11138 10120
f 11969 10120 10119
f 11970 11140 11138
f 11970 10124 11140
f 11970 10119 8502
f 11970 11969 10119
f 11970 8502 10124
f 11970 11138 11969
f 11971 7126 11146
f 11971 7096 7126
f 11971 11139 11134
f 11971 10133 11139
f 11971 11146 10133
f 11971 11134 7096
f 11972 11137 11138
f 11972 10126 11137
f 11973 11140 10129
f 11973 11972 11138
f 11973 11138 11140
f 11973 10126 11972
f 11973 10129 8511
f 11973 8511 10126
f 11974 11967 11139
f 11974 11139 10132
f 11974 10137 8517
f 11974 11142 10123
f 11974 8517 11142
f 11974 10132 10137
f 11974 10123 11967
f 11975 11143 10128
f 11975 11147 11143
f 11975 8509 10131
f 11975 10128 8509
f 11976 10131 10139
f 11976 10139 11147
f 11976 11975 10131
f 11976 11147 11975
f 11977 8518 10136
f 11977 11143 11147
f 11977 10136 11143
f 11978 11147 11148
f 11978 8518 11977
f 11978 11148 10145
f 11978 10145 8518
f 11978 11977 11147
f 11979 10138 8514
f 11979 11151 10139
f 11979 10147 11152
f 11979 10139 10138
f 11979 8514 10147
f 11979 11152 11151
f 11980 10144 11145
f 11980 11145 11149
f 11981 10145 11148
f 11981 10146 10145
f 11981 11151 10152
f 11981 10152 10146
f 11981 11148 11151
f 11982 11980 11149
f 11982 10157 10158
f 11982 11149 11150
f 11982 11150 10157
f 11983 10151 8519
f 11983 8519 10153
f 11984 11983 10153
f 11984 11156 11983
f 11984 10153 10160
f 11984 10160 11156
f 11985 8524 10148
f 11986 11150 11155
f 11986 10162 10157
f 11986 10157 11150
f 11987 11985 11156
f 11987 8532 8530
f 11987 8524 11985
f 11987 8530 8524
f 11988 10162 11986
f 11988 11986 11155
f 11988 11155 11160
f 11988 10163 10162
f 11989 11987 11156
f 11989 8532 11987
f 11989 11156 11157
f 11989 10166 8532
f 11989 11157 10166
f 11990 10160 10159
f 11990 11159 10160
f 11991 11990 10159
f 11991 11161 11159
f 11991 10159 8525
f 11991 8525 10164
f 11991 10164 11161
f 11991 11159 11990
f 11992 11166 10173
f 11992 7155 11166
f 11992 11155 7127
f 11992 10173 11160
f 11992 11160 11155
f 11992 7127 7155
f 11993 11157 11159
f 11993 10166 11157
f 11994 10166 11993
f 11994 11993 11159
f 11994 11159 11161
f 11994 11161 10169
f 11994 10169 8535
f 11994 8535 10166
f 11995 10172 10177
f 11995 10177 8540
f 11995 11988 11160
f 11995 10163 11988
f 11995 8540 11163
f 11995 11160 10172
f 11995 11163 10163
f 11996 11164 10168
f 11996 11167 11164
f 11996 10168 8533
f 11996 8533 10170
f 11997 10170 10179
f 11997 10179 11167
f 11997 11167 11996
f 11997 11996 10170
f 11998 8544 10175
f 11998 10182 8544
f 11998 10175 11164
f 11998 11164 11167
f 11999 11168 10182
f 11999 11998 11167
f 11999 10182 11998
f 11999 11167 11168
f 12000 10179 10178
f 12000 11171 10179
f 12001 10178 8539
f 12001 8539 10185
f 12001 11171 12000
f 12001 12000 10178
f 12002 11165 11169
f 12002 10184 11165
f 12003 10182 11168
f 12003 8551 10182
f 12003 11168 11171
f 12004 11170 10193
f 12004 10193 10194
f 12004 12002 11169
f 12004 11169 11170
f 12005 12003 11171
f 12005 10186 12006
f 12007 10189 8546
f 12007 8546 10191
f 12008 11176 12007
f 12008 10196 11176
f 12008 10191 10196
f 12008 12007 10191
f 12009 12006 10186
f 12010 10198 10193
f 12010 10193 11170
f 12010 11170 11174
f 12011 11174 11179
f 12011 10199 10198
f 12011 12010 11174
f 12011 10198 12010
f 12012 10202 8560
f 12012 11176 11177
f 12012 11177 10202
f 12012 12009 11176
f 12013 10196 10195
f 12013 11178 10196
f 12014 12013 10195
f 12014 11178 12013
f 12014 10200 11180
f 12014 8554 10200
f 12014 11180 11178
f 12014 10195 8554
f 12015 11179 11174
f 12015 7156 7203
f 12015 11186 10209
f 12015 11174 7156
f 12015 10209 11179
f 12015 7203 11186
f 12016 11177 11178
f 12016 10202 11177
f 12017 12016 11178
f 12017 11180 10205
f 12017 10202 12016
f 12017 11178 11180
f 12017 8563 10202
f 12017 10205 8563
f 12018 8569 11182
f 12018 11179 10208
f 12018 10208 10213
f 12018 11182 10199
f 12018 10213 8569
f 12018 12011 11179
f 12018 10199 12011
f 12019 11183 10204
f 12019 11187 11183
f 12019 10204 8561
f 12019 8561 10207
f 12020 11187 12019
f 12020 10207 10215
f 12020 12019 10207
f 12020 10215 11187
f 12021 10212 11183
f 12021 11183 11187
f 12021 8570 10212
f 12022 11188 10221
f 12022 12021 11187
f 12022 8570 12021
f 12022 11187 11188
f 12022 10221 8570
f 12023 8566 10223
f 12023 11191 10215
f 12023 10223 11192
f 12023 11192 11191
f 12023 10214 8566
f 12023 10215 10214
f 12024 11185 11189
f 12024 10220 11185
f 12025 10221 11188
f 12025 10222 10221
f 12025 11188 11191
f 12025 10228 10222
f 12025 11191 10228
f 12026 10234 10233
f 12026 12024 11189
f 12026 11189 11190
f 12026 11190 10234
f 12027 10227 8571
f 12027 8571 10229
f 12028 11196 12027
f 12028 12027 10229
f 12028 10229 10236
f 12028 10236 11196
f 12029 8576 10224
f 12030 11190 11195
f 12030 10238 10234
f 12030 10234 11190
f 12031 12029 11196
f 12031 8576 12029
f 12031 8584 8582
f 12031 8582 8576
f 12032 12030 11195
f 12032 10239 10238
f 12032 10238 12030
f 12032 11195 11200
f 12033 10242 8584
f 12033 8584 12031
f 12033 11197 10242
f 12033 12031 11196
f 12033 11196 11197
f 12034 10236 10235
f 12034 11199 10236
f 12035 8578 10240
f 12035 12034 10235
f 12035 10240 11201
f 12035 11201 11199
f 12035 11199 12034
f 12035 10235 8578
f 12036 12037 10249
f 12036 10249 11200
f 12036 11195 7204
f 12036 7204 7222
f 12036 11200 11195
f 12036 7222 12037
f 12038 10242 11197
f 12038 11197 11199
f 12039 8587 10242
f 12039 10242 12038
f 12039 11201 10245
f 12039 11199 11201
f 12039 12038 11199
f 12039 10245 8587
f 12040 11200 10248
f 12040 11203 10239
f 12040 10239 12032
f 12040 12032 11200
f 12040 8592 11203
f 12040 10253 8592
f 12040 10248 10253
f 12041 11211 11207
f 12041 10249 12037
f 12041 11207 10249
f 12041 7222 7223
f 12041 12037 7222
f 12041 7223 11211
f 12042 8585 10246
f 12042 10244 8585
f 12042 11204 10244
f 12042 11205 11204
f 12043 10255 11205
f 12043 10246 10255
f 12043 12042 10246
f 12043 11205 12042
f 12044 8595 10251
f 12044 10258 8595
f 12044 10251 11204
f 12044 11204 11205
f 12045 10258 12044
f 12045 11205 11206
f 12045 11206 10258
f 12045 12044 11205
f 12046 11208 10255
f 12046 10255 10254
f 12047 12046 10254
f 12047 8591 10260
f 12047 10254 8591
f 12047 11208 12046
f 12048 10267 11209
f 12048 10256 11207
f 12048 11209 8597
f 12048 8597 10257
f 12048 10257 10256
f 12049 10258 11206
f 12049 8600 10258
f 12049 11206 11208
f 12050 10268 10267
f 12050 11207 11211
f 12050 12048 11207
f 12050 10267 12048
f 12051 12049 11208
f 12051 10261 12052
f 12053 12050 11211
f 12053 10269 10268
f 12053 10268 12050
f 12053 11211 11212
f 12053 11212 10269
f 12054 10263 8596
f 12054 8596 10265
f 12055 11215 12054
f 12055 12054 10265
f 12055 10265 10271
f 12055 10271 11215
f 12056 12052 10261
f 12057 11212 11210
f 12057 10273 10269
f 12057 10269 11212
f 12058 11210 11218
f 12058 12057 11210
f 12058 10273 12057
f 12058 10274 10273
f 12059 11216 10277
f 12059 10277 8609
f 12059 11215 11216
f 12059 12056 11215
f 12060 10271 10270
f 12060 11217 10271
f 12061 11219 11217
f 12061 10275 11219
f 12061 10270 8603
f 12061 12060 10270
f 12061 8603 10275
f 12061 11217 12060
f 12062 11225 10284
f 12062 11218 11210
f 12062 11210 7223
f 12062 10284 11218
f 12062 7223 7248
f 12062 7248 11225
f 12063 10277 11216
f 12063 11216 11217
f 12064 11217 11219
f 12064 12063 11217
f 12064 8613 10277
f 12064 10280 8613
f 12064 10277 12063
f 12064 11219 10280
f 12065 12058 11218
f 12065 11221 10274
f 12065 10289 8617
f 12065 10283 10289
f 12065 8617 11221
f 12065 11218 10283
f 12065 10274 12058
f 12066 11226 11222
f 12066 10279 8611
f 12066 8611 10282
f 12066 11222 10279
f 12067 10282 10291
f 12067 12066 10282
f 12067 10291 11226
f 12067 11226 12066
f 12068 10287 11222
f 12068 11222 11226
f 12068 8620 10287
f 12068 10297 8620
f 12069 12068 11226
f 12069 11226 11227
f 12069 10297 12068
f 12069 11227 10297
f 12070 11230 11229
f 12070 11229 10291
f 12070 10300 11230
f 12070 10290 8616
f 12070 8616 10300
f 12070 10291 10290
f 12071 10299 11224
f 12071 11224 11228
f 12072 11227 11229
f 12072 10307 10298
f 12072 10298 10297
f 12072 11229 10307
f 12072 10297 11227
f 12073 7268 10313
f 12073 11228 7269
f 12073 12071 11228
f 12073 7269 7268
f 12074 10306 8621
f 12074 8621 10308
f 12075 10308 10315
f 12075 10315 11233
f 12075 12074 10308
f 12075 11233 12074
f 12076 8629 10301
f 12077 8633 8629
f 12077 8637 8633
f 12077 8629 12076
f 12077 12076 11233
f 12078 10319 8637
f 12078 8637 12077
f 12078 11234 10319
f 12078 11233 11234
f 12078 12077 11233
f 12079 10315 10314
f 12079 11236 10315
f 12080 10314 8631
f 12080 8631 10318
f 12080 12079 10314
f 12080 11237 11236
f 12080 10318 11237
f 12080 11236 12079
f 12081 10319 11234
f 12081 11234 11236
f 12082 11237 10321
f 12082 10321 8642
f 12082 12081 11236
f 12082 11236 11237
f 12082 8642 10319
f 12082 10319 12081
f 12083 10362 8682
f 12083 8682 10369
f 12083 10369 10373
f 12083 10373 11245
f 12083 11245 10362
f 12084 10374 10376
f 12084 11245 10374
f 12085 8754 10414
f 12085 11271 11274
f 12085 11275 8754
f 12085 11274 11275
f 12085 11277 11271
f 12085 10414 11277
f 12086 8887 11299
f 12086 10501 10500
f 12086 10500 8887
f 12087 11313 10518
f 12087 10518 11309
f 12087 11309 8949
f 12087 8949 8950
f 12087 8950 11313
f 12088 7665 10520
f 12088 8948 11310
f 12088 10520 8948
f 12088 11312 8957
f 12088 11310 11312
f 12088 8957 8955
f 12088 8955 7665
f 12089 11332 8998
f 12089 10541 8987
f 12089 8987 11330
f 12089 7697 10541
f 12089 8998 8996
f 12089 8996 7697
f 12089 11330 11332
f 12090 11333 10544
f 12090 10544 11335
f 12090 8989 8992
f 12090 11335 8989
f 12090 8992 11333
f 12091 11335 11338
f 12091 7692 11335
f 12091 11338 7700
f 12091 7691 7692
f 12091 7698 7691
f 12091 7700 7698
f 12092 9026 11354
f 12092 9025 9026
f 12092 11350 9025
f 12092 10559 11350
f 12092 11354 10559
f 12093 7723 10561
f 12093 10561 9024
f 12093 9031 7723
f 12093 9033 9031
f 12093 9024 11351
f 12093 11353 9033
f 12093 11351 11353
f 12094 9068 9069
f 12094 10580 11371
f 12094 11371 9068
f 12094 9069 11375
f 12094 11375 10580
f 12095 10583 9067
f 12095 9067 11372
f 12095 11372 11374
f 12095 11374 9075
f 12095 9074 7758
f 12095 9075 9074
f 12095 7758 10583
f 12096 7753 7750
f 12096 11376 7753
f 12096 7752 11373
f 12096 11375 11376
f 12096 11373 11375
f 12096 7750 7752
f 12097 11377 10586
f 12097 9069 9071
f 12097 9071 11377
f 12097 11379 9069
f 12097 10586 11379
f 12098 7753 11376
f 12098 11376 11379
f 12098 11382 7761
f 12098 7759 7753
f 12098 7761 7759
f 12098 11379 11382
f 12099 9103 9104
f 12099 11398 10601
f 12099 9104 11398
f 12099 10601 11394
f 12099 11394 9103
f 12100 9102 11395
f 12100 11395 11397
f 12100 9109 7784
f 12100 11397 9110
f 12100 7784 10603
f 12100 10603 9102
f 12100 9110 9109
f 12101 9144 9145
f 12101 9145 11419
f 12101 10621 11415
f 12101 11415 9144
f 12101 11419 10621
f 12102 7810 10623
f 12102 9151 9150
f 12102 11418 9151
f 12102 9150 7810
f 12102 9143 11416
f 12102 11416 11418
f 12102 10623 9143
f 12103 11419 11420
f 12103 7802 7804
f 12103 11420 7805
f 12103 7805 7802
f 12103 7804 11417
f 12103 11417 11419
f 12104 9145 9147
f 12104 10626 11423
f 12104 9147 11421
f 12104 11421 10626
f 12104 11423 9145
f 12105 7805 11420
f 12105 11420 11423
f 12105 7811 7805
f 12105 11426 7814
f 12105 7814 7811
f 12105 11423 11426
f 12106 10641 11438
f 12106 11438 9180
f 12106 9181 11442
f 12106 9180 9181
f 12106 11442 10641
f 12107 9187 9186
f 12107 7836 10643
f 12107 10643 9179
f 12107 11439 11441
f 12107 9179 11439
f 12107 11441 9187
f 12107 9186 7836
f 12108 11463 10661
f 12108 9221 11463
f 12108 9220 9221
f 12108 11459 9220
f 12108 10661 11459
f 12109 11460 11462
f 12109 7858 10663
f 12109 9219 11460
f 12109 10663 9219
f 12109 9228 9226
f 12109 9226 7858
f 12109 11462 9228
f 12110 11461 11463
f 12110 11464 7855
f 12110 7852 7854
f 12110 7855 7852
f 12110 11463 11464
f 12110 7854 11461
f 12111 9223 11465
f 12111 9221 9223
f 12111 10666 11467
f 12111 11467 9221
f 12111 11465 10666
f 12112 11470 7864
f 12112 11467 11470
f 12112 7855 11464
f 12112 7861 7855
f 12112 11464 11467
f 12112 7864 7861
f 12113 10684 9255
f 12113 7882 10684
f 12113 9255 11481
f 12113 11483 9267
f 12113 11481 11483
f 12113 9267 9266
f 12113 9266 7882
f 12114 10703 11501
f 12114 11501 9300
f 12114 9301 11505
f 12114 11505 10703
f 12114 9300 9301
f 12115 9299 11502
f 12115 11504 9309
f 12115 11502 11504
f 12115 7907 10705
f 12115 9309 9307
f 12115 9307 7907
f 12115 10705 9299
f 12116 11503 11505
f 12116 11505 11506
f 12116 7903 11503
f 12116 7901 7903
f 12116 7904 7901
f 12116 11506 7904
f 12117 9304 11507
f 12117 10708 11509
f 12117 11509 9301
f 12117 9301 9304
f 12117 11507 10708
f 12118 7913 7910
f 12118 7910 7904
f 12118 11512 7913
f 12118 11509 11512
f 12118 11506 11509
f 12118 7904 11506
f 12119 9335 11524
f 12119 10726 9335
f 12119 7941 10726
f 12119 9348 7941
f 12119 9350 9348
f 12119 11526 9350
f 12119 11524 11526
f 12120 10728 11529
f 12120 11529 9339
f 12120 9339 9342
f 12120 9342 11527
f 12120 11527 10728
f 12121 9377 9378
f 12121 11545 9377
f 12121 10743 11545
f 12121 11549 10743
f 12121 9378 11549
f 12122 11548 9386
f 12122 9386 9384
f 12122 9384 7965
f 12122 9376 11546
f 12122 11546 11548
f 12122 10745 9376
f 12122 7965 10745
f 12123 11550 7963
f 12123 7963 7959
f 12123 7959 7961
f 12123 7961 11547
f 12123 11547 11549
f 12123 11549 11550
f 12124 9378 9381
f 12124 10748 11553
f 12124 11553 9378
f 12124 11551 10748
f 12124 9381 11551
f 12125 11550 11553
f 12125 7963 11550
f 12125 7968 7963
f 12125 7970 7968
f 12125 11553 11556
f 12125 11556 7970
f 12126 9412 11568
f 12126 9425 9424
f 12126 10766 9412
f 12126 7990 10766
f 12126 9424 7990
f 12126 11570 9425
f 12126 11568 11570
f 12127 11573 9416
f 12127 11571 10768
f 12127 10768 11573
f 12127 9419 11571
f 12127 9416 9419
f 12128 9454 9455
f 12128 9455 11593
f 12128 10783 11589
f 12128 11589 9454
f 12128 11593 10783
f 12129 11592 9462
f 12129 9461 8025
f 12129 8025 10785
f 12129 10785 9453
f 12129 11590 11592
f 12129 9462 9461
f 12129 9453 11590
f 12130 8017 8019
f 12130 8019 11591
f 12130 11594 8021
f 12130 8021 8017
f 12130 11591 11593
f 12130 11593 11594
f 12131 11595 10788
f 12131 9458 11595
f 12131 10788 11597
f 12131 11597 9455
f 12131 9455 9458
f 12132 8028 8026
f 12132 8021 11594
f 12132 11594 11597
f 12132 8026 8021
f 12132 11600 8028
f 12132 11597 11600
f 12133 9501 8047
f 12133 10806 9489
f 12133 9489 11612
f 12133 11614 9502
f 12133 11612 11614
f 12133 8047 10806
f 12133 9502 9501
f 12134 10808 11617
f 12134 9496 11615
f 12134 11617 9493
f 12134 9493 9496
f 12134 11615 10808
f 12135 9532 11637
f 12135 11637 10823
f 12135 9531 9532
f 12135 11633 9531
f 12135 10823 11633
f 12136 10826 9530
f 12136 11636 9540
f 12136 8083 10826
f 12136 9530 11634
f 12136 11634 11636
f 12136 9538 8083
f 12136 9540 9538
f 12137 11637 11638
f 12137 8078 11635
f 12137 8080 8076
f 12137 11635 11637
f 12137 11638 8080
f 12137 8076 8078
f 12138 11639 10829
f 12138 11641 9532
f 12138 9532 9534
f 12138 10829 11641
f 12138 9534 11639
f 12139 8080 11638
f 12139 11638 11641
f 12139 8088 8086
f 12139 8086 8080
f 12139 11644 8088
f 12139 11641 11644
f 12140 10849 9569
f 12140 8110 10849
f 12140 9569 11656
f 12140 11656 11658
f 12140 11658 9581
f 12140 9579 8110
f 12140 9581 9579
f 12141 10851 11661
f 12141 11659 10851
f 12141 9571 9574
f 12141 9574 11659
f 12141 11661 9571
f 12142 10866 11677
f 12142 11677 9608
f 12142 9609 11681
f 12142 9608 9609
f 12142 11681 10866
f 12143 9607 11678
f 12143 11680 9615
f 12143 11678 11680
f 12143 8135 10868
f 12143 9614 8135
f 12143 9615 9614
f 12143 10868 9607
f 12144 11679 11681
f 12144 11681 8139
f 12144 8139 8133
f 12144 8131 11679
f 12144 8133 8129
f 12144 8129 8131
f 12145 8166 10889
f 12145 10889 9645
f 12145 9654 8166
f 12145 9655 9654
f 12145 9645 11697
f 12145 11699 9655
f 12145 11697 11699
f 12146 11700 10891
f 12146 9647 9650
f 12146 9650 11700
f 12146 11702 9647
f 12146 10891 11702
f 12147 11718 9683
f 12147 11722 10906
f 12147 9683 9684
f 12147 10906 11718
f 12147 9684 11722
f 12148 9690 9689
f 12148 9689 8195
f 12148 11721 9690
f 12148 11719 11721
f 12148 8195 10908
f 12148 10908 9682
f 12148 9682 11719
f 12149 10929 9721
f 12149 11741 9734
f 12149 8228 10929
f 12149 11739 11741
f 12149 9721 11739
f 12149 9732 8228
f 12149 9734 9732
f 12150 11742 10932
f 12150 9723 9727
f 12150 11744 9723
f 12150 10932 11744
f 12150 9727 11742
f 12151 8224 11744
f 12151 11744 11747
f 12151 11747 8233
f 12151 8223 8224
f 12151 8233 8231
f 12151 8231 8223
f 12152 11759 9762
f 12152 10949 11759
f 12152 9762 9763
f 12152 11763 10949
f 12152 9763 11763
f 12153 9770 9768
f 12153 8254 10951
f 12153 10951 9761
f 12153 9768 8254
f 12153 9761 11760
f 12153 11760 11762
f 12153 11762 9770
f 12154 10969 11780
f 12154 11780 9802
f 12154 9803 11784
f 12154 9802 9803
f 12154 11784 10969
f 12155 11781 11783
f 12155 8281 10971
f 12155 9801 11781
f 12155 11783 9810
f 12155 10971 9801
f 12155 9808 8281
f 12155 9810 9808
f 12156 11782 11784
f 12156 8275 11782
f 12156 11784 11785
f 12156 8273 8275
f 12156 11785 8276
f 12156 8276 8273
f 12157 9805 11786
f 12157 11788 9803
f 12157 11786 10974
f 12157 9803 9805
f 12157 10974 11788
f 12158 11788 11791
f 12158 8276 11785
f 12158 11785 11788
f 12158 8282 8276
f 12158 11791 8286
f 12158 8286 8282
f 12159 9838 11807
f 12159 9837 9838
f 12159 11807 10989
f 12159 11803 9837
f 12159 10989 11803
f 12160 11806 9844
f 12160 11804 11806
f 12160 10991 9836
f 12160 9836 11804
f 12160 8314 10991
f 12160 9843 8314
f 12160 9844 9843
f 12161 11828 11009
f 12161 11009 11824
f 12161 9877 9878
f 12161 11824 9877
f 12161 9878 11828
f 12162 9883 8336
f 12162 11011 9876
f 12162 8336 11011
f 12162 9876 11825
f 12162 11827 9884
f 12162 9884 9883
f 12162 11825 11827
f 12163 11828 11829
f 12163 8333 8330
f 12163 8332 11826
f 12163 11826 11828
f 12163 8330 8332
f 12163 11829 8333
f 12164 9878 9880
f 12164 11830 11014
f 12164 9880 11830
f 12164 11832 9878
f 12164 11014 11832
f 12165 8339 8333
f 12165 11829 11832
f 12165 8333 11829
f 12165 11835 8342
f 12165 11832 11835
f 12165 8342 8339
f 12166 11030 11847
f 12166 11847 9916
f 12166 9916 9917
f 12166 9917 11851
f 12166 11851 11030
f 12167 9915 11848
f 12167 11850 9923
f 12167 9923 9922
f 12167 11848 11850
f 12167 8372 11033
f 12167 9922 8372
f 12167 11033 9915
f 12168 9956 9957
f 12168 11869 9956
f 12168 11051 11869
f 12168 11873 11051
f 12168 9957 11873
f 12169 11053 9955
f 12169 8396 11053
f 12169 9962 8396
f 12169 9963 9962
f 12169 9955 11870
f 12169 11872 9963
f 12169 11870 11872
f 12170 11873 11874
f 12170 8392 11871
f 12170 8390 8392
f 12170 11874 8393
f 12170 8393 8390
f 12170 11871 11873
f 12171 9959 11875
f 12171 11875 11056
f 12171 11056 11877
f 12171 9957 9959
f 12171 11877 9957
f 12172 11874 11877
f 12172 11880 8401
f 12172 8393 11874
f 12172 8399 8393
f 12172 8401 8399
f 12172 11877 11880
f 12173 9994 11896
f 12173 11896 11071
f 12173 11071 11892
f 12173 11892 9993
f 12173 9993 9994
f 12174 10000 9999
f 12174 9999 8424
f 12174 9992 11893
f 12174 11073 9992
f 12174 8424 11073
f 12174 11893 11895
f 12174 11895 10000
f 12175 11091 11913
f 12175 11913 10033
f 12175 10034 11917
f 12175 11917 11091
f 12175 10033 10034
f 12176 8451 11093
f 12176 11916 10040
f 12176 10040 10039
f 12176 11093 10032
f 12176 10039 8451
f 12176 10032 11914
f 12176 11914 11916
f 12177 11915 11917
f 12177 8445 11915
f 12177 8443 8445
f 12177 11918 8446
f 12177 8446 8443
f 12177 11917 11918
f 12178 10036 11919
f 12178 11919 11096
f 12178 10034 10036
f 12178 11096 11921
f 12178 11921 10034
f 12179 11918 11921
f 12179 11924 8454
f 12179 11921 11924
f 12179 8446 11918
f 12179 8454 8452
f 12179 8452 8446
f 12180 11114 10067
f 12180 10067 11936
f 12180 11938 10081
f 12180 11936 11938
f 12180 8472 11114
f 12180 10079 8472
f 12180 10081 10079
f 12181 11941 10071
f 12181 11939 11116
f 12181 10071 10074
f 12181 10074 11939
f 12181 11116 11941
f 12182 11131 11957
f 12182 11957 10109
f 12182 11961 11131
f 12182 10110 11961
f 12182 10109 10110
f 12183 10108 11958
f 12183 11958 11960
f 12183 11960 10118
f 12183 10116 8503
f 12183 10118 10116
f 12183 8503 11133
f 12183 11133 10108
f 12184 8497 8499
f 12184 8500 8497
f 12184 8499 11959
f 12184 11961 11962
f 12184 11959 11961
f 12184 11962 8500
f 12185 10113 11963
f 12185 11963 11136
f 12185 11965 10110
f 12185 10110 10113
f 12185 11136 11965
f 12186 8506 8500
f 12186 8508 8506
f 12186 11962 11965
f 12186 11965 11968
f 12186 11968 8508
f 12186 8500 11962
f 12187 11982 10158
f 12187 10144 11980
f 12187 11154 10144
f 12187 11980 11982
f 12187 8528 11154
f 12187 10158 10156
f 12187 10156 8528
f 12188 10148 10151
f 12188 11983 11156
f 12188 11156 11985
f 12188 11985 10148
f 12188 10151 11983
f 12189 10185 10186
f 12189 12001 10185
f 12189 11171 12001
f 12189 12005 11171
f 12189 10186 12005
f 12190 10192 8557
f 12190 10194 10192
f 12190 10184 12002
f 12190 12004 10194
f 12190 12002 12004
f 12190 11173 10184
f 12190 8557 11173
f 12191 12006 8553
f 12191 8551 12003
f 12191 8549 8551
f 12191 8553 8549
f 12191 12005 12006
f 12191 12003 12005
f 12192 12007 11176
f 12192 10186 10189
f 12192 10189 12007
f 12192 12009 10186
f 12192 11176 12009
f 12193 12012 8560
f 12193 8553 12006
f 12193 12006 12009
f 12193 12009 12012
f 12193 8558 8553
f 12193 8560 8558
f 12194 12026 10233
f 12194 10233 10232
f 12194 10232 8581
f 12194 10220 12024
f 12194 8581 11194
f 12194 11194 10220
f 12194 12024 12026
f 12195 10224 10227
f 12195 12027 11196
f 12195 11196 12029
f 12195 12029 10224
f 12195 10227 12027
f 12196 12047 10260
f 12196 11208 12047
f 12196 10261 12051
f 12196 12051 11208
f 12196 10260 10261
f 12197 12051 12052
f 12197 8602 8598
f 12197 8600 12049
f 12197 12049 12051
f 12197 8598 8600
f 12197 12052 8602
f 12198 10263 12054
f 12198 12054 11215
f 12198 10261 10263
f 12198 12056 10261
f 12198 11215 12056
f 12199 12052 12056
f 12199 12059 8609
f 12199 8602 12052
f 12199 8609 8607
f 12199 12056 12059
f 12199 8607 8602
f 12200 12071 12073
f 12200 10312 8632
f 12200 12073 10313
f 12200 11232 10299
f 12200 8632 11232
f 12200 10299 12071
f 12200 10313 10312
f 12201 10306 12074
f 12201 12076 10301
f 12201 12074 11233
f 12201 11233 12076
f 12201 10301 10306
f 12202 12084 10376
f 12202 11250 11247
f 12202 10376 11250
f 12203 10496 8890
f 12203 12086 11299
f 12203 10501 12086
f 12203 8899 10501
f 12203 8890 8899
f 12203 11299 10496
f 12204 11245 12084
f 12204 12084 12202
f 12204 10364 10363
f 12204 11247 10364
f 12204 12202 11247
f 12204 10363 11245
f 1604 1602 1603
f 1605 1601 1602
f 1605 1602 1604
f 1606 1601 1605
f 1607 1600 1601
f 1607 1601 1606
f 1608 1599 1600
f 1608 1600 1607
f 1609 1598 1599
f 1609 1599 1608
f 1610 1598 1609
f 12205 1576 1577
f 1611 1597 1598
f 1611 1598 1610
f 1612 1597 1611
f 12206 1578 1579
f 12206 12205 1578
f 12207 1580 1581
f 12207 12206 1580
f 1582 12207 1581
f 1614 1596 1613
f 1583 12207 1582
f 12208 1583 1584
f 12208 12207 1583
f 1585 12208 1584
f 1586 12208 1585
f 1615 1594 1595
f 1615 1595 1614
f 1587 12208 1586
f 1588 12208 1587
f 12209 12208 1588
f 12209 1588 1589
f 12209 1589 1590
f 1616 1594 1615
f 1616 1591 1592
f 1616 1592 1593
f 1616 1593 1594
f 1617 12209 1590
f 1617 1590 1591
f 1617 1591 1616
f 1618 12209 1617
f 1618 12210 12209
f 1619 12210 1618
f 1619 12211 12210
f 1619 12212 12211
f 1620 12212 1619
f 1620 12213 12212
f 1621 12213 1620
f 1621 12214 12213
f 1622 12214 1621
f 1622 12215 12214
f 1623 12215 1622
f 1623 12216 12215
f 1624 12216 1623
f 1624 12217 12216
f 1625 12217 1624
f 1625 12218 12217
f 1626 12218 1625
f 1626 12219 12218
f 1627 12219 1626
f 1627 12220 12219
f 1628 12220 1627
f 1628 12221 12220
f 1629 12221 1628
f 1629 12222 12221
f 1629 12223 12222
f 1630 12223 1629
f 1630 12224 12223
f 1631 12224 1630
f 1631 12225 12224
f 1632 12226 12225
f 1632 12225 1631
f 1633 12227 12226
f 1633 12226 1632
f 1563 12228 12227
f 1563 12229 12228
f 1563 12227 1633
f 1564 12230 12229
f 1564 12229 1563
f 1565 12231 12230
f 1565 12230 1564
f 1566 12232 12231
f 1566 12231 1565
f 1567 12232 1566
f 1567 12233 12232
f 1567 12234 12233
f 1568 12234 1567
f 1568 12235 12234
f 1569 12235 1568
f 1569 12236 12235
f 1570 12236 1569
f 1570 12237 12236
f 1571 12237 1570
f 1571 12238 12237
f 1572 12238 1571
f 1572 12239 12238
f 1573 12239 1572
f 1573 12240 12239
f 1573 12241 12240
f 1574 12241 1573
f 1574 12242 12241
f 1575 12242 1574
f 1575 12243 12242
f 1366 12243 1575
f 1365 12243 1366
f 1365 12244 12243
f 1364 12244 1365
f 1364 12245 12244
f 1363 12247 12246
f 1363 12245 1364
f 1363 12246 12245
f 1362 12248 12247
f 1362 12247 1363
f 1361 12249 12248
f 1361 12248 1362
f 1360 12250 12249
f 1360 12249 1361
f 1359 12251 12250
f 1359 12250 1360
f 1358 12252 12251
f 1358 12251 1359
f 1357 12253 12252
f 1357 12254 12253
f 1357 12252 1358
f 1356 12255 12254
f 1356 12254 1357
f 1355 12256 12255
f 1355 12255 1356
f 1354 12257 12256
f 1354 12256 1355
f 1353 12258 12257
f 1353 12259 12258
f 1353 12257 1354
f 1352 12259 1353
f 1352 12260 12259
f 1351 12260 1352
f 1351 12261 12260
f 1350 12261 1351
f 1350 12262 12261
f 1349 12262 1350
f 1349 12263 12262
f 1348 12263 1349
f 1348 12264 12263
f 1348 12265 12264
f 1347 12266 12265
f 1347 12265 1348
f 1346 12267 12266
f 1346 12266 1347
f 1345 12268 12267
f 1345 12267 1346
f 1344 12269 12268
f 1344 12268 1345
f 1343 12270 12269
f 1343 12269 1344
f 1342 12271 12270
f 1342 12270 1343
f 1341 12272 12271
f 1341 12271 1342
f 1340 12273 12272
f 1340 12272 1341
f 1339 12274 12273
f 1339 12273 1340
f 1338 12275 12274
f 1338 12276 12275
f 1338 12274 1339
f 1337 12277 12276
f 1337 12276 1338
f 1309 1308 12277
f 1307 12277 1308
f 12278 1307 1306
f 12278 12277 1307
f 1305 12278 1306
f 1304 12278 1305
f 1303 12278 1304
f 1336 1310 1309
f 1336 12277 1337
f 1336 1309 12277
f 1302 12278 1303
f 12279 12278 1302
f 1301 12279 1302
f 1300 12279 1301
f 1335 1311 1310
f 1335 1312 1311
f 1335 1313 1312
f 1335 1310 1336
f 1299 12279 1300
f 12280 12279 1299
f 1334 1313 1335
f 1334 1314 1313
f 1297 12280 1298
f 12281 12280 1297
f 1333 1314 1334
f 1295 12281 1296
f 1332 1315 1333
f 1330 1316 1331
f 1317 1316 1330
f 1329 1317 1330
f 1328 1317 1329
f 1328 1318 1317
f 1327 1318 1328
f 1327 1319 1318
f 1326 1319 1327
f 1320 1319 1326
f 1325 1320 1326
f 1324 1320 1325
f 1324 1321 1320
f 1323 1322 1321
f 1323 1321 1324
f 1578 12205 1577
f 1580 12206 1579
f 1596 1614 1595
f 1597 1612 1596
f 1612 1613 1596
f 1296 12281 1297
f 1298 12280 1299
f 1314 1333 1315
f 1315 1331 1316
f 1315 1332 1331
f 12285 1533 1534
f 12285 1534 1535
f 12285 1535 1536
f 12285 1536 1537
f 12285 1537 1538
f 12285 1538 1539
f 12285 1539 1540
f 12285 1540 1541
f 12285 1541 1542
f 12285 1542 1543
f 12285 1543 1544
f 12285 1544 1545
f 12285 1545 1546
f 12285 1546 1547
f 12285 1547 1548
f 12285 1548 1549
f 12285 1549 1550
f 12285 1550 1551
f 12285 1551 1552
f 12285 1552 1553
f 12285 1553 1554
f 12285 1554 1555
f 12285 1555 1556
f 12285 1556 1557
f 12285 1557 1558
f 12285 1558 1559
f 12285 1559 1560
f 12285 1560 1561
f 12285 1561 1562
f 12285 1562 1408
f 12283 1408 1409
f 12283 1409 1410
f 12283 1410 1411
f 12283 1411 1412
f 12283 1412 1413
f 12283 1413 1414
f 12283 1414 1415
f 12283 1415 1416
f 12283 12285 1408
f 12283 1416 1417
f 12283 1417 1418
f 12283 1418 1419
f 1420 12283 1419
f 1421 12283 1420
f 1422 12283 1421
f 1423 12283 1422
f 1424 12283 1423
f 1425 12283 1424
f 1426 12283 1425
f 1427 12283 1426
f 1428 12283 1427
f 1429 12283 1428
f 1430 12283 1429
f 1431 12283 1430
f 1432 12283 1431
f 1433 12283 1432
f 1434 12283 1433
f 12284 1508 1509
f 12284 1509 1510
f 12284 1510 1511
f 12284 1511 1512
f 12284 1512 1513
f 12284 1513 1514
f 12284 1514 1515
f 12284 1515 1516
f 12284 1516 1517
f 12284 1517 1518
f 12284 1518 1519
f 12284 1519 1520
f 12284 1520 1521
f 12284 1521 1522
f 12284 1522 1523
f 12284 1523 1524
f 12284 1524 1525
f 12284 1525 1526
f 12284 1526 1527
f 12284 1527 1528
f 12284 1528 1529
f 12284 1529 1530
f 12284 1530 1531
f 12284 1531 1532
f 12284 1532 1533
f 12284 1533 12285
f 12284 1504 1505
f 12284 1505 1506
f 12284 1506 1507
f 12284 1507 1508
f 1435 12283 1434
f 1503 1504 12284
f 1436 12283 1435
f 1502 1503 12284
f 1437 12283 1436
f 12282 12283 1437
f 1501 1502 12284
f 1438 12282 1437
f 1500 1501 12284
f 1439 12282 1438
f 1499 1500 12284
f 1440 12282 1439
f 1498 1499 12284
f 1441 12282 1440
f 1497 1498 12284
f 1442 12282 1441
f 1496 1497 12284
f 1443 12282 1442
f 1495 1496 12284
f 1444 12282 1443
f 1494 1495 12284
f 1445 12282 1444
f 1493 1494 12284
f 1446 12282 1445
f 1492 1493 12284
f 1447 12282 1446
f 1491 1492 12284
f 1448 12282 1447
f 1490 1491 12284
f 1449 12282 1448
f 1489 1490 12284
f 1450 12282 1449
f 1488 1489 12284
f 1451 12282 1450
f 1487 1488 12284
f 1452 12282 1451
f 1486 1487 12284
f 1453 12282 1452
f 1485 1486 12284
f 1485 12284 12282
f 1454 12282 1453
f 1484 1485 12282
f 1455 12282 1454
f 1483 1484 12282
f 1456 12282 1455
f 1482 1483 12282
f 1457 12282 1456
f 1481 1482 12282
f 1458 12282 1457
f 1480 1481 12282
f 1459 12282 1458
f 1479 1480 12282
f 1460 12282 1459
f 1478 1479 12282
f 1461 12282 1460
f 1477 1478 12282
f 1462 12282 1461
f 1476 1477 12282
f 1463 12282 1462
f 1475 1476 12282
f 1464 12282 1463
f 1474 1475 12282
f 1465 12282 1464
f 1473 1474 12282
f 1466 12282 1465
f 1472 1473 12282
f 1467 12282 1466
f 1471 1472 12282
f 1468 12282 1467
f 1470 1471 12282
f 1469 12282 1468
f 1469 1470 12282
f 12363 1137 1136
f 12364 1137 12363
f 2083 2082 13375
f 2083 13375 13376
f 2083 13376 13377
f 12365 1137 12364
f 998 12439 999
f 12366 1137 12365
f 12438 12439 998
f 12367 1137 12366
f 12437 12438 998
f 12362 1142 1141
f 12368 1137 12367
f 12436 12437 998
f 12361 12362 1141
f 12369 1137 12368
f 12435 12436 998
f 12360 12361 1141
f 12370 1137 12369
f 12370 1138 1137
f 12434 12435 998
f 12359 12360 1141
f 12371 1138 12370
f 12433 12434 998
f 12358 12359 1141
f 12372 1138 12371
f 12432 12433 998
f 12432 998 997
f 12357 12358 1141
f 12373 1138 12372
f 12356 12357 1141
f 12431 12432 997
f 12374 1138 12373
f 12374 1139 1138
f 12355 1141 1140
f 12355 12356 1141
f 12430 12431 997
f 12440 994 993
f 12375 1139 12374
f 12441 994 12440
f 12354 12355 1140
f 12429 12430 997
f 12442 994 12441
f 12376 1139 12375
f 12353 12354 1140
f 12428 12429 997
f 12428 997 996
f 12443 994 12442
f 12352 12353 1140
f 12427 12428 996
f 12444 994 12443
f 12426 12427 996
f 12351 12352 1140
f 12351 1140 1139
f 12445 994 12444
f 244 12817 12818
f 244 12818 12819
f 244 12819 12820
f 244 12820 12821
f 244 12821 12822
f 244 12822 12823
f 244 12823 12824
f 244 12824 245
f 12350 12351 1139
f 13347 13379 13380
f 12446 994 12445
f 13348 13379 13347
f 13348 13378 13379
f 13346 13347 13380
f 13346 13380 13381
f 12349 1139 12376
f 12349 12350 1139
f 12447 995 994
f 13349 13378 13348
f 13349 13377 13378
f 13345 13346 13381
f 12447 994 12446
f 1290 1289 12286
f 1290 12286 12287
f 13345 13381 13382
f 13350 13377 13349
f 13350 2083 13377
f 13344 13345 13382
f 13344 13382 13383
f 12288 1290 12287
f 12348 12349 12376
f 12348 12376 12377
f 13351 2083 13350
f 12448 995 12447
f 13343 13344 13383
f 13343 13383 13384
f 13352 2083 13351
f 13352 2084 2083
f 12289 1290 12288
f 12347 12348 12377
f 13342 13343 13384
f 13342 13384 13385
f 13342 13385 13386
f 12347 12377 12378
f 12449 995 12448
f 13353 2084 13352
f 13341 13342 13386
f 13341 13386 13387
f 13354 2084 13353
f 12290 1290 12289
f 13340 13341 13387
f 13340 13387 13388
f 13355 2084 13354
f 12346 12347 12378
f 12346 12378 12379
f 13339 13388 13389
f 12450 995 12449
f 13339 13340 13388
f 13356 2085 2084
f 13356 2084 13355
f 13338 13339 13389
f 13338 13389 13390
f 12291 1290 12290
f 13357 2085 13356
f 13337 13338 13390
f 13337 13390 13391
f 12345 12346 12379
f 12345 12379 12380
f 13358 2085 13357
f 12451 996 995
f 12451 995 12450
f 13336 13337 13391
f 13336 13391 13392
f 13359 2085 13358
f 12292 1290 12291
f 13335 13336 13392
f 13335 13392 13393
f 12344 12345 12380
f 12344 12380 12381
f 13360 2085 13359
f 12452 996 12451
f 13334 13335 13393
f 13334 13393 13394
f 13361 2085 13360
f 243 12817 244
f 243 12813 12814
f 243 12814 12815
f 243 12815 12816
f 243 12816 12817
f 12293 1290 12292
f 12293 1291 1290
f 13333 13334 13394
f 13333 13394 13395
f 13362 2085 13361
f 13332 13395 13396
f 12343 12344 12381
f 12343 12381 12382
f 13332 13333 13395
f 13363 2085 13362
f 12453 996 12452
f 13331 13332 13396
f 13331 13396 13397
f 12453 12426 996
f 2086 2085 13363
f 13330 13331 13397
f 13330 13397 13398
f 12294 1291 12293
f 13329 13398 13399
f 12342 12343 12382
f 12342 12382 12383
f 13329 13330 13398
f 12454 12425 12426
f 12454 12426 12453
f 13328 13399 13400
f 13328 13329 13399
f 13327 13328 13400
f 13327 13400 13401
f 13326 13327 13401
f 13326 13401 13402
f 242 12813 243
f 242 12811 12812
f 242 12812 12813
f 13325 13326 13402
f 12295 1291 12294
f 13325 13402 12243
f 12341 12342 12383
f 12341 12383 12384
f 12455 12424 12425
f 12455 12425 12454
f 12296 1291 12295
f 12340 12341 12384
f 12340 12384 12385
f 12456 12424 12455
f 12456 12423 12424
f 12297 1291 12296
f 12297 1292 1291
f 12843 12805 12806
f 12844 12804 12805
f 12844 12805 12843
f 12842 12843 12806
f 12842 12806 12807
f 12845 12804 12844
f 12845 12803 12804
f 12841 12842 12807
f 12841 12807 12808
f 12339 12340 12385
f 12339 12385 12386
f 12846 12802 12803
f 12846 12803 12845
f 12840 12841 12808
f 12840 12808 12809
f 12847 12802 12846
f 12839 12840 12809
f 12839 12809 12810
f 12848 12801 12802
f 12848 12802 12847
f 12838 12811 242
f 12838 12810 12811
f 12838 12839 12810
f 12849 12801 12848
f 12849 12800 12801
f 12837 12838 242
f 12457 12423 12456
f 12457 12422 12423
f 12850 12799 12800
f 12850 12800 12849
f 12836 12837 242
f 12836 242 241
f 12851 12799 12850
f 12851 12798 12799
f 12835 12836 241
f 12852 12797 12798
f 12852 12798 12851
f 12298 1292 12297
f 12834 12835 241
f 12853 12796 12797
f 12853 12797 12852
f 12833 12834 241
f 12854 12795 12796
f 12854 12796 12853
f 12832 241 240
f 12832 12833 241
f 12338 12339 12386
f 12338 12386 12387
f 12855 12795 12854
f 12855 12794 12795
f 12831 12832 240
f 12856 12793 12794
f 12856 12794 12855
f 12830 12831 240
f 12857 12792 12793
f 12857 12793 12856
f 12829 12830 240
f 12858 12791 12792
f 12858 12792 12857
f 12828 12829 240
f 12458 12421 12422
f 12458 12422 12457
f 12859 12790 12791
f 12859 12791 12858
f 12299 1292 12298
f 12337 12338 12387
f 12827 12828 240
f 12337 12387 12388
f 12860 12790 12859
f 12860 12789 12790
f 845 12514 12515
f 845 12515 12516
f 845 12516 846
f 12826 12827 240
f 12459 12421 12458
f 12459 12420 12421
f 12861 12789 12860
f 12861 12788 12789
f 12336 12389 12390
f 12336 12337 12388
f 12825 12826 240
f 12336 12388 12389
f 12513 12514 845
f 12862 12787 12788
f 12862 12788 12861
f 12335 12390 12391
f 12335 12336 12390
f 239 12825 240
f 12460 12420 12459
f 12460 12419 12420
f 12512 12513 845
f 12863 12787 12862
f 12863 12786 12787
f 12334 12391 12392
f 12334 12335 12391
f 12461 12419 12460
f 12461 12418 12419
f 12511 12512 845
f 12333 12392 12393
f 12333 12334 12392
f 12462 12418 12461
f 12462 12417 12418
f 12332 12393 12394
f 12332 12333 12393
f 12510 12511 845
f 12331 12394 12395
f 12331 12332 12394
f 12463 12417 12462
f 12463 12416 12417
f 12509 845 844
f 12509 12510 845
f 12330 12395 12396
f 12330 12331 12395
f 12329 12330 12396
f 12329 12396 12397
f 12281 1295 1294
f 12464 12415 12416
f 12464 12416 12463
f 12508 12509 844
f 12328 12397 12398
f 12328 12329 12397
f 12280 12281 1294
f 12327 12328 12398
f 12327 12398 12399
f 12465 12414 12415
f 12465 12415 12464
f 12507 12508 844
f 12279 12280 1294
f 12326 12399 12400
f 12326 12327 12399
f 12325 12400 12401
f 12325 12326 12400
f 12466 12414 12465
f 12466 12413 12414
f 12278 12279 1294
f 12324 12325 12401
f 12506 12507 844
f 12467 12412 12413
f 12467 12413 12466
f 12277 12278 1294
f 2232 2231 13287
f 2232 13287 13288
f 2232 13288 13289
f 2232 13289 13290
f 2232 13290 13291
f 2232 13291 13292
f 2232 13292 13293
f 2232 13293 13294
f 12505 12506 844
f 2233 2232 13294
f 2233 13294 13295
f 2233 13295 13296
f 2233 13296 13297
f 2233 13297 13298
f 12505 844 843
f 12276 12277 1294
f 12468 12411 12412
f 12468 12412 12467
f 12504 12505 843
f 12275 12276 1294
f 12275 1294 1293
f 12469 12410 12411
f 2234 2233 13298
f 12469 12411 12468
f 12503 12504 843
f 2234 13298 13299
f 2234 13299 13300
f 12470 12409 12410
f 12470 12410 12469
f 12274 12275 1293
f 12471 12408 12409
f 12471 12409 12470
f 12273 12274 1293
f 12472 12407 12408
f 12472 12408 12471
f 13263 13310 13311
f 13264 13310 13263
f 13264 13309 13310
f 12272 12273 1293
f 12473 12406 12407
f 12473 12407 12472
f 13262 13263 13311
f 13262 13311 13312
f 12474 12405 12406
f 12474 12406 12473
f 13265 13309 13264
f 13265 13308 13309
f 13261 13262 13312
f 12271 12272 1293
f 13261 13312 13313
f 13266 13308 13265
f 13266 13307 13308
f 12475 12404 12405
f 12475 12405 12474
f 13260 13261 13313
f 13260 13313 13314
f 13267 13307 13266
f 12270 1293 1292
f 13267 13306 13307
f 12270 12271 1293
f 12476 12403 12404
f 12476 12404 12475
f 13259 13260 13314
f 13259 13314 13315
f 13268 13306 13267
f 13268 13305 13306
f 12477 12402 12403
f 12477 12403 12476
f 13258 13315 13316
f 13258 13259 13315
f 13269 13305 13268
f 13269 13304 13305
f 13257 13316 13317
f 12269 12270 1292
f 12478 12401 12402
f 13257 13258 13316
f 13270 13304 13269
f 13270 13303 13304
f 13256 13317 13318
f 12478 12402 12477
f 13256 13257 13317
f 13271 13302 13303
f 13271 13303 13270
f 13255 13318 13319
f 13255 13256 13318
f 13272 13301 13302
f 13272 13302 13271
f 13254 13319 13320
f 13254 13255 13319
f 13273 2234 13300
f 13273 13300 13301
f 13273 13301 13272
f 13253 13320 13321
f 12268 12299 12300
f 12268 1292 12299
f 12268 12269 1292
f 13253 13254 13320
f 13274 2234 13273
f 13252 13321 13322
f 13252 13253 13321
f 13275 2234 13274
f 2235 2234 13275
f 13251 13252 13322
f 13251 13322 13323
f 13276 2235 13275
f 13250 13323 13324
f 13250 13251 13323
f 13277 2235 13276
f 13249 13324 13325
f 13249 13250 13324
f 13278 2235 13277
f 93 12895 12896
f 93 12896 12897
f 93 12897 12898
f 93 12898 12899
f 93 12899 12900
f 93 12900 12901
f 93 12901 94
f 13248 13249 13325
f 13279 2235 13278
f 13280 2235 13279
f 2236 2235 13280
f 2236 13280 13281
f 13282 2236 13281
f 13283 2236 13282
f 12267 12300 12301
f 12267 12268 12300
f 13284 2236 13283
f 12266 12301 12302
f 92 12890 12891
f 92 12891 12892
f 92 12892 12893
f 92 12893 12894
f 92 12895 93
f 92 12894 12895
f 12266 12267 12301
f 12265 12302 12303
f 13285 2236 13284
f 12265 12266 12302
f 12264 12303 12304
f 13286 2236 13285
f 12264 12265 12303
f 12517 841 840
f 12518 841 12517
f 12263 12304 12305
f 2237 2236 13286
f 12263 12264 12304
f 12519 841 12518
f 12520 841 12519
f 12262 12305 12306
f 12262 12263 12305
f 12927 12876 12877
f 12521 841 12520
f 12928 12876 12927
f 12522 841 12521
f 12261 12306 12307
f 12928 12875 12876
f 12926 12927 12877
f 12926 12877 12878
f 12261 12262 12306
f 12929 12874 12875
f 12929 12875 12928
f 12925 12878 12879
f 12925 12926 12878
f 12523 841 12522
f 12930 12873 12874
f 12930 12874 12929
f 12260 12307 12308
f 12260 12261 12307
f 12924 12925 12879
f 12931 12872 12873
f 12524 842 841
f 12524 841 12523
f 12259 12308 12309
f 12931 12873 12930
f 12923 12879 12880
f 12923 12924 12879
f 12259 12260 12308
f 91 12888 12889
f 91 12889 12890
f 91 12890 92
f 12932 12871 12872
f 12932 12872 12931
f 12525 842 12524
f 12922 12880 12881
f 12922 12923 12880
f 12933 12870 12871
f 12526 842 12525
f 12258 12309 12310
f 12933 12871 12932
f 12921 12881 12882
f 12921 12922 12881
f 12258 12259 12309
f 12934 12869 12870
f 12934 12870 12933
f 12527 842 12526
f 12920 12882 12883
f 12920 12921 12882
f 12257 12310 12311
f 12935 12868 12869
f 12257 12258 12310
f 12935 12869 12934
f 12919 12883 12884
f 12919 12920 12883
f 12936 12868 12935
f 12528 843 842
f 12528 842 12527
f 12936 12867 12868
f 12918 12884 12885
f 12918 12919 12884
f 12256 12311 12312
f 12256 12257 12311
f 12937 12866 12867
f 12937 12867 12936
f 12529 843 12528
f 12917 12885 12886
f 12917 12918 12885
f 12938 12866 12937
f 12938 12865 12866
f 12255 12312 12313
f 12255 12256 12312
f 12916 12886 12887
f 12916 12917 12886
f 12530 12503 843
f 12530 843 12529
f 12939 12865 12938
f 12939 12864 12865
f 12254 12313 12314
f 12254 12255 12313
f 12915 12888 91
f 12915 12887 12888
f 12915 12916 12887
f 12940 12863 12864
f 12940 12864 12939
f 12940 13325 12243
f 12940 12555 12632
f 12940 12786 12863
f 12940 12243 12555
f 12940 12632 12786
f 12940 13248 13325
f 12531 12502 12503
f 12531 12503 12530
f 12914 12915 91
f 12253 12314 12315
f 12253 12254 12314
f 12913 12914 91
f 12532 12501 12502
f 12532 12502 12531
f 12252 12315 12316
f 12252 12253 12315
f 90 12913 91
f 90 12912 12913
f 12533 12500 12501
f 12533 12501 12532
f 1634 1576 12205
f 1634 12205 12206
f 1634 12206 12207
f 1634 12207 12208
f 12911 12912 90
f 12209 1634 12208
f 12251 12252 12316
f 12251 12316 12317
f 12910 12911 90
f 12534 12499 12500
f 12534 12500 12533
f 12210 1634 12209
f 12250 12251 12317
f 12250 12317 12318
f 12909 12910 90
f 12211 1634 12210
f 12535 12499 12534
f 12535 12498 12499
f 12249 12250 12318
f 12249 12318 12319
f 12212 1634 12211
f 12248 12319 12320
f 12248 12249 12319
f 12536 12497 12498
f 12536 12498 12535
f 89 12909 90
f 89 12906 12907
f 89 12907 12908
f 89 12908 12909
f 12247 12320 12321
f 12247 12248 12320
f 12905 12906 89
f 12537 12496 12497
f 12537 12497 12536
f 12246 12247 12321
f 12246 12321 12322
f 1635 1634 12212
f 1635 12212 12213
f 1635 12213 12214
f 12215 1635 12214
f 12904 12905 89
f 12538 12494 12495
f 12538 12495 12496
f 12538 12496 12537
f 12245 12246 12322
f 12245 12322 12323
f 12903 12904 89
f 12216 1635 12215
f 12244 12245 12323
f 12244 12323 12324
f 12902 12903 89
f 12539 12493 12494
f 12539 12494 12538
f 88 12902 89
f 12243 12244 12324
f 12243 12324 12401
f 12243 12401 12478
f 12540 12492 12493
f 12540 12493 12539
f 12541 12491 12492
f 12541 12492 12540
f 12542 12490 12491
f 12542 12491 12541
f 13179 13240 13241
f 13180 13239 13240
f 13180 13240 13179
f 1636 1635 12216
f 1636 12216 12217
f 1636 12217 12218
f 13178 13241 13242
f 13178 13179 13241
f 13181 13238 13239
f 13181 13239 13180
f 13177 13242 13243
f 13177 13178 13242
f 13182 13237 13238
f 13182 13238 13181
f 13176 13243 13244
f 12543 12489 12490
f 13176 13177 13243
f 13183 13237 13182
f 12543 12490 12542
f 13183 13236 13237
f 13175 13244 13245
f 13175 13176 13244
f 13184 13235 13236
f 13184 13236 13183
f 13174 13175 13245
f 13174 13245 13246
f 13185 13234 13235
f 13185 13235 13184
f 13173 13246 13247
f 13173 13174 13246
f 13186 13233 13234
f 13186 13234 13185
f 13172 13173 13247
f 13172 13247 13248
f 2383 2382 13210
f 2383 13210 13211
f 2383 13211 13212
f 2383 13212 13213
f 2383 13213 13214
f 2383 13214 13215
f 2383 13215 13216
f 2383 13216 13217
f 13187 13231 13232
f 13187 13232 13233
f 13187 13233 13186
f 13171 13172 13248
f 13188 13230 13231
f 13188 13231 13187
f 13189 13229 13230
f 13189 13230 13188
f 13190 13228 13229
f 13190 13229 13189
f 12544 12488 12489
f 12544 12489 12543
f 13191 13227 13228
f 13191 13228 13190
f 12545 12487 12488
f 12545 12488 12544
f 12546 12486 12487
f 13192 13226 13227
f 13192 13227 13191
f 12546 12487 12545
f 12547 12485 12486
f 13193 13225 13226
f 13193 13226 13192
f 12547 12486 12546
f 12548 12484 12485
f 12548 12485 12547
f 13194 13224 13225
f 13194 13225 13193
f 12549 12483 12484
f 12549 12484 12548
f 2384 2383 13217
f 2384 13217 13218
f 2384 13218 13219
f 2384 13219 13220
f 2384 13220 13221
f 13195 13223 13224
f 13195 13224 13194
f 12550 12483 12549
f 12550 12482 12483
f 13196 13223 13195
f 12551 12482 12550
f 12551 12481 12482
f 694 12589 12590
f 694 12590 12591
f 694 12591 12592
f 694 12592 12593
f 694 12593 695
f 12552 12481 12551
f 12552 12480 12481
f 12588 12589 694
f 12553 12480 12552
f 12553 12479 12480
f 13011 12945 12946
f 13012 12945 13011
f 13012 12944 12945
f 12587 12588 694
f 13010 12946 12947
f 12554 12479 12553
f 12554 12478 12479
f 13010 13011 12946
f 13013 12944 13012
f 13013 12943 12944
f 13009 12947 12948
f 12555 12478 12554
f 13009 13010 12947
f 12555 12243 12478
f 13014 12943 13013
f 13014 12942 12943
f 13008 12948 12949
f 13008 13009 12948
f 13015 12942 13014
f 13015 12941 12942
f 13007 12949 12950
f 13007 13008 12949
f 13016 12941 13015
f 13016 12940 12941
f 13006 12950 12951
f 13006 13007 12950
f 693 12583 12584
f 693 12584 12585
f 693 12585 12586
f 693 12586 12587
f 13017 12940 13016
f 2385 13221 13222
f 2385 13222 13223
f 2385 2384 13221
f 2385 13223 13196
f 2385 13196 13197
f 2385 13197 13198
f 13005 12951 12952
f 13005 13006 12951
f 693 12587 694
f 12582 12583 693
f 13004 12952 12953
f 13004 13005 12952
f 13003 12953 12954
f 13003 13004 12953
f 13002 12954 12955
f 13002 13003 12954
f 13001 12955 12956
f 13001 12956 12957
f 13001 13002 12955
f 13000 12957 12958
f 13000 13001 12957
f 12999 12958 12959
f 12999 13000 12958
f 12998 12999 12959
f 12998 12959 12960
f 13594 1639 1638
f 2386 13198 13199
f 2386 13199 13200
f 2386 13200 13201
f 2386 13201 13202
f 2386 2385 13198
f 12997 12960 12961
f 12997 12998 12960
f 12996 12961 12962
f 12996 12997 12961
f 13593 13594 1638
f 12995 12962 12963
f 12995 12996 12962
f 2836 12972 12973
f 2836 12973 12974
f 2836 12974 12975
f 2836 12975 12976
f 2836 12976 12977
f 2836 12977 12978
f 2836 12978 2837
f 12994 12963 12964
f 12994 12995 12963
f 12993 12964 12965
f 12993 12994 12964
f 13592 13593 1638
f 2387 2386 13202
f 2387 13202 13203
f 2387 13203 13204
f 2387 13204 13205
f 2387 13205 13206
f 13207 2387 13206
f 13591 13592 1638
f 13590 13591 1638
f 12992 12993 12965
f 13589 13590 1638
f 13588 1638 1637
f 13095 13170 13171
f 13588 13589 1638
f 13587 13588 1637
f 13096 13170 13095
f 13096 13169 13170
f 692 12580 12581
f 692 12581 12582
f 692 12582 693
f 13586 13587 1637
f 13094 13095 13171
f 13094 13248 12940
f 13094 13171 13248
f 13094 12940 13017
f 13097 13168 13169
f 13097 13169 13096
f 13093 13094 13017
f 13093 13017 13018
f 13585 13586 1637
f 13098 13168 13097
f 13098 13167 13168
f 13584 13585 1637
f 13092 13018 13019
f 13092 13093 13018
f 13583 1637 1636
f 13583 13584 1637
f 13208 2387 13207
f 13099 13167 13098
f 13099 13166 13167
f 13091 13092 13019
f 13582 13583 1636
f 13091 13019 13020
f 13100 13165 13166
f 13581 13582 1636
f 13581 1636 12218
f 13580 12218 12219
f 13100 13166 13099
f 13580 13581 12218
f 2835 12967 12968
f 2835 12968 12969
f 2835 12969 12970
f 2835 12970 12971
f 2835 12971 12972
f 2835 12972 2836
f 13090 13091 13020
f 13090 13020 13021
f 13579 12219 12220
f 13579 13580 12219
f 13101 13164 13165
f 13101 13165 13100
f 13089 13090 13021
f 13089 13021 13022
f 13578 12220 12221
f 13578 13579 12220
f 13102 13163 13164
f 13102 13164 13101
f 13577 13578 12221
f 13577 12221 12222
f 13088 13022 13023
f 13088 13089 13022
f 13209 2387 13208
f 13576 12222 12223
f 13103 13162 13163
f 13103 13163 13102
f 13576 13577 12222
f 13087 13023 13024
f 13575 12223 12224
f 13575 13576 12223
f 13087 13088 13023
f 13574 12224 12225
f 13104 13161 13162
f 13104 13162 13103
f 13086 13087 13024
f 13086 13024 13025
f 13574 13575 12224
f 13573 12225 12226
f 13573 13574 12225
f 2388 2387 13209
f 13105 13161 13104
f 13105 13160 13161
f 13085 13086 13025
f 13085 13025 13026
f 13572 12226 12227
f 13572 13573 12226
f 13571 12227 12228
f 13106 13158 13159
f 13106 13159 13160
f 13106 13160 13105
f 13571 13572 12227
f 13084 13085 13026
f 13084 13026 13027
f 13570 12228 12229
f 13570 13571 12228
f 13107 13157 13158
f 13107 13158 13106
f 13083 13084 13027
f 13083 13027 13028
f 13569 12229 12230
f 13569 13570 12229
f 13568 12230 12231
f 13108 13157 13107
f 13108 13156 13157
f 13568 13569 12230
f 13082 13083 13028
f 13082 13028 13029
f 2834 12967 2835
f 2834 12965 12966
f 2834 12966 12967
f 2834 12992 12965
f 2834 12990 12991
f 2834 12991 12992
f 13567 12231 12232
f 13567 13568 12231
f 13109 13155 13156
f 13109 13156 13108
f 12594 690 689
f 12595 690 12594
f 13081 13029 13030
f 13081 13082 13029
f 12596 690 12595
f 13110 13155 13109
f 12597 690 12596
f 13110 13154 13155
f 13080 13081 13030
f 13080 13030 13031
f 13566 12232 12233
f 13566 13567 12232
f 12598 690 12597
f 12599 690 12598
f 13111 13153 13154
f 13111 13154 13110
f 12600 690 12599
f 13079 13080 13031
f 13079 13031 13032
f 13565 12233 12234
f 13565 13566 12233
f 13112 13153 13111
f 12601 691 690
f 13112 13152 13153
f 12601 690 12600
f 12602 691 12601
f 13564 12234 12235
f 13078 13079 13032
f 13078 13032 13033
f 13078 13033 13034
f 2833 12986 12987
f 2833 12987 12988
f 2833 12988 12989
f 2833 12989 12990
f 2833 12990 2834
f 13113 13152 13112
f 13564 13565 12234
f 13113 13151 13152
f 12603 691 12602
f 13563 12235 12236
f 13563 13564 12235
f 13077 13078 13034
f 13077 13034 13035
f 13114 13150 13151
f 12604 691 12603
f 13114 13151 13113
f 13076 13077 13035
f 13076 13035 13036
f 12605 691 12604
f 12605 692 691
f 13562 12236 12237
f 13562 13563 12236
f 12606 692 12605
f 13115 13150 13114
f 13115 13149 13150
f 13561 13562 12237
f 13561 12237 12238
f 13075 13076 13036
f 13075 13036 13037
f 12607 12579 12580
f 12607 692 12606
f 12607 12580 692
f 13116 13149 13115
f 12608 12578 12579
f 12608 12579 12607
f 13116 13148 13149
f 13560 12238 12239
f 13074 13075 13037
f 13074 13037 13038
f 2832 12981 12982
f 2832 12982 12983
f 2832 12983 12984
f 2832 12984 12985
f 2832 12985 12986
f 2832 12986 2833
f 13560 13561 12238
f 12609 12577 12578
f 12609 12578 12608
f 12980 12981 2832
f 13559 12239 12240
f 13559 13560 12239
f 13117 13147 13148
f 13117 13148 13116
f 12610 12577 12609
f 13073 13074 13038
f 13073 13038 13039
f 13118 13147 13117
f 12610 12576 12577
f 13558 12240 12241
f 13558 13559 12240
f 13118 13146 13147
f 12979 12980 2832
f 12611 12576 12610
f 12611 12575 12576
f 13557 12241 12242
f 13072 13073 13039
f 13072 13039 13040
f 13557 13558 12241
f 12612 12575 12611
f 13119 13146 13118
f 2831 12979 2832
f 12612 12574 12575
f 13556 12242 12243
f 13556 13557 12242
f 13071 13040 13041
f 13071 13072 13040
f 12613 12574 12612
f 12613 12573 12574
f 13070 13041 13042
f 13070 13071 13041
f 12614 12573 12613
f 12614 12572 12573
f 13069 13070 13042
f 12615 12572 12614
f 12615 12571 12572
f 12616 12571 12615
f 12616 12570 12571
f 12617 12570 12616
f 12617 12569 12570
f 2534 2533 13133
f 2534 13133 13134
f 2534 13134 13135
f 2534 13135 13136
f 2534 13136 13137
f 2534 13137 13138
f 2534 13138 13139
f 12618 12568 12569
f 12618 12569 12617
f 2534 13139 13140
f 12619 12568 12618
f 12619 12567 12568
f 2535 13140 13141
f 2535 13141 13142
f 2535 13142 13143
f 2535 13143 13144
f 2535 2534 13140
f 1787 1786 13518
f 1787 13518 13519
f 1787 13519 13520
f 1787 13520 13521
f 1787 13521 13522
f 1787 13522 13523
f 1787 13523 13524
f 1787 13524 13525
f 2536 13144 13145
f 2536 13145 13146
f 2536 2535 13144
f 2536 13146 13119
f 2536 13119 13120
f 2536 13120 13121
f 12620 12567 12619
f 12620 12566 12567
f 2537 2536 13121
f 2537 13121 13122
f 2537 13122 13123
f 2537 13123 13124
f 2537 13124 13125
f 2683 13048 13049
f 2683 13049 13050
f 2683 13050 13051
f 2683 13051 13052
f 2683 13052 13053
f 2683 13053 13054
f 2683 13054 13055
f 2683 13055 2684
f 2538 2537 13125
f 2538 13125 13126
f 2538 13126 13127
f 2538 13127 13128
f 2538 13128 13129
f 2538 13129 13130
f 2538 13130 13131
f 13132 2538 13131
f 2682 13044 13045
f 2682 13045 13046
f 2682 13046 13047
f 2682 13047 13048
f 12621 12566 12620
f 2682 13048 2683
f 2539 2538 13132
f 12621 12565 12566
f 2681 13042 13043
f 2681 13043 13044
f 2681 13067 13068
f 2681 13068 13069
f 2681 13044 2682
f 2681 13069 13042
f 2680 13063 13064
f 2680 13064 13065
f 2680 13065 13066
f 2680 13066 13067
f 2680 13067 2681
f 2679 13063 2680
f 2679 13056 13057
f 2679 13057 13058
f 2679 13058 13059
f 2679 13059 13060
f 2679 13060 13061
f 2679 13061 13062
f 2679 13062 13063
f 2678 13056 2679
f 12622 12565 12621
f 12622 12564 12565
f 12623 12564 12622
f 12623 12563 12564
f 12624 12563 12623
f 12624 12562 12563
f 12625 12562 12624
f 12625 12561 12562
f 1788 1787 13525
f 1788 13525 13526
f 1788 13526 13527
f 1788 13527 13528
f 1788 13528 13529
f 12626 12561 12625
f 12626 12560 12561
f 12627 12560 12626
f 12627 12559 12560
f 12628 12559 12627
f 12628 12558 12559
f 12629 12558 12628
f 12629 12557 12558
f 12630 12557 12629
f 12630 12556 12557
f 12631 12556 12630
f 12631 12555 12556
f 12632 12555 12631
f 1789 13529 13530
f 1789 13530 13531
f 1789 1788 13529
f 541 12663 12664
f 541 12664 12665
f 541 12665 12666
f 541 12666 12667
f 541 12667 12668
f 541 12668 12669
f 541 12669 12670
f 541 12670 542
f 540 12663 541
f 540 12659 12660
f 540 12660 12661
f 540 12661 12662
f 540 12662 12663
f 13516 1791 13515
f 13514 13515 1791
f 13517 1791 13516
f 13513 13514 1791
f 1792 1791 13517
f 13512 13513 1791
f 13511 13512 1791
f 13510 1791 1790
f 13510 13511 1791
f 13509 13510 1790
f 13508 13509 1790
f 13507 13508 1790
f 13506 1790 1789
f 13506 13507 1790
f 13505 13506 1789
f 13504 13505 1789
f 13504 13531 13532
f 13504 1789 13531
f 13503 13532 13533
f 13503 13504 13532
f 13502 13533 13534
f 13502 13503 13533
f 539 12659 540
f 539 12657 12658
f 539 12658 12659
f 13501 13534 13535
f 13501 13502 13534
f 13500 13501 13535
f 13500 13535 13536
f 13499 13536 13537
f 13499 13500 13536
f 13498 13499 13537
f 13498 13537 13538
f 13497 13538 13539
f 13497 13498 13538
f 13496 13497 13539
f 13496 13539 13540
f 13495 13496 13540
f 13495 13540 13541
f 13494 13541 13542
f 13494 13495 13541
f 13493 13494 13542
f 13493 13542 13543
f 13492 13543 13544
f 13492 13493 13543
f 13491 13492 13544
f 13490 13544 13545
f 13490 13491 13544
f 13489 13490 13545
f 13489 13545 13546
f 13488 13546 13547
f 13488 13489 13546
f 13487 13488 13547
f 13487 13547 13548
f 13486 13548 13549
f 13486 13487 13548
f 13485 13549 13550
f 13485 13486 13549
f 13484 13550 13551
f 13484 13485 13550
f 13483 13551 13552
f 13483 13484 13551
f 13482 13552 13553
f 13482 13483 13552
f 13481 13482 13553
f 13481 13553 13554
f 12676 537 12675
f 12674 12675 537
f 12677 537 12676
f 12673 12674 537
f 13480 13554 13555
f 13480 13481 13554
f 12678 538 537
f 12678 537 12677
f 12672 12673 537
f 12679 538 12678
f 12671 12672 537
f 12680 538 12679
f 536 12671 537
f 12681 538 12680
f 13479 13480 13555
f 13479 13556 12243
f 13479 13555 13556
f 12682 539 538
f 12682 538 12681
f 12683 539 12682
f 12684 12657 539
f 12684 539 12683
f 12685 12657 12684
f 12685 12656 12657
f 12686 12655 12656
f 12686 12656 12685
f 12687 12654 12655
f 12687 12655 12686
f 12688 12653 12654
f 12688 12654 12687
f 12689 12652 12653
f 12689 12653 12688
f 12690 12651 12652
f 12690 12652 12689
f 12691 12651 12690
f 12691 12650 12651
f 12692 12650 12691
f 12692 12649 12650
f 12693 12649 12692
f 12693 12647 12648
f 12693 12648 12649
f 12694 12647 12693
f 12694 12646 12647
f 12695 12646 12694
f 12695 12645 12646
f 12696 12645 12695
f 12696 12644 12645
f 12697 12644 12696
f 12697 12643 12644
f 12698 12642 12643
f 12698 12643 12697
f 12699 12642 12698
f 12699 12641 12642
f 12700 12641 12699
f 12700 12640 12641
f 12701 12640 12700
f 12701 12639 12640
f 12702 12639 12701
f 12702 12638 12639
f 12703 12638 12702
f 12703 12637 12638
f 12704 12636 12637
f 12704 12637 12703
f 12705 12636 12704
f 12705 12635 12636
f 12706 12635 12705
f 12706 12634 12635
f 1930 1929 13441
f 1930 13441 13442
f 1930 13442 13443
f 1930 13443 13444
f 1930 13444 13445
f 1930 13445 13446
f 1930 13446 13447
f 1930 13447 13448
f 12707 12634 12706
f 12707 12633 12634
f 12708 12633 12707
f 12708 12632 12633
f 12709 12632 12708
f 1931 1930 13448
f 1931 13448 13449
f 1931 13449 13450
f 1931 13450 13451
f 1931 13451 13452
f 1932 13452 13453
f 1932 13453 13454
f 1932 1931 13452
f 388 12740 12741
f 388 12741 12742
f 388 12742 12743
f 388 12743 12744
f 388 12744 12745
f 388 12745 12746
f 388 12746 12747
f 388 12747 389
f 13432 1933 13431
f 13430 13431 1933
f 13433 1933 13432
f 13433 1934 1933
f 13429 13430 1933
f 13429 1933 1932
f 13434 1934 13433
f 387 12740 388
f 387 12736 12737
f 387 12737 12738
f 387 12738 12739
f 387 12739 12740
f 13428 13429 1932
f 13435 1934 13434
f 13427 1932 13454
f 13427 13428 1932
f 13436 1934 13435
f 13426 13427 13454
f 13426 13454 13455
f 13437 1934 13436
f 13425 13426 13455
f 13425 13455 13456
f 13438 1934 13437
f 13424 13425 13456
f 13424 13456 13457
f 13439 1934 13438
f 13423 13424 13457
f 13423 13457 13458
f 13440 1934 13439
f 13422 13423 13458
f 13422 13458 13459
f 1935 1934 13440
f 13421 13422 13459
f 13421 13459 13460
f 13420 13421 13460
f 13420 13460 13461
f 13419 13420 13461
f 13419 13461 13462
f 13418 13419 13462
f 13418 13462 13463
f 13417 13418 13463
f 13417 13463 13464
f 13416 13417 13464
f 13416 13464 13465
f 13415 13416 13465
f 13415 13465 13466
f 13414 13415 13466
f 13414 13466 13467
f 386 12734 12735
f 386 12735 12736
f 386 12736 387
f 13413 13414 13467
f 13413 13467 13468
f 13412 13413 13468
f 13412 13468 13469
f 13411 13412 13469
f 13411 13469 13470
f 13410 13470 13471
f 13410 13411 13470
f 13409 13410 13471
f 13409 13471 13472
f 13408 13409 13472
f 13408 13472 13473
f 13407 13408 13473
f 13407 13473 13474
f 13406 13407 13474
f 13406 13474 13475
f 13405 13406 13475
f 13405 13475 13476
f 13404 13405 13476
f 13404 13476 13477
f 13403 13477 13478
f 13403 13404 13477
f 13402 13479 12243
f 13402 13478 13479
f 13402 13403 13478
f 12759 386 385
f 12760 386 12759
f 12758 12759 385
f 12761 12734 386
f 12761 386 12760
f 12757 12758 385
f 12762 12734 12761
f 12762 12733 12734
f 12756 12757 385
f 12763 12733 12762
f 12763 12732 12733
f 12755 12756 385
f 12755 385 384
f 12764 12732 12763
f 12764 12731 12732
f 12754 12755 384
f 12765 12731 12764
f 12765 12730 12731
f 12753 12754 384
f 12766 12730 12765
f 12766 12729 12730
f 12752 12753 384
f 12767 12728 12729
f 12767 12729 12766
f 12751 12752 384
f 12768 12728 12767
f 12768 12727 12728
f 12750 12751 384
f 12769 12727 12768
f 12769 12726 12727
f 12749 12750 384
f 12770 12725 12726
f 12770 12726 12769
f 12748 12749 384
f 12771 12725 12770
f 12771 12724 12725
f 383 12748 384
f 12772 12723 12724
f 12772 12724 12771
f 12773 12723 12772
f 12773 12722 12723
f 12774 12720 12721
f 12774 12721 12722
f 12774 12722 12773
f 12775 12720 12774
f 12775 12719 12720
f 12776 12718 12719
f 12776 12719 12775
f 12777 12717 12718
f 12777 12718 12776
f 12778 12717 12777
f 12778 12716 12717
f 12779 12715 12716
f 12779 12716 12778
f 12780 12714 12715
f 12780 12715 12779
f 12781 12714 12780
f 12781 12713 12714
f 12782 12713 12781
f 12782 12712 12713
f 12783 12711 12712
f 12783 12712 12782
f 12784 12711 12783
f 12784 12710 12711
f 12785 12710 12784
f 12785 12709 12710
f 12786 12709 12785
f 12786 12632 12709
f 2081 2080 13364
f 2081 13364 13365
f 2081 13365 13366
f 2081 13366 13367
f 2081 13367 13368
f 2081 13368 13369
f 2081 13369 13370
f 2081 13370 13371
f 2082 13371 13372
f 2082 13372 13373
f 2082 13373 13374
f 2082 13374 13375
f 2082 2081 13371
f 1263 1265 1264
f 1263 1266 1265
f 1262 1266 1263
f 1262 1267 1266
f 1261 1267 1262
f 1261 1268 1267
f 1260 1268 1261
f 1269 1268 1260
f 1259 1269 1260
f 1258 1269 1259
f 1258 1270 1269
f 1257 1270 1258
f 12286 1289 1288
f 1256 1270 1257
f 1256 1271 1270
f 12287 12286 1287
f 12287 1287 1286
f 1255 1271 1256
f 12288 12287 1285
f 12288 1285 1284
f 1254 1272 1255
f 12289 1283 1282
f 12289 12288 1283
f 1253 1273 1272
f 1253 1272 1254
f 1281 12289 1282
f 1280 12289 1281
f 12290 12289 1280
f 12290 1279 1278
f 12290 1280 1279
f 1252 1274 1273
f 1252 1275 1274
f 1252 1276 1275
f 1252 1273 1253
f 1251 12290 1278
f 1251 1276 1252
f 1251 1277 1276
f 1251 1278 1277
f 1250 12290 1251
f 1250 12291 12290
f 1250 12292 12291
f 1249 12292 1250
f 1249 12293 12292
f 1248 12293 1249
f 1248 12294 12293
f 1247 12294 1248
f 1247 12295 12294
f 1246 12295 1247
f 1246 12296 12295
f 1245 12297 12296
f 1245 12296 1246
f 1244 12298 12297
f 1244 12299 12298
f 1244 12297 1245
f 1243 12300 12299
f 1243 12299 1244
f 1242 12301 12300
f 1242 12300 1243
f 1241 12302 12301
f 1241 12301 1242
f 1240 12303 12302
f 1240 12302 1241
f 1239 12304 12303
f 1239 12305 12304
f 1239 12303 1240
f 1238 12306 12305
f 1238 12305 1239
f 1237 12306 1238
f 1236 12307 12306
f 1236 12306 1237
f 1235 12308 12307
f 1235 12307 1236
f 1234 12309 12308
f 1234 12308 1235
f 1233 12310 12309
f 1233 12309 1234
f 1232 12311 12310
f 1232 12310 1233
f 1231 12312 12311
f 1231 12311 1232
f 1230 12312 1231
f 1230 12313 12312
f 1229 12313 1230
f 1229 12314 12313
f 1228 12314 1229
f 1228 12315 12314
f 1227 12315 1228
f 1227 12316 12315
f 1227 12317 12316
f 1226 12317 1227
f 1226 12318 12317
f 1225 12319 12318
f 1225 12318 1226
f 1224 12319 1225
f 1223 12320 12319
f 1223 12319 1224
f 1222 12321 12320
f 1222 12320 1223
f 1221 12321 1222
f 1221 12322 12321
f 1220 12323 12322
f 1220 12322 1221
f 1219 12323 1220
f 1218 12324 12323
f 1218 12323 1219
f 1217 12325 12324
f 1217 12324 1218
f 1216 12326 12325
f 1216 12325 1217
f 1215 12327 12326
f 1215 12326 1216
f 1214 12328 12327
f 1214 12327 1215
f 1213 12328 1214
f 1212 12329 12328
f 1212 12328 1213
f 1211 12330 12329
f 1211 12329 1212
f 1210 12331 12330
f 1210 12330 1211
f 1209 12332 12331
f 1209 12331 1210
f 1208 12332 1209
f 1207 12333 12332
f 1207 12332 1208
f 1206 12334 12333
f 1206 12333 1207
f 1205 12335 12334
f 1205 12334 1206
f 1204 12336 12335
f 1204 12335 1205
f 1203 12336 1204
f 1203 12337 12336
f 1202 12337 1203
f 1202 12338 12337
f 1201 12338 1202
f 1201 12339 12338
f 1200 12339 1201
f 1200 12340 12339
f 1199 12340 1200
f 1199 12341 12340
f 1198 12341 1199
f 1198 12342 12341
f 1197 12342 1198
f 1197 12343 12342
f 1196 12343 1197
f 1196 12344 12343
f 1195 12344 1196
f 1195 12345 12344
f 1195 12346 12345
f 1194 12346 1195
f 1194 12347 12346
f 1193 12347 1194
f 1193 12348 12347
f 1192 12348 1193
f 1192 12349 12348
f 1191 12349 1192
f 1191 12350 12349
f 1190 12351 12350
f 1190 12350 1191
f 1189 12352 12351
f 1189 12351 1190
f 1188 12353 12352
f 1188 12352 1189
f 1187 12354 12353
f 1187 12353 1188
f 1186 12355 12354
f 1186 12354 1187
f 1185 12356 12355
f 1185 12357 12356
f 1185 12355 1186
f 1184 12358 12357
f 1184 12357 1185
f 1156 1155 12358
f 1154 12358 1155
f 12359 1154 1153
f 12359 12358 1154
f 1152 12359 1153
f 1151 12359 1152
f 1150 12359 1151
f 1183 1157 1156
f 1183 12358 1184
f 1183 1156 12358
f 1149 12359 1150
f 12360 12359 1149
f 1148 12360 1149
f 1147 12360 1148
f 1182 1158 1157
f 1182 1159 1158
f 1182 1160 1159
f 1182 1157 1183
f 1146 12360 1147
f 12361 12360 1146
f 1181 1160 1182
f 1181 1161 1160
f 1144 12361 1145
f 12362 12361 1144
f 1180 1161 1181
f 1142 12362 1143
f 1179 1162 1180
f 1177 1163 1178
f 1164 1163 1177
f 1176 1164 1177
f 1175 1164 1176
f 1175 1165 1164
f 1174 1165 1175
f 1174 1166 1165
f 1173 1166 1174
f 1167 1166 1173
f 1172 1167 1173
f 1171 1167 1172
f 1171 1168 1167
f 1170 1168 1171
f 1170 1169 1168
f 1271 1255 1272
f 1283 12288 1284
f 1285 12287 1286
f 1287 12286 1288
f 1143 12362 1144
f 1145 12361 1146
f 1161 1180 1162
f 1162 1178 1163
f 1162 1179 1178
f 1112 1114 1113
f 1112 1115 1114
f 1111 1115 1112
f 1111 1116 1115
f 1110 1116 1111
f 1110 1117 1116
f 1109 1117 1110
f 1118 1117 1109
f 1108 1118 1109
f 1107 1118 1108
f 1107 1119 1118
f 1106 1119 1107
f 12363 1136 1135
f 1105 1119 1106
f 1105 1120 1119
f 12364 12363 1134
f 1104 1120 1105
f 12365 12364 1133
f 1132 12365 1133
f 1131 12365 1132
f 12366 12365 1131
f 1130 12366 1131
f 1102 1122 1121
f 1102 1121 1103
f 1129 12366 1130
f 1128 12366 1129
f 12367 1128 1127
f 12367 12366 1128
f 1101 1122 1102
f 1101 1123 1122
f 1101 1124 1123
f 1101 1125 1124
f 1100 1126 1125
f 1100 1127 1126
f 1100 1125 1101
f 1100 12367 1127
f 1099 12367 1100
f 1099 12368 12367
f 1099 12369 12368
f 1098 12369 1099
f 1098 12370 12369
f 1097 12370 1098
f 1097 12371 12370
f 1096 12371 1097
f 1096 12372 12371
f 1095 12372 1096
f 1095 12373 12372
f 1094 12373 1095
f 1094 12374 12373
f 1093 12374 1094
f 1093 12375 12374
f 1093 12376 12375
f 1092 12376 1093
f 1092 12377 12376
f 1091 12377 1092
f 1091 12378 12377
f 1090 12378 1091
f 1090 12379 12378
f 1089 12379 1090
f 1089 12380 12379
f 1088 12380 1089
f 1088 12381 12380
f 1088 12382 12381
f 1087 12382 1088
f 1087 12383 12382
f 1086 12383 1087
f 1085 12384 12383
f 1085 12383 1086
f 1084 12385 12384
f 1084 12384 1085
f 1083 12386 12385
f 1083 12385 1084
f 1082 12387 12386
f 1082 12386 1083
f 1081 12388 12387
f 1081 12387 1082
f 1080 12389 12388
f 1080 12388 1081
f 1079 12390 12389
f 1079 12389 1080
f 1078 12391 12390
f 1078 12390 1079
f 1077 12392 12391
f 1077 12391 1078
f 1076 12393 12392
f 1076 12394 12393
f 1076 12392 1077
f 1075 12395 12394
f 1075 12394 1076
f 1074 12395 1075
f 1074 12396 12395
f 1073 12397 12396
f 1073 12396 1074
f 1072 12397 1073
f 1072 12398 12397
f 1072 12399 12398
f 1071 12400 12399
f 1071 12399 1072
f 1070 12401 12400
f 1070 12400 1071
f 1069 12402 12401
f 1069 12401 1070
f 1068 12403 12402
f 1068 12404 12403
f 1068 12402 1069
f 1067 12405 12404
f 1067 12404 1068
f 1066 12406 12405
f 1066 12405 1067
f 1065 12407 12406
f 1065 12406 1066
f 1064 12408 12407
f 1064 12407 1065
f 1063 12409 12408
f 1063 12410 12409
f 1063 12408 1064
f 1062 12411 12410
f 1062 12410 1063
f 1061 12412 12411
f 1061 12411 1062
f 1060 12413 12412
f 1060 12414 12413
f 1060 12412 1061
f 1059 12415 12414
f 1059 12414 1060
f 1058 12416 12415
f 1058 12415 1059
f 1057 12417 12416
f 1057 12416 1058
f 1056 12418 12417
f 1056 12417 1057
f 1055 12419 12418
f 1055 12418 1056
f 1054 12420 12419
f 1054 12419 1055
f 1053 12420 1054
f 1053 12421 12420
f 1052 12421 1053
f 1052 12422 12421
f 1052 12423 12422
f 1051 12423 1052
f 1051 12424 12423
f 1050 12424 1051
f 1050 12425 12424
f 1049 12425 1050
f 1049 12426 12425
f 1048 12426 1049
f 1048 12427 12426
f 1047 12427 1048
f 1047 12428 12427
f 1046 12428 1047
f 1046 12429 12428
f 1045 12429 1046
f 1045 12430 12429
f 1044 12430 1045
f 1044 12431 12430
f 1043 12431 1044
f 1043 12432 12431
f 1042 12432 1043
f 1042 12433 12432
f 1042 12434 12433
f 1041 12434 1042
f 1041 12435 12434
f 1013 1012 12435
f 1011 12435 1012
f 12436 12435 1011
f 12436 1011 1010
f 1009 12436 1010
f 1008 12436 1009
f 1007 12436 1008
f 1040 12435 1041
f 1040 1013 12435
f 1040 1014 1013
f 1006 12436 1007
f 12437 12436 1006
f 1005 12437 1006
f 1004 12437 1005
f 1039 1014 1040
f 1039 1015 1014
f 1039 1016 1015
f 1039 1017 1016
f 1003 12437 1004
f 12438 12437 1003
f 1038 1018 1017
f 1038 1017 1039
f 1001 12438 1002
f 12439 12438 1001
f 1037 1018 1038
f 999 12439 1000
f 1036 1019 1037
f 1034 1020 1035
f 1021 1020 1034
f 1033 1021 1034
f 1032 1021 1033
f 1032 1022 1021
f 1031 1022 1032
f 1031 1023 1022
f 1030 1023 1031
f 1024 1023 1030
f 1029 1024 1030
f 1028 1024 1029
f 1028 1025 1024
f 1027 1025 1028
f 1027 1026 1025
f 1120 1104 1121
f 1104 1103 1121
f 1133 12364 1134
f 1134 12363 1135
f 1000 12439 1001
f 1002 12438 1003
f 1018 1037 1019
f 1019 1035 1020
f 1019 1036 1035
f 967 969 968
f 967 970 969
f 966 970 967
f 966 971 970
f 965 971 966
f 965 972 971
f 964 972 965
f 973 972 964
f 963 973 964
f 962 973 963
f 962 974 973
f 961 974 962
f 12440 993 992
f 960 974 961
f 960 975 974
f 12441 12440 991
f 12441 991 990
f 959 975 960
f 12442 12441 989
f 12442 989 988
f 958 976 959
f 12443 987 986
f 12443 12442 987
f 957 977 976
f 957 976 958
f 985 12443 986
f 984 12443 985
f 12444 12443 984
f 12444 983 982
f 12444 984 983
f 956 978 977
f 956 979 978
f 956 980 979
f 956 977 957
f 955 12444 982
f 955 980 956
f 955 981 980
f 955 982 981
f 954 12444 955
f 954 12445 12444
f 954 12446 12445
f 953 12446 954
f 953 12447 12446
f 952 12447 953
f 952 12448 12447
f 951 12448 952
f 951 12449 12448
f 950 12449 951
f 950 12450 12449
f 949 12451 12450
f 949 12450 950
f 948 12452 12451
f 948 12453 12452
f 948 12451 949
f 947 12454 12453
f 947 12453 948
f 946 12455 12454
f 946 12454 947
f 945 12456 12455
f 945 12455 946
f 944 12457 12456
f 944 12456 945
f 943 12458 12457
f 943 12459 12458
f 943 12457 944
f 942 12460 12459
f 942 12459 943
f 941 12460 942
f 940 12461 12460
f 940 12460 941
f 939 12462 12461
f 939 12461 940
f 938 12463 12462
f 938 12462 939
f 937 12464 12463
f 937 12463 938
f 936 12465 12464
f 936 12464 937
f 935 12466 12465
f 935 12465 936
f 934 12466 935
f 934 12467 12466
f 933 12467 934
f 933 12468 12467
f 932 12468 933
f 932 12469 12468
f 931 12469 932
f 931 12470 12469
f 931 12471 12470
f 930 12471 931
f 930 12472 12471
f 929 12473 12472
f 929 12472 930
f 928 12473 929
f 927 12474 12473
f 927 12473 928
f 926 12475 12474
f 926 12474 927
f 925 12475 926
f 925 12476 12475
f 924 12477 12476
f 924 12476 925
f 923 12477 924
f 922 12478 12477
f 922 12477 923
f 921 12479 12478
f 921 12478 922
f 920 12480 12479
f 920 12479 921
f 919 12481 12480
f 919 12480 920
f 918 12482 12481
f 918 12481 919
f 917 12482 918
f 916 12483 12482
f 916 12482 917
f 915 12484 12483
f 915 12483 916
f 914 12485 12484
f 914 12484 915
f 913 12486 12485
f 913 12485 914
f 912 12486 913
f 911 12487 12486
f 911 12486 912
f 910 12488 12487
f 910 12487 911
f 909 12489 12488
f 909 12488 910
f 908 12490 12489
f 908 12489 909
f 907 12490 908
f 907 12491 12490
f 906 12491 907
f 906 12492 12491
f 905 12492 906
f 905 12493 12492
f 904 12493 905
f 904 12494 12493
f 903 12494 904
f 903 12495 12494
f 902 12495 903
f 902 12496 12495
f 901 12496 902
f 901 12497 12496
f 900 12497 901
f 900 12498 12497
f 899 12498 900
f 899 12499 12498
f 899 12500 12499
f 898 12500 899
f 898 12501 12500
f 897 12501 898
f 897 12502 12501
f 896 12502 897
f 896 12503 12502
f 895 12503 896
f 895 12504 12503
f 894 12505 12504
f 894 12504 895
f 893 12506 12505
f 893 12505 894
f 892 12507 12506
f 892 12506 893
f 891 12508 12507
f 891 12507 892
f 890 12509 12508
f 890 12508 891
f 889 12510 12509
f 889 12511 12510
f 889 12509 890
f 888 12512 12511
f 888 12511 889
f 860 859 12512
f 858 12512 859
f 12513 858 857
f 12513 12512 858
f 856 12513 857
f 855 12513 856
f 854 12513 855
f 887 861 860
f 887 12512 888
f 887 860 12512
f 853 12513 854
f 12514 12513 853
f 852 12514 853
f 851 12514 852
f 886 862 861
f 886 863 862
f 886 864 863
f 886 861 887
f 850 12514 851
f 12515 12514 850
f 885 864 886
f 885 865 864
f 848 12515 849
f 12516 12515 848
f 884 865 885
f 846 12516 847
f 883 866 884
f 881 867 882
f 868 867 881
f 880 868 881
f 879 868 880
f 879 869 868
f 878 869 879
f 878 870 869
f 877 870 878
f 871 870 877
f 876 871 877
f 875 871 876
f 875 872 871
f 874 872 875
f 874 873 872
f 975 959 976
f 987 12442 988
f 989 12441 990
f 991 12440 992
f 847 12516 848
f 849 12515 850
f 865 884 866
f 866 882 867
f 866 883 882
f 816 818 817
f 816 819 818
f 815 819 816
f 815 820 819
f 814 820 815
f 814 821 820
f 813 821 814
f 822 821 813
f 812 822 813
f 811 822 812
f 811 823 822
f 810 823 811
f 810 824 823
f 12517 840 839
f 809 824 810
f 12518 12517 838
f 12519 12518 837
f 836 12519 837
f 12520 12519 835
f 834 12520 835
f 806 826 825
f 806 825 807
f 833 12520 834
f 832 12520 833
f 12521 12520 832
f 12521 831 830
f 12521 832 831
f 805 827 826
f 805 828 827
f 805 829 828
f 805 826 806
f 804 12521 830
f 804 829 805
f 804 830 829
f 803 12521 804
f 803 12522 12521
f 803 12523 12522
f 802 12523 803
f 802 12524 12523
f 801 12524 802
f 801 12525 12524
f 800 12525 801
f 800 12526 12525
f 799 12526 800
f 799 12527 12526
f 798 12527 799
f 798 12528 12527
f 797 12530 12529
f 797 12528 798
f 797 12529 12528
f 796 12531 12530
f 796 12530 797
f 795 12532 12531
f 795 12531 796
f 794 12533 12532
f 794 12532 795
f 793 12534 12533
f 793 12533 794
f 792 12535 12534
f 792 12536 12535
f 792 12534 793
f 791 12537 12536
f 791 12536 792
f 790 12537 791
f 789 12538 12537
f 789 12537 790
f 788 12539 12538
f 788 12538 789
f 787 12540 12539
f 787 12539 788
f 786 12541 12540
f 786 12540 787
f 785 12542 12541
f 785 12541 786
f 784 12543 12542
f 784 12542 785
f 783 12544 12543
f 783 12543 784
f 782 12545 12544
f 782 12544 783
f 781 12545 782
f 781 12546 12545
f 780 12546 781
f 780 12547 12546
f 780 12548 12547
f 779 12548 780
f 779 12549 12548
f 778 12549 779
f 778 12550 12549
f 777 12550 778
f 776 12551 12550
f 776 12550 777
f 775 12551 776
f 775 12552 12551
f 774 12553 12552
f 774 12552 775
f 773 12554 12553
f 773 12553 774
f 772 12554 773
f 771 12555 12554
f 771 12554 772
f 770 12556 12555
f 770 12555 771
f 769 12557 12556
f 769 12556 770
f 768 12558 12557
f 768 12557 769
f 767 12559 12558
f 767 12558 768
f 766 12559 767
f 765 12560 12559
f 765 12559 766
f 764 12561 12560
f 764 12560 765
f 763 12562 12561
f 763 12561 764
f 762 12563 12562
f 762 12562 763
f 761 12563 762
f 760 12564 12563
f 760 12563 761
f 759 12565 12564
f 759 12564 760
f 758 12566 12565
f 758 12565 759
f 757 12567 12566
f 757 12566 758
f 756 12568 12567
f 756 12567 757
f 755 12568 756
f 755 12569 12568
f 754 12569 755
f 754 12570 12569
f 753 12570 754
f 753 12571 12570
f 752 12571 753
f 752 12572 12571
f 751 12572 752
f 751 12573 12572
f 750 12573 751
f 750 12574 12573
f 749 12574 750
f 749 12575 12574
f 748 12575 749
f 748 12576 12575
f 748 12577 12576
f 747 12577 748
f 747 12578 12577
f 746 12578 747
f 746 12579 12578
f 745 12579 746
f 745 12580 12579
f 744 12580 745
f 744 12581 12580
f 743 12581 744
f 743 12582 12581
f 742 12583 12582
f 742 12582 743
f 741 12584 12583
f 741 12583 742
f 740 12585 12584
f 740 12584 741
f 739 12586 12585
f 739 12585 740
f 738 12587 12586
f 738 12588 12587
f 738 12586 739
f 737 12589 12588
f 737 12588 738
f 709 708 12589
f 707 12589 708
f 12590 707 706
f 12590 12589 707
f 705 12590 706
f 704 12590 705
f 703 12590 704
f 736 710 709
f 736 12589 737
f 736 709 12589
f 702 12590 703
f 12591 12590 702
f 701 12591 702
f 700 12591 701
f 735 711 710
f 735 712 711
f 735 713 712
f 735 710 736
f 699 12591 700
f 12592 12591 699
f 734 713 735
f 734 714 713
f 697 12592 698
f 12593 12592 697
f 733 714 734
f 695 12593 696
f 732 715 733
f 730 716 731
f 717 716 730
f 729 717 730
f 728 717 729
f 728 718 717
f 727 718 728
f 727 719 718
f 726 719 727
f 720 719 726
f 725 720 726
f 724 720 725
f 724 721 720
f 723 721 724
f 723 722 721
f 824 809 825
f 809 808 825
f 808 807 825
f 835 12519 836
f 837 12518 838
f 838 12517 839
f 696 12593 697
f 698 12592 699
f 714 733 715
f 715 731 716
f 715 732 731
f 663 665 664
f 663 666 665
f 662 666 663
f 662 667 666
f 661 667 662
f 661 668 667
f 660 668 661
f 669 668 660
f 659 669 660
f 658 669 659
f 658 670 669
f 657 670 658
f 12594 689 688
f 656 670 657
f 656 671 670
f 12595 12594 687
f 12595 687 686
f 655 671 656
f 12596 12595 685
f 12596 685 684
f 654 672 655
f 12597 683 682
f 12597 12596 683
f 653 673 672
f 653 672 654
f 681 12597 682
f 680 12597 681
f 12598 12597 680
f 12598 679 678
f 12598 680 679
f 652 674 673
f 652 675 674
f 652 676 675
f 652 673 653
f 651 12598 678
f 651 676 652
f 651 677 676
f 651 678 677
f 650 12598 651
f 650 12599 12598
f 650 12600 12599
f 649 12600 650
f 649 12601 12600
f 648 12601 649
f 648 12602 12601
f 647 12602 648
f 647 12603 12602
f 646 12603 647
f 646 12604 12603
f 645 12605 12604
f 645 12604 646
f 644 12606 12605
f 644 12607 12606
f 644 12605 645
f 643 12608 12607
f 643 12607 644
f 642 12609 12608
f 642 12608 643
f 641 12610 12609
f 641 12609 642
f 640 12611 12610
f 640 12610 641
f 639 12612 12611
f 639 12613 12612
f 639 12611 640
f 638 12614 12613
f 638 12613 639
f 637 12614 638
f 636 12615 12614
f 636 12614 637
f 635 12616 12615
f 635 12615 636
f 634 12617 12616
f 634 12616 635
f 633 12618 12617
f 633 12617 634
f 632 12619 12618
f 632 12618 633
f 631 12620 12619
f 631 12619 632
f 630 12620 631
f 630 12621 12620
f 629 12621 630
f 629 12622 12621
f 628 12622 629
f 628 12623 12622
f 627 12623 628
f 627 12624 12623
f 627 12625 12624
f 626 12625 627
f 626 12626 12625
f 625 12627 12626
f 625 12626 626
f 624 12627 625
f 623 12628 12627
f 623 12627 624
f 622 12629 12628
f 622 12628 623
f 621 12629 622
f 621 12630 12629
f 620 12631 12630
f 620 12630 621
f 619 12631 620
f 618 12632 12631
f 618 12631 619
f 617 12633 12632
f 617 12632 618
f 616 12634 12633
f 616 12633 617
f 615 12635 12634
f 615 12634 616
f 614 12636 12635
f 614 12635 615
f 613 12636 614
f 612 12637 12636
f 612 12636 613
f 611 12638 12637
f 611 12637 612
f 610 12639 12638
f 610 12638 611
f 609 12640 12639
f 609 12639 610
f 608 12640 609
f 607 12641 12640
f 607 12640 608
f 606 12642 12641
f 606 12641 607
f 605 12643 12642
f 605 12642 606
f 604 12644 12643
f 604 12643 605
f 603 12644 604
f 603 12645 12644
f 602 12645 603
f 602 12646 12645
f 601 12646 602
f 601 12647 12646
f 600 12647 601
f 600 12648 12647
f 599 12648 600
f 599 12649 12648
f 598 12649 599
f 598 12650 12649
f 597 12650 598
f 597 12651 12650
f 596 12651 597
f 596 12652 12651
f 595 12652 596
f 595 12653 12652
f 595 12654 12653
f 594 12654 595
f 594 12655 12654
f 593 12655 594
f 593 12656 12655
f 592 12656 593
f 592 12657 12656
f 591 12657 592
f 591 12658 12657
f 590 12659 12658
f 590 12658 591
f 589 12660 12659
f 589 12659 590
f 588 12661 12660
f 588 12660 589
f 587 12662 12661
f 587 12661 588
f 586 12663 12662
f 586 12662 587
f 585 12664 12663
f 585 12665 12664
f 585 12663 586
f 584 12666 12665
f 584 12665 585
f 556 555 12666
f 554 12666 555
f 12667 554 553
f 12667 12666 554
f 552 12667 553
f 551 12667 552
f 550 12667 551
f 583 557 556
f 583 12666 584
f 583 556 12666
f 549 12667 550
f 12668 12667 549
f 548 12668 549
f 547 12668 548
f 582 558 557
f 582 559 558
f 582 560 559
f 582 557 583
f 546 12668 547
f 12669 12668 546
f 581 560 582
f 581 561 560
f 544 12669 545
f 12670 12669 544
f 580 561 581
f 542 12670 543
f 579 562 580
f 577 563 578
f 564 563 577
f 576 564 577
f 575 564 576
f 575 565 564
f 574 565 575
f 574 566 565
f 573 566 574
f 567 566 573
f 572 567 573
f 571 567 572
f 571 568 567
f 570 568 571
f 570 569 568
f 671 655 672
f 683 12596 684
f 685 12595 686
f 687 12594 688
f 543 12670 544
f 545 12669 546
f 561 580 562
f 562 578 563
f 562 579 578
f 510 512 511
f 510 513 512
f 509 513 510
f 509 514 513
f 508 514 509
f 508 515 514
f 507 515 508
f 516 515 507
f 506 516 507
f 505 516 506
f 505 517 516
f 504 517 505
f 12671 536 535
f 503 517 504
f 503 518 517
f 12672 12671 534
f 12672 534 533
f 502 518 503
f 12673 12672 532
f 12673 532 531
f 501 519 502
f 12674 530 529
f 12674 12673 530
f 500 520 519
f 500 519 501
f 528 12674 529
f 527 12674 528
f 12675 12674 527
f 12675 526 525
f 12675 527 526
f 499 521 520
f 499 522 521
f 499 523 522
f 499 520 500
f 498 12675 525
f 498 523 499
f 498 524 523
f 498 525 524
f 497 12675 498
f 497 12676 12675
f 497 12677 12676
f 496 12677 497
f 496 12678 12677
f 495 12678 496
f 495 12679 12678
f 494 12679 495
f 494 12680 12679
f 493 12680 494
f 493 12681 12680
f 492 12682 12681
f 492 12681 493
f 491 12683 12682
f 491 12684 12683
f 491 12682 492
f 490 12685 12684
f 490 12684 491
f 489 12686 12685
f 489 12685 490
f 488 12687 12686
f 488 12686 489
f 487 12688 12687
f 487 12687 488
f 486 12689 12688
f 486 12690 12689
f 486 12688 487
f 485 12691 12690
f 485 12690 486
f 484 12691 485
f 483 12692 12691
f 483 12691 484
f 482 12693 12692
f 482 12692 483
f 481 12694 12693
f 481 12693 482
f 480 12695 12694
f 480 12694 481
f 479 12696 12695
f 479 12695 480
f 478 12697 12696
f 478 12696 479
f 477 12697 478
f 477 12698 12697
f 476 12698 477
f 476 12699 12698
f 475 12699 476
f 475 12700 12699
f 474 12700 475
f 474 12701 12700
f 474 12702 12701
f 473 12702 474
f 473 12703 12702
f 472 12704 12703
f 472 12703 473
f 471 12704 472
f 470 12705 12704
f 470 12704 471
f 469 12706 12705
f 469 12705 470
f 468 12706 469
f 468 12707 12706
f 467 12708 12707
f 467 12707 468
f 466 12708 467
f 465 12709 12708
f 465 12708 466
f 464 12710 12709
f 464 12709 465
f 463 12711 12710
f 463 12710 464
f 462 12712 12711
f 462 12711 463
f 461 12713 12712
f 461 12712 462
f 460 12713 461
f 459 12714 12713
f 459 12713 460
f 458 12715 12714
f 458 12714 459
f 457 12716 12715
f 457 12715 458
f 456 12717 12716
f 456 12716 457
f 455 12717 456
f 454 12718 12717
f 454 12717 455
f 453 12719 12718
f 453 12718 454
f 452 12720 12719
f 452 12719 453
f 451 12721 12720
f 451 12720 452
f 450 12721 451
f 450 12722 12721
f 449 12722 450
f 449 12723 12722
f 448 12723 449
f 448 12724 12723
f 447 12724 448
f 447 12725 12724
f 446 12725 447
f 446 12726 12725
f 445 12726 446
f 445 12727 12726
f 444 12727 445
f 444 12728 12727
f 443 12728 444
f 443 12729 12728
f 442 12729 443
f 442 12730 12729
f 442 12731 12730
f 441 12731 442
f 441 12732 12731
f 440 12732 441
f 440 12733 12732
f 439 12733 440
f 439 12734 12733
f 438 12734 439
f 438 12735 12734
f 437 12736 12735
f 437 12735 438
f 436 12737 12736
f 436 12736 437
f 435 12738 12737
f 435 12737 436
f 434 12739 12738
f 434 12738 435
f 433 12740 12739
f 433 12739 434
f 432 12741 12740
f 432 12742 12741
f 432 12740 433
f 431 12743 12742
f 431 12742 432
f 403 402 12743
f 401 12743 402
f 12744 401 400
f 12744 12743 401
f 399 12744 400
f 398 12744 399
f 397 12744 398
f 430 404 403
f 430 12743 431
f 430 403 12743
f 396 12744 397
f 12745 12744 396
f 395 12745 396
f 394 12745 395
f 429 405 404
f 429 406 405
f 429 407 406
f 429 404 430
f 393 12745 394
f 12746 12745 393
f 428 407 429
f 428 408 407
f 391 12746 392
f 12747 12746 391
f 427 408 428
f 389 12747 390
f 426 409 427
f 424 410 425
f 411 410 424
f 423 411 424
f 422 411 423
f 422 412 411
f 421 412 422
f 421 413 412
f 420 413 421
f 414 413 420
f 419 414 420
f 418 414 419
f 418 415 414
f 417 415 418
f 417 416 415
f 518 502 519
f 530 12673 531
f 532 12672 533
f 534 12671 535
f 390 12747 391
f 392 12746 393
f 408 427 409
f 409 425 410
f 409 426 425
f 358 360 359
f 358 361 360
f 357 361 358
f 357 362 361
f 356 362 357
f 356 363 362
f 355 363 356
f 364 363 355
f 354 364 355
f 353 364 354
f 353 365 364
f 352 365 353
f 12748 383 382
f 351 365 352
f 351 366 365
f 12749 12748 381
f 350 366 351
f 12750 12749 380
f 379 12750 380
f 349 367 350
f 378 12750 379
f 12751 12750 378
f 377 12751 378
f 348 368 367
f 348 369 368
f 348 367 349
f 376 12751 377
f 375 12751 376
f 12752 12751 375
f 12752 375 374
f 347 370 369
f 347 371 370
f 347 372 371
f 347 369 348
f 346 12752 374
f 346 373 372
f 346 374 373
f 346 372 347
f 345 12752 346
f 345 12753 12752
f 345 12754 12753
f 344 12754 345
f 344 12755 12754
f 343 12755 344
f 343 12756 12755
f 342 12756 343
f 342 12757 12756
f 341 12757 342
f 341 12758 12757
f 340 12758 341
f 340 12759 12758
f 339 12759 340
f 339 12760 12759
f 339 12761 12760
f 338 12761 339
f 338 12762 12761
f 337 12762 338
f 337 12763 12762
f 336 12763 337
f 336 12764 12763
f 335 12764 336
f 335 12765 12764
f 334 12765 335
f 334 12766 12765
f 334 12767 12766
f 333 12768 12767
f 333 12767 334
f 332 12768 333
f 331 12769 12768
f 331 12768 332
f 330 12770 12769
f 330 12769 331
f 329 12771 12770
f 329 12770 330
f 328 12772 12771
f 328 12771 329
f 327 12773 12772
f 327 12772 328
f 326 12774 12773
f 326 12773 327
f 325 12775 12774
f 325 12774 326
f 324 12776 12775
f 324 12775 325
f 323 12777 12776
f 323 12776 324
f 322 12777 323
f 322 12778 12777
f 322 12779 12778
f 321 12779 322
f 321 12780 12779
f 320 12781 12780
f 320 12780 321
f 319 12782 12781
f 319 12781 320
f 318 12783 12782
f 318 12784 12783
f 318 12782 319
f 317 12785 12784
f 317 12784 318
f 316 12786 12785
f 316 12785 317
f 315 12787 12786
f 315 12786 316
f 314 12788 12787
f 314 12789 12788
f 314 12787 315
f 313 12790 12789
f 313 12789 314
f 312 12791 12790
f 312 12790 313
f 311 12792 12791
f 311 12791 312
f 310 12793 12792
f 310 12792 311
f 309 12794 12793
f 309 12795 12794
f 309 12793 310
f 308 12796 12795
f 308 12795 309
f 307 12797 12796
f 307 12796 308
f 306 12798 12797
f 306 12799 12798
f 306 12797 307
f 305 12800 12799
f 305 12799 306
f 304 12801 12800
f 304 12800 305
f 303 12802 12801
f 303 12801 304
f 302 12803 12802
f 302 12802 303
f 301 12804 12803
f 301 12803 302
f 300 12805 12804
f 300 12804 301
f 299 12805 300
f 299 12806 12805
f 298 12806 299
f 298 12807 12806
f 298 12808 12807
f 297 12808 298
f 297 12809 12808
f 296 12809 297
f 296 12810 12809
f 295 12810 296
f 295 12811 12810
f 294 12811 295
f 294 12812 12811
f 293 12812 294
f 293 12813 12812
f 292 12813 293
f 292 12814 12813
f 291 12814 292
f 291 12815 12814
f 290 12815 291
f 290 12816 12815
f 289 12816 290
f 289 12817 12816
f 288 12818 12817
f 288 12817 289
f 288 12819 12818
f 287 12819 288
f 287 12820 12819
f 259 258 12820
f 257 12820 258
f 12821 12820 257
f 12821 257 256
f 255 12821 256
f 254 12821 255
f 253 12821 254
f 286 12820 287
f 286 259 12820
f 286 260 259
f 252 12821 253
f 12822 12821 252
f 251 12822 252
f 250 12822 251
f 285 260 286
f 285 261 260
f 285 262 261
f 285 263 262
f 249 12822 250
f 12823 12822 249
f 284 264 263
f 284 263 285
f 247 12823 248
f 12824 12823 247
f 283 264 284
f 245 12824 246
f 282 265 283
f 280 266 281
f 267 266 280
f 279 267 280
f 278 267 279
f 278 268 267
f 277 268 278
f 277 269 268
f 276 269 277
f 270 269 276
f 275 270 276
f 274 270 275
f 274 271 270
f 273 271 274
f 273 272 271
f 366 350 367
f 380 12749 381
f 381 12748 382
f 246 12824 247
f 248 12823 249
f 264 283 265
f 265 281 266
f 265 282 281
f 215 217 216
f 215 218 217
f 214 218 215
f 214 219 218
f 213 219 214
f 213 220 219
f 212 220 213
f 221 220 212
f 211 221 212
f 210 221 211
f 210 222 221
f 209 222 210
f 12825 239 238
f 208 222 209
f 208 223 222
f 12826 12825 237
f 207 223 208
f 12827 12826 236
f 235 12827 236
f 234 12827 235
f 12828 12827 234
f 233 12828 234
f 205 225 224
f 205 224 206
f 232 12828 233
f 231 12828 232
f 12829 12828 231
f 12829 231 230
f 204 225 205
f 204 226 225
f 204 227 226
f 204 228 227
f 203 12829 230
f 203 228 204
f 203 229 228
f 203 230 229
f 202 12829 203
f 202 12830 12829
f 202 12831 12830
f 201 12831 202
f 201 12832 12831
f 200 12832 201
f 200 12833 12832
f 199 12833 200
f 199 12834 12833
f 198 12834 199
f 198 12835 12834
f 197 12835 198
f 197 12836 12835
f 196 12838 12837
f 196 12836 197
f 196 12837 12836
f 195 12839 12838
f 195 12838 196
f 194 12840 12839
f 194 12839 195
f 193 12841 12840
f 193 12840 194
f 192 12842 12841
f 192 12841 193
f 191 12843 12842
f 191 12844 12843
f 191 12842 192
f 190 12845 12844
f 190 12844 191
f 189 12845 190
f 188 12846 12845
f 188 12845 189
f 187 12847 12846
f 187 12846 188
f 186 12848 12847
f 186 12847 187
f 185 12849 12848
f 185 12848 186
f 184 12850 12849
f 184 12849 185
f 183 12851 12850
f 183 12850 184
f 182 12852 12851
f 182 12851 183
f 181 12853 12852
f 181 12852 182
f 180 12853 181
f 180 12854 12853
f 179 12854 180
f 179 12855 12854
f 179 12856 12855
f 178 12856 179
f 178 12857 12856
f 177 12857 178
f 177 12858 12857
f 176 12858 177
f 175 12859 12858
f 175 12858 176
f 174 12859 175
f 174 12860 12859
f 173 12861 12860
f 173 12860 174
f 172 12862 12861
f 172 12861 173
f 171 12862 172
f 170 12863 12862
f 170 12862 171
f 169 12864 12863
f 169 12863 170
f 168 12865 12864
f 168 12864 169
f 167 12866 12865
f 167 12865 168
f 166 12867 12866
f 166 12866 167
f 165 12867 166
f 164 12868 12867
f 164 12867 165
f 163 12869 12868
f 163 12868 164
f 162 12870 12869
f 162 12869 163
f 161 12871 12870
f 161 12870 162
f 160 12871 161
f 159 12872 12871
f 159 12871 160
f 158 12873 12872
f 158 12872 159
f 157 12874 12873
f 157 12873 158
f 156 12875 12874
f 156 12874 157
f 155 12876 12875
f 155 12875 156
f 154 12876 155
f 154 12877 12876
f 153 12877 154
f 153 12878 12877
f 152 12878 153
f 152 12879 12878
f 151 12879 152
f 151 12880 12879
f 150 12880 151
f 150 12881 12880
f 149 12881 150
f 149 12882 12881
f 148 12882 149
f 148 12883 12882
f 147 12883 148
f 147 12884 12883
f 147 12885 12884
f 146 12885 147
f 146 12886 12885
f 145 12886 146
f 145 12887 12886
f 144 12887 145
f 144 12888 12887
f 143 12888 144
f 143 12889 12888
f 142 12889 143
f 142 12890 12889
f 141 12891 12890
f 141 12890 142
f 140 12892 12891
f 140 12891 141
f 139 12893 12892
f 139 12892 140
f 138 12894 12893
f 138 12893 139
f 137 12895 12894
f 137 12896 12895
f 137 12894 138
f 136 12897 12896
f 136 12896 137
f 108 107 12897
f 106 12897 107
f 12898 106 105
f 12898 12897 106
f 104 12898 105
f 103 12898 104
f 102 12898 103
f 135 12897 136
f 135 109 108
f 135 108 12897
f 101 12898 102
f 12899 12898 101
f 100 12899 101
f 99 12899 100
f 134 109 135
f 134 110 109
f 134 111 110
f 134 112 111
f 98 12899 99
f 12900 12899 98
f 133 112 134
f 133 113 112
f 96 12900 97
f 12901 12900 96
f 132 113 133
f 94 12901 95
f 131 114 132
f 129 115 130
f 116 115 129
f 128 116 129
f 127 116 128
f 127 117 116
f 126 117 127
f 126 118 117
f 125 118 126
f 119 118 125
f 124 119 125
f 123 119 124
f 123 120 119
f 122 120 123
f 122 121 120
f 223 207 224
f 207 206 224
f 236 12826 237
f 237 12825 238
f 95 12901 96
f 97 12900 98
f 113 132 114
f 114 130 115
f 114 131 130
f 64 66 65
f 64 67 66
f 63 67 64
f 63 68 67
f 62 68 63
f 62 69 68
f 61 69 62
f 70 69 61
f 60 70 61
f 59 70 60
f 59 71 70
f 58 71 59
f 12902 88 87
f 72 71 58
f 57 72 58
f 12903 12902 86
f 56 72 57
f 12904 12903 85
f 84 12904 85
f 55 73 56
f 83 12904 84
f 12905 12904 83
f 82 12905 83
f 54 74 73
f 54 73 55
f 81 12905 82
f 80 12905 81
f 12906 12905 80
f 12906 80 79
f 53 75 74
f 53 76 75
f 53 77 76
f 53 74 54
f 52 12906 79
f 52 77 53
f 52 78 77
f 52 79 78
f 51 12906 52
f 51 12907 12906
f 51 12908 12907
f 50 12908 51
f 50 12909 12908
f 49 12909 50
f 49 12910 12909
f 48 12910 49
f 48 12911 12910
f 47 12911 48
f 47 12912 12911
f 46 12912 47
f 46 12913 12912
f 45 12915 12914
f 45 12913 46
f 45 12914 12913
f 44 12916 12915
f 44 12915 45
f 43 12917 12916
f 43 12916 44
f 42 12918 12917
f 42 12917 43
f 41 12919 12918
f 41 12918 42
f 40 12920 12919
f 40 12921 12920
f 40 12919 41
f 39 12922 12921
f 39 12921 40
f 38 12922 39
f 37 12923 12922
f 37 12922 38
f 36 12924 12923
f 36 12923 37
f 35 12925 12924
f 35 12924 36
f 34 12926 12925
f 34 12925 35
f 33 12927 12926
f 33 12926 34
f 32 12928 12927
f 32 12927 33
f 31 12929 12928
f 31 12928 32
f 30 12930 12929
f 30 12929 31
f 29 12930 30
f 29 12931 12930
f 28 12931 29
f 28 12932 12931
f 28 12933 12932
f 27 12933 28
f 27 12934 12933
f 26 12934 27
f 26 12935 12934
f 25 12935 26
f 24 12936 12935
f 24 12935 25
f 23 12936 24
f 23 12937 12936
f 22 12938 12937
f 22 12937 23
f 21 12939 12938
f 21 12938 22
f 20 12939 21
f 19 12940 12939
f 19 12939 20
f 18 12941 12940
f 18 12940 19
f 17 12942 12941
f 17 12941 18
f 16 12943 12942
f 16 12942 17
f 15 12944 12943
f 15 12943 16
f 14 12944 15
f 13 12945 12944
f 13 12944 14
f 12 12946 12945
f 12 12945 13
f 11 12947 12946
f 11 12946 12
f 10 12948 12947
f 10 12947 11
f 9 12948 10
f 8 12949 12948
f 8 12948 9
f 7 12950 12949
f 7 12949 8
f 6 12951 12950
f 6 12950 7
f 5 12952 12951
f 5 12951 6
f 4 12953 12952
f 4 12952 5
f 3 12953 4
f 3 12954 12953
f 2 12954 3
f 2 12955 12954
f 1 12955 2
f 1 12956 12955
f 2894 12956 1
f 2894 12957 12956
f 2893 12957 2894
f 2893 12958 12957
f 2892 12958 2893
f 2892 12959 12958
f 2891 12959 2892
f 2891 12960 12959
f 2890 12960 2891
f 2890 12961 12960
f 2890 12962 12961
f 2889 12962 2890
f 2889 12963 12962
f 2888 12963 2889
f 2888 12964 12963
f 2887 12964 2888
f 2887 12965 12964
f 2886 12965 2887
f 2886 12966 12965
f 2885 12966 2886
f 2885 12967 12966
f 2884 12968 12967
f 2884 12967 2885
f 2883 12969 12968
f 2883 12968 2884
f 2882 12970 12969
f 2882 12969 2883
f 2881 12971 12970
f 2881 12970 2882
f 2880 12972 12971
f 2880 12973 12972
f 2880 12971 2881
f 2879 12974 12973
f 2879 12973 2880
f 2851 2850 12974
f 2849 12974 2850
f 12975 2849 2848
f 12975 12974 2849
f 2847 12975 2848
f 2846 12975 2847
f 2845 12975 2846
f 2878 12974 2879
f 2878 2852 2851
f 2878 2851 12974
f 2844 12975 2845
f 12976 12975 2844
f 2843 12976 2844
f 2842 12976 2843
f 2877 2852 2878
f 2877 2853 2852
f 2877 2854 2853
f 2877 2855 2854
f 2841 12976 2842
f 12977 12976 2841
f 2876 2855 2877
f 2876 2856 2855
f 2839 12977 2840
f 12978 12977 2839
f 2875 2856 2876
f 2837 12978 2838
f 2874 2857 2875
f 2872 2858 2873
f 2859 2858 2872
f 2871 2859 2872
f 2870 2859 2871
f 2870 2860 2859
f 2869 2860 2870
f 2869 2861 2860
f 2868 2861 2869
f 2862 2861 2868
f 2867 2862 2868
f 2866 2862 2867
f 2866 2863 2862
f 2865 2863 2866
f 2865 2864 2863
f 72 56 73
f 85 12903 86
f 86 12902 87
f 2838 12978 2839
f 2840 12977 2841
f 2856 2875 2857
f 2857 2873 2858
f 2857 2874 2873
f 2805 2807 2806
f 2805 2808 2807
f 2804 2808 2805
f 2804 2809 2808
f 2803 2809 2804
f 2803 2810 2809
f 2802 2810 2803
f 2811 2810 2802
f 2801 2811 2802
f 2800 2811 2801
f 2800 2812 2811
f 2799 2812 2800
f 12979 2831 2830
f 2798 2812 2799
f 2798 2813 2812
f 12980 12979 2829
f 12980 2829 2828
f 2797 2813 2798
f 12981 12980 2827
f 12981 2827 2826
f 2796 2814 2797
f 12982 2825 2824
f 12982 12981 2825
f 2795 2815 2814
f 2795 2814 2796
f 2823 12982 2824
f 2822 12982 2823
f 12983 12982 2822
f 12983 2821 2820
f 12983 2822 2821
f 2794 2816 2815
f 2794 2815 2795
f 2794 2817 2816
f 2794 2818 2817
f 2793 12983 2820
f 2793 2818 2794
f 2793 2819 2818
f 2793 2820 2819
f 2792 12983 2793
f 2792 12984 12983
f 2792 12985 12984
f 2791 12985 2792
f 2791 12986 12985
f 2790 12986 2791
f 2790 12987 12986
f 2789 12987 2790
f 2789 12988 12987
f 2788 12988 2789
f 2788 12989 12988
f 2787 12990 12989
f 2787 12989 2788
f 2786 12991 12990
f 2786 12992 12991
f 2786 12990 2787
f 2785 12993 12992
f 2785 12992 2786
f 2784 12994 12993
f 2784 12993 2785
f 2783 12995 12994
f 2783 12994 2784
f 2782 12996 12995
f 2782 12995 2783
f 2781 12997 12996
f 2781 12998 12997
f 2781 12996 2782
f 2780 12999 12998
f 2780 12998 2781
f 2779 12999 2780
f 2778 13000 12999
f 2778 12999 2779
f 2777 13001 13000
f 2777 13000 2778
f 2776 13002 13001
f 2776 13001 2777
f 2775 13003 13002
f 2775 13002 2776
f 2774 13004 13003
f 2774 13003 2775
f 2773 13005 13004
f 2773 13004 2774
f 2772 13005 2773
f 2772 13006 13005
f 2771 13006 2772
f 2771 13007 13006
f 2770 13007 2771
f 2770 13008 13007
f 2769 13008 2770
f 2769 13009 13008
f 2769 13010 13009
f 2768 13010 2769
f 2768 13011 13010
f 2767 13012 13011
f 2767 13011 2768
f 2766 13012 2767
f 2765 13013 13012
f 2765 13012 2766
f 2764 13014 13013
f 2764 13013 2765
f 2763 13014 2764
f 2763 13015 13014
f 2762 13016 13015
f 2762 13015 2763
f 2761 13016 2762
f 2760 13017 13016
f 2760 13016 2761
f 2759 13018 13017
f 2759 13017 2760
f 2758 13019 13018
f 2758 13018 2759
f 2757 13020 13019
f 2757 13019 2758
f 2756 13021 13020
f 2756 13020 2757
f 2755 13021 2756
f 2754 13022 13021
f 2754 13021 2755
f 2753 13023 13022
f 2753 13022 2754
f 2752 13024 13023
f 2752 13023 2753
f 2751 13025 13024
f 2751 13024 2752
f 2750 13025 2751
f 2749 13026 13025
f 2749 13025 2750
f 2748 13027 13026
f 2748 13026 2749
f 2747 13028 13027
f 2747 13027 2748
f 2746 13029 13028
f 2746 13028 2747
f 2745 13029 2746
f 2745 13030 13029
f 2744 13030 2745
f 2744 13031 13030
f 2743 13031 2744
f 2743 13032 13031
f 2742 13032 2743
f 2742 13033 13032
f 2741 13033 2742
f 2741 13034 13033
f 2740 13034 2741
f 2740 13035 13034
f 2739 13035 2740
f 2739 13036 13035
f 2738 13036 2739
f 2738 13037 13036
f 2737 13037 2738
f 2737 13038 13037
f 2737 13039 13038
f 2736 13039 2737
f 2736 13040 13039
f 2735 13040 2736
f 2735 13041 13040
f 2734 13041 2735
f 2734 13042 13041
f 2733 13042 2734
f 2733 13043 13042
f 2732 13044 13043
f 2732 13043 2733
f 2731 13045 13044
f 2731 13044 2732
f 2730 13046 13045
f 2730 13045 2731
f 2729 13047 13046
f 2729 13046 2730
f 2728 13048 13047
f 2728 13047 2729
f 2727 13049 13048
f 2727 13050 13049
f 2727 13048 2728
f 2726 13051 13050
f 2726 13050 2727
f 2698 2697 13051
f 2696 13051 2697
f 13052 2696 2695
f 13052 13051 2696
f 2694 13052 2695
f 2693 13052 2694
f 2692 13052 2693
f 2725 2699 2698
f 2725 13051 2726
f 2725 2698 13051
f 2691 13052 2692
f 13053 13052 2691
f 2690 13053 2691
f 2689 13053 2690
f 2724 2700 2699
f 2724 2701 2700
f 2724 2702 2701
f 2724 2699 2725
f 2688 13053 2689
f 13054 13053 2688
f 2723 2702 2724
f 2723 2703 2702
f 2686 13054 2687
f 13055 13054 2686
f 2722 2703 2723
f 2684 13055 2685
f 2721 2704 2722
f 2719 2705 2720
f 2706 2705 2719
f 2718 2706 2719
f 2717 2706 2718
f 2717 2707 2706
f 2716 2707 2717
f 2716 2708 2707
f 2715 2708 2716
f 2709 2708 2715
f 2714 2709 2715
f 2713 2709 2714
f 2713 2710 2709
f 2712 2710 2713
f 2712 2711 2710
f 2813 2797 2814
f 2825 12981 2826
f 2827 12980 2828
f 2829 12979 2830
f 2685 13055 2686
f 2687 13054 2688
f 2703 2722 2704
f 2704 2720 2705
f 2704 2721 2720
f 2652 2654 2653
f 2652 2655 2654
f 2651 2655 2652
f 2651 2656 2655
f 2650 2656 2651
f 2650 2657 2656
f 2649 2657 2650
f 2658 2657 2649
f 2648 2658 2649
f 2647 2658 2648
f 2647 2659 2658
f 2646 2659 2647
f 13056 2678 2677
f 2660 2659 2646
f 2645 2660 2646
f 13057 13056 2676
f 13057 2676 2675
f 2644 2660 2645
f 13058 13057 2674
f 13058 2674 2673
f 2643 2661 2644
f 13059 2672 2671
f 13059 13058 2672
f 2642 2661 2643
f 2642 2662 2661
f 2670 13059 2671
f 2669 13059 2670
f 13060 2668 2667
f 13060 2669 2668
f 13060 13059 2669
f 2641 2663 2662
f 2641 2664 2663
f 2641 2665 2664
f 2641 2666 2665
f 2641 2662 2642
f 2640 2667 2666
f 2640 13060 2667
f 2640 2666 2641
f 2639 13060 2640
f 2639 13061 13060
f 2639 13062 13061
f 2638 13062 2639
f 2638 13063 13062
f 2637 13063 2638
f 2637 13064 13063
f 2636 13064 2637
f 2636 13065 13064
f 2635 13065 2636
f 2635 13066 13065
f 2634 13066 2635
f 2634 13067 13066
f 2633 13067 2634
f 2633 13068 13067
f 2633 13069 13068
f 2632 13069 2633
f 2632 13070 13069
f 2631 13070 2632
f 2631 13071 13070
f 2630 13071 2631
f 2630 13072 13071
f 2629 13072 2630
f 2629 13073 13072
f 2628 13075 13074
f 2628 13073 2629
f 2628 13074 13073
f 2627 13076 13075
f 2627 13075 2628
f 2626 13076 2627
f 2625 13077 13076
f 2625 13076 2626
f 2624 13078 13077
f 2624 13077 2625
f 2623 13079 13078
f 2623 13078 2624
f 2622 13080 13079
f 2622 13079 2623
f 2621 13081 13080
f 2621 13080 2622
f 2620 13082 13081
f 2620 13081 2621
f 2619 13083 13082
f 2619 13082 2620
f 2618 13084 13083
f 2618 13083 2619
f 2617 13084 2618
f 2617 13085 13084
f 2616 13085 2617
f 2616 13086 13085
f 2616 13087 13086
f 2615 13087 2616
f 2615 13088 13087
f 2614 13089 13088
f 2614 13088 2615
f 2613 13090 13089
f 2613 13089 2614
f 2612 13091 13090
f 2612 13092 13091
f 2612 13090 2613
f 2611 13093 13092
f 2611 13092 2612
f 2610 13094 13093
f 2610 13093 2611
f 2609 13095 13094
f 2609 13094 2610
f 2608 13096 13095
f 2608 13097 13096
f 2608 13095 2609
f 2607 13098 13097
f 2607 13097 2608
f 2606 13099 13098
f 2606 13098 2607
f 2605 13100 13099
f 2605 13099 2606
f 2604 13101 13100
f 2604 13100 2605
f 2603 13102 13101
f 2603 13103 13102
f 2603 13101 2604
f 2602 13104 13103
f 2602 13103 2603
f 2601 13105 13104
f 2601 13104 2602
f 2600 13106 13105
f 2600 13107 13106
f 2600 13105 2601
f 2599 13108 13107
f 2599 13107 2600
f 2598 13109 13108
f 2598 13108 2599
f 2597 13110 13109
f 2597 13109 2598
f 2596 13111 13110
f 2596 13110 2597
f 2595 13112 13111
f 2595 13111 2596
f 2594 13112 2595
f 2594 13113 13112
f 2593 13113 2594
f 2593 13114 13113
f 2592 13114 2593
f 2592 13115 13114
f 2592 13116 13115
f 2591 13116 2592
f 2591 13117 13116
f 2590 13117 2591
f 2590 13118 13117
f 2589 13118 2590
f 2589 13119 13118
f 2588 13119 2589
f 2588 13120 13119
f 2587 13120 2588
f 2587 13121 13120
f 2586 13121 2587
f 2586 13122 13121
f 2585 13122 2586
f 2585 13123 13122
f 2584 13123 2585
f 2584 13124 13123
f 2583 13125 13124
f 2583 13124 2584
f 2582 13126 13125
f 2582 13127 13126
f 2582 13125 2583
f 2581 13128 13127
f 2581 13127 2582
f 2553 2552 13128
f 2551 13128 2552
f 13129 13128 2551
f 13129 2551 2550
f 2549 13129 2550
f 2548 13129 2549
f 2547 13129 2548
f 2580 13128 2581
f 2580 2553 13128
f 2580 2554 2553
f 2546 13129 2547
f 13130 13129 2546
f 2545 13130 2546
f 2544 13130 2545
f 2579 2554 2580
f 2579 2555 2554
f 2579 2556 2555
f 2579 2557 2556
f 2543 13130 2544
f 13131 13130 2543
f 2578 2558 2557
f 2578 2557 2579
f 2541 13131 2542
f 13132 13131 2541
f 2577 2558 2578
f 2539 13132 2540
f 2576 2559 2577
f 2574 2560 2575
f 2561 2560 2574
f 2573 2561 2574
f 2572 2561 2573
f 2572 2562 2561
f 2571 2562 2572
f 2571 2563 2562
f 2570 2563 2571
f 2564 2563 2570
f 2569 2564 2570
f 2568 2564 2569
f 2568 2565 2564
f 2567 2565 2568
f 2567 2566 2565
f 2660 2644 2661
f 2672 13058 2673
f 2674 13057 2675
f 2676 13056 2677
f 2540 13132 2541
f 2542 13131 2543
f 2558 2577 2559
f 2559 2575 2560
f 2559 2576 2575
f 2509 2511 2510
f 2509 2512 2511
f 2508 2512 2509
f 2508 2513 2512
f 2507 2513 2508
f 2507 2514 2513
f 2506 2514 2507
f 2506 2515 2514
f 2505 2515 2506
f 2516 2515 2505
f 2504 2516 2505
f 2503 2516 2504
f 2503 2517 2516
f 13133 2533 2532
f 2502 2517 2503
f 13134 13133 2531
f 13135 13134 2530
f 2529 13135 2530
f 2528 13135 2529
f 13136 13135 2528
f 2527 13136 2528
f 2499 2519 2518
f 2499 2518 2500
f 2526 13136 2527
f 2525 13136 2526
f 13137 13136 2525
f 13137 2525 2524
f 2498 2520 2519
f 2498 2521 2520
f 2498 2522 2521
f 2498 2519 2499
f 2497 13137 2524
f 2497 2522 2498
f 2497 2523 2522
f 2497 2524 2523
f 2496 13137 2497
f 2496 13138 13137
f 2496 13139 13138
f 2495 13139 2496
f 2495 13140 13139
f 2494 13140 2495
f 2494 13141 13140
f 2493 13141 2494
f 2493 13142 13141
f 2492 13142 2493
f 2492 13143 13142
f 2491 13143 2492
f 2491 13144 13143
f 2490 13146 13145
f 2490 13144 2491
f 2490 13145 13144
f 2489 13147 13146
f 2489 13146 2490
f 2488 13148 13147
f 2488 13147 2489
f 2487 13149 13148
f 2487 13148 2488
f 2486 13150 13149
f 2486 13149 2487
f 2485 13151 13150
f 2485 13152 13151
f 2485 13150 2486
f 2484 13153 13152
f 2484 13152 2485
f 2483 13153 2484
f 2482 13154 13153
f 2482 13153 2483
f 2481 13155 13154
f 2481 13154 2482
f 2480 13156 13155
f 2480 13155 2481
f 2479 13157 13156
f 2479 13156 2480
f 2478 13158 13157
f 2478 13157 2479
f 2477 13159 13158
f 2477 13158 2478
f 2476 13160 13159
f 2476 13159 2477
f 2475 13161 13160
f 2475 13160 2476
f 2474 13161 2475
f 2474 13162 13161
f 2473 13162 2474
f 2473 13163 13162
f 2473 13164 13163
f 2472 13164 2473
f 2472 13165 13164
f 2471 13165 2472
f 2471 13166 13165
f 2470 13166 2471
f 2469 13167 13166
f 2469 13166 2470
f 2468 13167 2469
f 2468 13168 13167
f 2467 13169 13168
f 2467 13168 2468
f 2466 13170 13169
f 2466 13169 2467
f 2465 13170 2466
f 2464 13171 13170
f 2464 13170 2465
f 2463 13172 13171
f 2463 13171 2464
f 2462 13173 13172
f 2462 13172 2463
f 2461 13174 13173
f 2461 13173 2462
f 2460 13175 13174
f 2460 13174 2461
f 2459 13175 2460
f 2458 13176 13175
f 2458 13175 2459
f 2457 13177 13176
f 2457 13176 2458
f 2456 13178 13177
f 2456 13177 2457
f 2455 13179 13178
f 2455 13178 2456
f 2454 13179 2455
f 2453 13180 13179
f 2453 13179 2454
f 2452 13181 13180
f 2452 13180 2453
f 2451 13182 13181
f 2451 13181 2452
f 2450 13183 13182
f 2450 13182 2451
f 2449 13184 13183
f 2449 13183 2450
f 2448 13184 2449
f 2448 13185 13184
f 2447 13185 2448
f 2447 13186 13185
f 2446 13186 2447
f 2446 13187 13186
f 2445 13187 2446
f 2445 13188 13187
f 2444 13188 2445
f 2444 13189 13188
f 2443 13189 2444
f 2443 13190 13189
f 2442 13190 2443
f 2442 13191 13190
f 2441 13191 2442
f 2441 13192 13191
f 2441 13193 13192
f 2440 13193 2441
f 2440 13194 13193
f 2439 13194 2440
f 2439 13195 13194
f 2438 13195 2439
f 2438 13196 13195
f 2437 13196 2438
f 2437 13197 13196
f 2436 13197 2437
f 2436 13198 13197
f 2435 13199 13198
f 2435 13198 2436
f 2434 13200 13199
f 2434 13199 2435
f 2433 13201 13200
f 2433 13200 2434
f 2432 13202 13201
f 2432 13201 2433
f 2431 13203 13202
f 2431 13204 13203
f 2431 13202 2432
f 2430 13205 13204
f 2430 13204 2431
f 2402 2401 13205
f 2400 13205 2401
f 13206 2400 2399
f 13206 13205 2400
f 2398 13206 2399
f 2397 13206 2398
f 2396 13206 2397
f 2429 13205 2430
f 2429 2403 2402
f 2429 2402 13205
f 2395 13206 2396
f 13207 13206 2395
f 2394 13207 2395
f 2393 13207 2394
f 2428 2403 2429
f 2428 2404 2403
f 2428 2405 2404
f 2428 2406 2405
f 2392 13207 2393
f 13208 13207 2392
f 2427 2406 2428
f 2427 2407 2406
f 2390 13208 2391
f 13209 13208 2390
f 2426 2407 2427
f 2388 13209 2389
f 2425 2408 2426
f 2423 2409 2424
f 2410 2409 2423
f 2422 2410 2423
f 2421 2410 2422
f 2421 2411 2410
f 2420 2411 2421
f 2420 2412 2411
f 2419 2412 2420
f 2413 2412 2419
f 2418 2413 2419
f 2417 2413 2418
f 2417 2414 2413
f 2416 2414 2417
f 2416 2415 2414
f 2517 2502 2518
f 2502 2501 2518
f 2501 2500 2518
f 2530 13134 2531
f 2531 13133 2532
f 2389 13209 2390
f 2391 13208 2392
f 2407 2426 2408
f 2408 2424 2409
f 2408 2425 2424
f 2358 2360 2359
f 2358 2361 2360
f 2357 2361 2358
f 2357 2362 2361
f 2356 2362 2357
f 2356 2363 2362
f 2355 2363 2356
f 2364 2363 2355
f 2354 2364 2355
f 2353 2364 2354
f 2353 2365 2364
f 2352 2365 2353
f 13210 2382 2381
f 2351 2365 2352
f 2351 2366 2365
f 13211 13210 2380
f 2350 2366 2351
f 13212 13211 2379
f 2378 13212 2379
f 2377 13212 2378
f 13213 13212 2377
f 2376 13213 2377
f 2348 2368 2367
f 2348 2367 2349
f 2375 13213 2376
f 2374 13213 2375
f 13214 13213 2374
f 13214 2374 2373
f 2347 2368 2348
f 2347 2369 2368
f 2347 2370 2369
f 2347 2371 2370
f 2346 13214 2373
f 2346 2371 2347
f 2346 2372 2371
f 2346 2373 2372
f 2345 13214 2346
f 2345 13215 13214
f 2345 13216 13215
f 2344 13216 2345
f 2344 13217 13216
f 2343 13217 2344
f 2343 13218 13217
f 2342 13218 2343
f 2342 13219 13218
f 2341 13219 2342
f 2341 13220 13219
f 2340 13220 2341
f 2340 13221 13220
f 2339 13223 13222
f 2339 13221 2340
f 2339 13222 13221
f 2338 13224 13223
f 2338 13223 2339
f 2337 13225 13224
f 2337 13224 2338
f 2336 13226 13225
f 2336 13225 2337
f 2335 13227 13226
f 2335 13226 2336
f 2334 13228 13227
f 2334 13229 13228
f 2334 13227 2335
f 2333 13230 13229
f 2333 13229 2334
f 2332 13230 2333
f 2331 13231 13230
f 2331 13230 2332
f 2330 13232 13231
f 2330 13231 2331
f 2329 13233 13232
f 2329 13232 2330
f 2328 13234 13233
f 2328 13233 2329
f 2327 13235 13234
f 2327 13234 2328
f 2326 13236 13235
f 2326 13235 2327
f 2325 13237 13236
f 2325 13236 2326
f 2324 13238 13237
f 2324 13237 2325
f 2323 13238 2324
f 2323 13239 13238
f 2322 13239 2323
f 2322 13240 13239
f 2322 13241 13240
f 2321 13241 2322
f 2321 13242 13241
f 2320 13242 2321
f 2320 13243 13242
f 2319 13243 2320
f 2318 13244 13243
f 2318 13243 2319
f 2317 13244 2318
f 2317 13245 13244
f 2316 13246 13245
f 2316 13245 2317
f 2315 13247 13246
f 2315 13246 2316
f 2314 13247 2315
f 2313 13248 13247
f 2313 13247 2314
f 2312 13249 13248
f 2312 13248 2313
f 2311 13250 13249
f 2311 13249 2312
f 2310 13251 13250
f 2310 13250 2311
f 2309 13252 13251
f 2309 13251 2310
f 2308 13252 2309
f 2307 13253 13252
f 2307 13252 2308
f 2306 13254 13253
f 2306 13253 2307
f 2305 13255 13254
f 2305 13254 2306
f 2304 13256 13255
f 2304 13255 2305
f 2303 13256 2304
f 2302 13257 13256
f 2302 13256 2303
f 2301 13258 13257
f 2301 13257 2302
f 2300 13259 13258
f 2300 13258 2301
f 2299 13260 13259
f 2299 13259 2300
f 2298 13261 13260
f 2298 13260 2299
f 2297 13261 2298
f 2297 13262 13261
f 2296 13262 2297
f 2296 13263 13262
f 2295 13263 2296
f 2295 13264 13263
f 2294 13264 2295
f 2294 13265 13264
f 2293 13265 2294
f 2293 13266 13265
f 2292 13266 2293
f 2292 13267 13266
f 2291 13267 2292
f 2291 13268 13267
f 2290 13268 2291
f 2290 13269 13268
f 2290 13270 13269
f 2289 13270 2290
f 2289 13271 13270
f 2288 13271 2289
f 2288 13272 13271
f 2287 13272 2288
f 2287 13273 13272
f 2286 13273 2287
f 2286 13274 13273
f 2285 13274 2286
f 2285 13275 13274
f 2284 13276 13275
f 2284 13275 2285
f 2283 13277 13276
f 2283 13276 2284
f 2282 13278 13277
f 2282 13277 2283
f 2281 13279 13278
f 2281 13278 2282
f 2280 13280 13279
f 2280 13281 13280
f 2280 13279 2281
f 2279 13282 13281
f 2279 13281 2280
f 2251 2250 13282
f 2249 13282 2250
f 13283 2249 2248
f 13283 13282 2249
f 2247 13283 2248
f 2246 13283 2247
f 2245 13283 2246
f 2278 13282 2279
f 2278 2252 2251
f 2278 2251 13282
f 2244 13283 2245
f 13284 13283 2244
f 2243 13284 2244
f 2242 13284 2243
f 2277 2252 2278
f 2277 2253 2252
f 2277 2254 2253
f 2277 2255 2254
f 2241 13284 2242
f 13285 13284 2241
f 2276 2255 2277
f 2276 2256 2255
f 2239 13285 2240
f 13286 13285 2239
f 2275 2256 2276
f 2237 13286 2238
f 2274 2257 2275
f 2272 2258 2273
f 2259 2258 2272
f 2271 2259 2272
f 2270 2259 2271
f 2270 2260 2259
f 2269 2260 2270
f 2269 2261 2260
f 2268 2261 2269
f 2262 2261 2268
f 2267 2262 2268
f 2266 2262 2267
f 2266 2263 2262
f 2265 2263 2266
f 2265 2264 2263
f 2366 2350 2367
f 2350 2349 2367
f 2379 13211 2380
f 2380 13210 2381
f 2238 13286 2239
f 2240 13285 2241
f 2256 2275 2257
f 2257 2273 2258
f 2257 2274 2273
f 2207 2209 2208
f 2207 2210 2209
f 2206 2210 2207
f 2206 2211 2210
f 2205 2211 2206
f 2205 2212 2211
f 2204 2212 2205
f 2213 2212 2204
f 2203 2213 2204
f 2202 2213 2203
f 2202 2214 2213
f 2201 2214 2202
f 2201 2215 2214
f 13287 2231 2230
f 2200 2215 2201
f 13288 13287 2229
f 13289 13288 2228
f 2227 13289 2228
f 13290 13289 2226
f 2225 13290 2226
f 2197 2217 2216
f 2197 2216 2198
f 2224 13290 2225
f 2223 13290 2224
f 13291 13290 2223
f 13291 2222 2221
f 13291 2223 2222
f 2196 2218 2217
f 2196 2219 2218
f 2196 2220 2219
f 2196 2217 2197
f 2195 13291 2221
f 2195 2220 2196
f 2195 2221 2220
f 2194 13291 2195
f 2194 13292 13291
f 2194 13293 13292
f 2193 13293 2194
f 2193 13294 13293
f 2192 13294 2193
f 2192 13295 13294
f 2191 13295 2192
f 2191 13296 13295
f 2190 13296 2191
f 2190 13297 13296
f 2189 13297 2190
f 2189 13298 13297
f 2188 13300 13299
f 2188 13298 2189
f 2188 13299 13298
f 2187 13301 13300
f 2187 13300 2188
f 2186 13302 13301
f 2186 13301 2187
f 2185 13303 13302
f 2185 13302 2186
f 2184 13304 13303
f 2184 13303 2185
f 2183 13305 13304
f 2183 13306 13305
f 2183 13304 2184
f 2182 13307 13306
f 2182 13306 2183
f 2181 13307 2182
f 2180 13308 13307
f 2180 13307 2181
f 2179 13309 13308
f 2179 13308 2180
f 2178 13310 13309
f 2178 13309 2179
f 2177 13311 13310
f 2177 13310 2178
f 2176 13312 13311
f 2176 13311 2177
f 2175 13313 13312
f 2175 13312 2176
f 2174 13314 13313
f 2174 13313 2175
f 2173 13315 13314
f 2173 13314 2174
f 2172 13315 2173
f 2172 13316 13315
f 2171 13316 2172
f 2171 13317 13316
f 2171 13318 13317
f 2170 13318 2171
f 2170 13319 13318
f 2169 13319 2170
f 2169 13320 13319
f 2168 13320 2169
f 2167 13321 13320
f 2167 13320 2168
f 2166 13321 2167
f 2166 13322 13321
f 2165 13323 13322
f 2165 13322 2166
f 2164 13324 13323
f 2164 13323 2165
f 2163 13324 2164
f 2162 13325 13324
f 2162 13324 2163
f 2161 13326 13325
f 2161 13325 2162
f 2160 13327 13326
f 2160 13326 2161
f 2159 13328 13327
f 2159 13327 2160
f 2158 13329 13328
f 2158 13328 2159
f 2157 13329 2158
f 2156 13330 13329
f 2156 13329 2157
f 2155 13331 13330
f 2155 13330 2156
f 2154 13332 13331
f 2154 13331 2155
f 2153 13333 13332
f 2153 13332 2154
f 2152 13333 2153
f 2151 13334 13333
f 2151 13333 2152
f 2150 13335 13334
f 2150 13334 2151
f 2149 13336 13335
f 2149 13335 2150
f 2148 13337 13336
f 2148 13336 2149
f 2147 13338 13337
f 2147 13337 2148
f 2146 13338 2147
f 2146 13339 13338
f 2145 13339 2146
f 2145 13340 13339
f 2144 13340 2145
f 2144 13341 13340
f 2143 13341 2144
f 2143 13342 13341
f 2142 13342 2143
f 2142 13343 13342
f 2141 13343 2142
f 2141 13344 13343
f 2140 13344 2141
f 2140 13345 13344
f 2139 13345 2140
f 2139 13346 13345
f 2139 13347 13346
f 2138 13347 2139
f 2138 13348 13347
f 2137 13348 2138
f 2137 13349 13348
f 2136 13349 2137
f 2136 13350 13349
f 2135 13350 2136
f 2135 13351 13350
f 2134 13351 2135
f 2134 13352 13351
f 2133 13353 13352
f 2133 13352 2134
f 2132 13354 13353
f 2132 13353 2133
f 2131 13355 13354
f 2131 13354 2132
f 2130 13356 13355
f 2130 13355 2131
f 2129 13357 13356
f 2129 13358 13357
f 2129 13356 2130
f 2128 13359 13358
f 2128 13358 2129
f 2100 2099 13359
f 2098 13359 2099
f 13360 2098 2097
f 13360 13359 2098
f 2096 13360 2097
f 2095 13360 2096
f 2094 13360 2095
f 2127 2101 2100
f 2127 13359 2128
f 2127 2100 13359
f 2093 13360 2094
f 13361 13360 2093
f 2092 13361 2093
f 2091 13361 2092
f 2126 2102 2101
f 2126 2103 2102
f 2126 2104 2103
f 2126 2101 2127
f 2090 13361 2091
f 13362 13361 2090
f 2125 2104 2126
f 2125 2105 2104
f 2088 13362 2089
f 13363 13362 2088
f 2124 2105 2125
f 2086 13363 2087
f 2123 2106 2124
f 2121 2107 2122
f 2108 2107 2121
f 2120 2108 2121
f 2119 2108 2120
f 2119 2109 2108
f 2118 2109 2119
f 2118 2110 2109
f 2117 2110 2118
f 2111 2110 2117
f 2116 2111 2117
f 2115 2111 2116
f 2115 2112 2111
f 2114 2112 2115
f 2114 2113 2112
f 2215 2200 2216
f 2200 2199 2216
f 2199 2198 2216
f 2226 13289 2227
f 2228 13288 2229
f 2229 13287 2230
f 2087 13363 2088
f 2089 13362 2090
f 2105 2124 2106
f 2106 2122 2107
f 2106 2123 2122
f 2056 2058 2057
f 2056 2059 2058
f 2055 2059 2056
f 2055 2060 2059
f 2054 2060 2055
f 2054 2061 2060
f 2053 2061 2054
f 2062 2061 2053
f 2052 2062 2053
f 2051 2062 2052
f 2051 2063 2062
f 2050 2063 2051
f 13364 2080 2079
f 2049 2063 2050
f 2049 2064 2063
f 13365 13364 2078
f 2048 2064 2049
f 13366 13365 2077
f 2076 13366 2077
f 2075 13366 2076
f 13367 13366 2075
f 2074 13367 2075
f 2046 2066 2065
f 2046 2065 2047
f 2073 13367 2074
f 2072 13367 2073
f 13368 13367 2072
f 13368 2072 2071
f 2045 2067 2066
f 2045 2068 2067
f 2045 2069 2068
f 2045 2066 2046
f 2044 13368 2071
f 2044 2069 2045
f 2044 2070 2069
f 2044 2071 2070
f 2043 13368 2044
f 2043 13369 13368
f 2043 13370 13369
f 2042 13370 2043
f 2042 13371 13370
f 2041 13371 2042
f 2041 13372 13371
f 2040 13372 2041
f 2040 13373 13372
f 2039 13373 2040
f 2039 13374 13373
f 2038 13374 2039
f 2038 13375 13374
f 2037 13377 13376
f 2037 13375 2038
f 2037 13376 13375
f 2036 13378 13377
f 2036 13377 2037
f 2035 13379 13378
f 2035 13378 2036
f 2034 13380 13379
f 2034 13379 2035
f 2033 13381 13380
f 2033 13380 2034
f 2032 13382 13381
f 2032 13383 13382
f 2032 13381 2033
f 2031 13384 13383
f 2031 13383 2032
f 2030 13384 2031
f 2029 13385 13384
f 2029 13384 2030
f 2028 13386 13385
f 2028 13385 2029
f 2027 13387 13386
f 2027 13386 2028
f 2026 13388 13387
f 2026 13387 2027
f 2025 13389 13388
f 2025 13388 2026
f 2024 13390 13389
f 2024 13389 2025
f 2023 13391 13390
f 2023 13390 2024
f 2022 13392 13391
f 2022 13391 2023
f 2021 13392 2022
f 2021 13393 13392
f 2020 13393 2021
f 2020 13394 13393
f 2020 13395 13394
f 2019 13395 2020
f 2019 13396 13395
f 2018 13396 2019
f 2018 13397 13396
f 2017 13397 2018
f 2016 13398 13397
f 2016 13397 2017
f 2015 13398 2016
f 2015 13399 13398
f 2014 13400 13399
f 2014 13399 2015
f 2013 13401 13400
f 2013 13400 2014
f 2012 13401 2013
f 2011 13402 13401
f 2011 13401 2012
f 2010 13403 13402
f 2010 13402 2011
f 2009 13404 13403
f 2009 13403 2010
f 2008 13405 13404
f 2008 13404 2009
f 2007 13406 13405
f 2007 13405 2008
f 2006 13406 2007
f 2005 13407 13406
f 2005 13406 2006
f 2004 13408 13407
f 2004 13407 2005
f 2003 13409 13408
f 2003 13408 2004
f 2002 13410 13409
f 2002 13409 2003
f 2001 13410 2002
f 2000 13411 13410
f 2000 13410 2001
f 1999 13412 13411
f 1999 13411 2000
f 1998 13413 13412
f 1998 13412 1999
f 1997 13414 13413
f 1997 13413 1998
f 1996 13415 13414
f 1996 13414 1997
f 1995 13415 1996
f 1995 13416 13415
f 1994 13416 1995
f 1994 13417 13416
f 1993 13417 1994
f 1993 13418 13417
f 1992 13418 1993
f 1992 13419 13418
f 1991 13419 1992
f 1991 13420 13419
f 1990 13420 1991
f 1990 13421 13420
f 1989 13421 1990
f 1989 13422 13421
f 1988 13422 1989
f 1988 13423 13422
f 1988 13424 13423
f 1987 13424 1988
f 1987 13425 13424
f 1986 13425 1987
f 1986 13426 13425
f 1985 13426 1986
f 1985 13427 13426
f 1984 13427 1985
f 1984 13428 13427
f 1983 13428 1984
f 1983 13429 13428
f 1982 13430 13429
f 1982 13429 1983
f 1981 13431 13430
f 1981 13430 1982
f 1980 13432 13431
f 1980 13431 1981
f 1979 13433 13432
f 1979 13432 1980
f 1978 13434 13433
f 1978 13435 13434
f 1978 13433 1979
f 1977 13436 13435
f 1977 13435 1978
f 1949 1948 13436
f 1947 13436 1948
f 13437 1947 1946
f 13437 13436 1947
f 1945 13437 1946
f 1944 13437 1945
f 1943 13437 1944
f 1976 13436 1977
f 1976 1950 1949
f 1976 1949 13436
f 1942 13437 1943
f 13438 13437 1942
f 1941 13438 1942
f 1940 13438 1941
f 1975 1950 1976
f 1975 1951 1950
f 1975 1952 1951
f 1975 1953 1952
f 1939 13438 1940
f 13439 13438 1939
f 1974 1953 1975
f 1974 1954 1953
f 1937 13439 1938
f 13440 13439 1937
f 1973 1954 1974
f 1935 13440 1936
f 1972 1955 1973
f 1970 1956 1971
f 1957 1956 1970
f 1969 1957 1970
f 1968 1957 1969
f 1968 1958 1957
f 1967 1958 1968
f 1967 1959 1958
f 1966 1959 1967
f 1960 1959 1966
f 1965 1960 1966
f 1964 1960 1965
f 1964 1961 1960
f 1963 1961 1964
f 1963 1962 1961
f 2064 2048 2065
f 2048 2047 2065
f 2077 13365 2078
f 2078 13364 2079
f 1936 13440 1937
f 1938 13439 1939
f 1954 1973 1955
f 1955 1971 1956
f 1955 1972 1971
f 1905 1907 1906
f 1905 1908 1907
f 1904 1908 1905
f 1904 1909 1908
f 1903 1909 1904
f 1903 1910 1909
f 1902 1910 1903
f 1911 1910 1902
f 1901 1911 1902
f 1900 1911 1901
f 1900 1912 1911
f 1899 1912 1900
f 13441 1929 1928
f 1898 1912 1899
f 1898 1913 1912
f 13442 13441 1927
f 1897 1913 1898
f 13443 13442 1926
f 1925 13443 1926
f 1924 13443 1925
f 13444 13443 1924
f 1923 13444 1924
f 1895 1915 1914
f 1895 1914 1896
f 1922 13444 1923
f 1921 13444 1922
f 13445 1921 1920
f 13445 13444 1921
f 1894 1915 1895
f 1894 1916 1915
f 1894 1917 1916
f 1894 1918 1917
f 1893 1919 1918
f 1893 1920 1919
f 1893 1918 1894
f 1893 13445 1920
f 1892 13445 1893
f 1892 13446 13445
f 1892 13447 13446
f 1891 13447 1892
f 1891 13448 13447
f 1890 13448 1891
f 1890 13449 13448
f 1889 13449 1890
f 1889 13450 13449
f 1888 13450 1889
f 1888 13451 13450
f 1887 13451 1888
f 1887 13452 13451
f 1886 13452 1887
f 1886 13453 13452
f 1886 13454 13453
f 1885 13454 1886
f 1885 13455 13454
f 1884 13455 1885
f 1884 13456 13455
f 1883 13456 1884
f 1883 13457 13456
f 1882 13457 1883
f 1882 13458 13457
f 1881 13458 1882
f 1881 13459 13458
f 1881 13460 13459
f 1880 13460 1881
f 1880 13461 13460
f 1879 13461 1880
f 1878 13462 13461
f 1878 13461 1879
f 1877 13463 13462
f 1877 13462 1878
f 1876 13464 13463
f 1876 13463 1877
f 1875 13465 13464
f 1875 13464 1876
f 1874 13466 13465
f 1874 13465 1875
f 1873 13467 13466
f 1873 13466 1874
f 1872 13468 13467
f 1872 13467 1873
f 1871 13469 13468
f 1871 13468 1872
f 1870 13470 13469
f 1870 13469 1871
f 1869 13471 13470
f 1869 13472 13471
f 1869 13470 1870
f 1868 13473 13472
f 1868 13472 1869
f 1867 13473 1868
f 1867 13474 13473
f 1866 13475 13474
f 1866 13474 1867
f 1865 13475 1866
f 1865 13476 13475
f 1865 13477 13476
f 1864 13478 13477
f 1864 13477 1865
f 1863 13479 13478
f 1863 13478 1864
f 1862 13480 13479
f 1862 13479 1863
f 1861 13481 13480
f 1861 13482 13481
f 1861 13480 1862
f 1860 13483 13482
f 1860 13482 1861
f 1859 13484 13483
f 1859 13483 1860
f 1858 13485 13484
f 1858 13484 1859
f 1857 13486 13485
f 1857 13485 1858
f 1856 13487 13486
f 1856 13488 13487
f 1856 13486 1857
f 1855 13489 13488
f 1855 13488 1856
f 1854 13490 13489
f 1854 13489 1855
f 1853 13491 13490
f 1853 13492 13491
f 1853 13490 1854
f 1852 13493 13492
f 1852 13492 1853
f 1851 13494 13493
f 1851 13493 1852
f 1850 13495 13494
f 1850 13494 1851
f 1849 13496 13495
f 1849 13495 1850
f 1848 13497 13496
f 1848 13496 1849
f 1847 13498 13497
f 1847 13497 1848
f 1846 13498 1847
f 1846 13499 13498
f 1845 13499 1846
f 1845 13500 13499
f 1845 13501 13500
f 1844 13501 1845
f 1844 13502 13501
f 1843 13502 1844
f 1843 13503 13502
f 1842 13503 1843
f 1842 13504 13503
f 1841 13504 1842
f 1841 13505 13504
f 1840 13505 1841
f 1840 13506 13505
f 1839 13506 1840
f 1839 13507 13506
f 1838 13507 1839
f 1838 13508 13507
f 1837 13508 1838
f 1837 13509 13508
f 1836 13509 1837
f 1836 13510 13509
f 1835 13510 1836
f 1835 13511 13510
f 1835 13512 13511
f 1834 13512 1835
f 1834 13513 13512
f 1806 1805 13513
f 1804 13513 1805
f 13514 13513 1804
f 13514 1804 1803
f 1802 13514 1803
f 1801 13514 1802
f 1800 13514 1801
f 1833 13513 1834
f 1833 1806 13513
f 1833 1807 1806
f 1799 13514 1800
f 13515 13514 1799
f 1798 13515 1799
f 1797 13515 1798
f 1832 1807 1833
f 1832 1808 1807
f 1832 1809 1808
f 1832 1810 1809
f 1796 13515 1797
f 13516 13515 1796
f 1831 1811 1810
f 1831 1810 1832
f 1794 13516 1795
f 13517 13516 1794
f 1830 1811 1831
f 1792 13517 1793
f 1829 1812 1830
f 1827 1813 1828
f 1814 1813 1827
f 1826 1814 1827
f 1825 1814 1826
f 1825 1815 1814
f 1824 1815 1825
f 1824 1816 1815
f 1823 1816 1824
f 1817 1816 1823
f 1822 1817 1823
f 1821 1817 1822
f 1821 1818 1817
f 1820 1818 1821
f 1820 1819 1818
f 1913 1897 1914
f 1897 1896 1914
f 1926 13442 1927
f 1927 13441 1928
f 1793 13517 1794
f 1795 13516 1796
f 1811 1830 1812
f 1812 1828 1813
f 1812 1829 1828
f 1760 1762 1761
f 1760 1763 1762
f 1759 1763 1760
f 1759 1764 1763
f 1758 1764 1759
f 1758 1765 1764
f 1757 1765 1758
f 1766 1765 1757
f 1756 1766 1757
f 1755 1766 1756
f 1755 1767 1766
f 1754 1767 1755
f 13518 1786 1785
f 1753 1767 1754
f 1753 1768 1767
f 13519 13518 1784
f 13519 1784 1783
f 1752 1768 1753
f 13520 13519 1782
f 13520 1782 1781
f 1751 1769 1752
f 13521 1780 1779
f 13521 13520 1780
f 1750 1770 1769
f 1750 1769 1751
f 1778 13521 1779
f 1777 13521 1778
f 13522 13521 1777
f 13522 1776 1775
f 13522 1777 1776
f 1749 1771 1770
f 1749 1772 1771
f 1749 1773 1772
f 1749 1770 1750
f 1748 13522 1775
f 1748 1773 1749
f 1748 1774 1773
f 1748 1775 1774
f 1747 13522 1748
f 1747 13523 13522
f 1747 13524 13523
f 1746 13524 1747
f 1746 13525 13524
f 1745 13525 1746
f 1745 13526 13525
f 1744 13526 1745
f 1744 13527 13526
f 1743 13527 1744
f 1743 13528 13527
f 1742 13529 13528
f 1742 13528 1743
f 1741 13530 13529
f 1741 13531 13530
f 1741 13529 1742
f 1740 13532 13531
f 1740 13531 1741
f 1739 13533 13532
f 1739 13532 1740
f 1738 13534 13533
f 1738 13533 1739
f 1737 13535 13534
f 1737 13534 1738
f 1736 13536 13535
f 1736 13537 13536
f 1736 13535 1737
f 1735 13538 13537
f 1735 13537 1736
f 1734 13538 1735
f 1733 13539 13538
f 1733 13538 1734
f 1732 13540 13539
f 1732 13539 1733
f 1731 13541 13540
f 1731 13540 1732
f 1730 13542 13541
f 1730 13541 1731
f 1729 13543 13542
f 1729 13542 1730
f 1728 13544 13543
f 1728 13543 1729
f 1727 13544 1728
f 1727 13545 13544
f 1726 13545 1727
f 1726 13546 13545
f 1725 13546 1726
f 1725 13547 13546
f 1724 13547 1725
f 1724 13548 13547
f 1724 13549 13548
f 1723 13549 1724
f 1723 13550 13549
f 1722 13551 13550
f 1722 13550 1723
f 1721 13551 1722
f 1720 13552 13551
f 1720 13551 1721
f 1719 13553 13552
f 1719 13552 1720
f 1718 13553 1719
f 1718 13554 13553
f 1717 13555 13554
f 1717 13554 1718
f 1716 13555 1717
f 1715 13556 13555
f 1715 13555 1716
f 1714 13557 13556
f 1714 13556 1715
f 1713 13558 13557
f 1713 13557 1714
f 1712 13559 13558
f 1712 13558 1713
f 1711 13560 13559
f 1711 13559 1712
f 1710 13560 1711
f 1709 13561 13560
f 1709 13560 1710
f 1708 13562 13561
f 1708 13561 1709
f 1707 13563 13562
f 1707 13562 1708
f 1706 13564 13563
f 1706 13563 1707
f 1705 13564 1706
f 1704 13565 13564
f 1704 13564 1705
f 1703 13566 13565
f 1703 13565 1704
f 1702 13567 13566
f 1702 13566 1703
f 1701 13568 13567
f 1701 13567 1702
f 1700 13568 1701
f 1700 13569 13568
f 1699 13569 1700
f 1699 13570 13569
f 1698 13570 1699
f 1698 13571 13570
f 1697 13571 1698
f 1697 13572 13571
f 1696 13572 1697
f 1696 13573 13572
f 1695 13573 1696
f 1695 13574 13573
f 1694 13574 1695
f 1694 13575 13574
f 1693 13575 1694
f 1693 13576 13575
f 1692 13576 1693
f 1692 13577 13576
f 1692 13578 13577
f 1691 13578 1692
f 1691 13579 13578
f 1690 13579 1691
f 1690 13580 13579
f 1689 13580 1690
f 1689 13581 13580
f 1688 13581 1689
f 1688 13582 13581
f 1687 13583 13582
f 1687 13582 1688
f 1686 13584 13583
f 1686 13583 1687
f 1685 13585 13584
f 1685 13584 1686
f 1684 13586 13585
f 1684 13585 1685
f 1683 13587 13586
f 1683 13586 1684
f 1682 13588 13587
f 1682 13589 13588
f 1682 13587 1683
f 1681 13590 13589
f 1681 13589 1682
f 1653 1652 13590
f 1651 13590 1652
f 13591 1651 1650
f 13591 13590 1651
f 1649 13591 1650
f 1648 13591 1649
f 1647 13591 1648
f 1680 1654 1653
f 1680 13590 1681
f 1680 1653 13590
f 1646 13591 1647
f 13592 13591 1646
f 1645 13592 1646
f 1644 13592 1645
f 1679 1655 1654
f 1679 1656 1655
f 1679 1657 1656
f 1679 1654 1680
f 1643 13592 1644
f 13593 13592 1643
f 1678 1657 1679
f 1678 1658 1657
f 1641 13593 1642
f 13594 13593 1641
f 1677 1658 1678
f 1639 13594 1640
f 1676 1659 1677
f 1674 1660 1675
f 1661 1660 1674
f 1673 1661 1674
f 1672 1661 1673
f 1672 1662 1661
f 1671 1662 1672
f 1671 1663 1662
f 1670 1663 1671
f 1664 1663 1670
f 1669 1664 1670
f 1668 1664 1669
f 1668 1665 1664
f 1667 1665 1668
f 1667 1666 1665
f 1768 1752 1769
f 1780 13520 1781
f 1782 13519 1783
f 1784 13518 1785
f 1640 13594 1641
f 1642 13593 1643
f 1658 1677 1659
f 1659 1675 1660
f 1659 1676 1675
f 13596 12283 12282
f 13596 12282 13595
f 13597 12285 12283
f 13597 12283 13596
f 13597 12284 12285
f 13597 13598 12284
f 13598 12282 12284
f 13598 13595 12282
f 13596 13595 13598
f 13596 13598 13597
